timestamp,temperature_c,ph,pressure_stage1_bar,pressure_stage2_bar,tds_stage1_mg_l,tds_stage2_mg_l,turbidity_ntu,cod_mg_l,total_n_mg_l,total_p_mg_l,sec_kwh_m3
2021-01-01 0:00,4.7,7.98,59.74,26.86,35.28,0.67,5,1.37,0.403,0.031,3.65
2021-01-01 1:00,4.16,7.98,57.52,26.58,36.07,0.68,5,1.42,0.401,0.032,3.63
2021-01-01 2:00,4.73,7.97,57.49,26.55,36.16,0.69,5,1.87,0.38,0.029,3.62
2021-01-01 3:00,4.98,7.97,57.5,26.56,36.16,0.69,5,0.84,0.38,0.031,3.62
2021-01-01 4:00,5.03,7.99,59.46,26.51,36.28,0.69,5,0.0,0.38,0.032,3.62
2021-01-01 5:00,5.01,7.99,61.48,26.53,36.22,0.68,5,1.08,0.0,0.029,3.62
2021-01-01 6:00,5.05,7.99,57.44,26.49,36.34,0.69,5,0.82,0.407,0.029,3.62
2021-01-01 7:00,5.11,7.98,57.39,26.42,36.53,0.69,5,0.7,0.398,0.027,3.61
2021-01-01 8:00,5.54,7.99,57.45,26.5,36.31,0.69,5,1.24,0.363,0.027,3.62
2021-01-01 9:00,4.89,7.99,55.56,26.66,35.85,0.68,5,1.23,0.371,0.032,3.63
2021-01-01 10:00,4.92,7.97,57.55,26.62,35.94,0.68,5,1.52,0.38,0.028,3.63
2021-01-01 11:00,5.01,7.97,57.48,26.53,36.22,0.69,5,1.46,0.39,0.031,3.62
2021-01-01 12:00,5.11,7.97,59.69,26.42,36.53,0.7,5,0.95,0.417,0.032,3.61
2021-01-01 13:00,5.15,7.96,57.36,26.38,36.65,0.7,5,1.55,0.428,0.034,3.61
2021-01-01 14:00,4.84,7.97,63.14,26.43,36.5,0.7,5,0.97,0.433,0.032,3.62
2021-01-01 15:00,4.94,7.99,59.84,26.6,36.0,0.68,5,1.17,0.423,0.029,3.63
2021-01-01 16:00,4.97,8.0,57.51,26.57,36.1,0.68,5,1.02,0.445,0.035,3.63
2021-01-01 17:00,5.31,8.0,57.48,26.53,36.22,0.68,5,1.44,0.428,0.035,3.62
2021-01-01 18:00,5.03,8.0,55.45,26.51,36.28,0.68,5,1.17,0.419,0.034,3.62
2021-01-01 19:00,5.01,8.0,55.47,26.53,36.22,0.68,5,1.04,0.399,0.032,3.62
2021-01-01 20:00,4.99,8.01,59.79,26.55,36.16,0.68,5,1.3,0.399,0.029,3.62
2021-01-01 21:00,4.93,8.0,63.29,26.61,35.97,0.68,5,1.36,0.379,0.03,3.63
2021-01-01 22:00,5.72,8.0,57.55,26.62,35.94,0.68,5,1.34,0.401,0.029,3.63
2021-01-01 23:00,5.2,7.98,63.49,26.82,35.37,0.67,5,0.0,0.397,0.029,3.64
2021-01-02 0:00,4.77,7.98,55.66,26.78,35.49,0.67,5,1.63,0.377,0.025,3.64
2021-01-02 1:00,4.21,7.97,57.76,26.88,35.22,0.67,5,1.2,0.365,0.029,3.65
2021-01-02 2:00,4.79,7.96,57.76,26.76,35.55,0.68,5,1.61,0.362,0.027,3.64
2021-01-02 3:00,4.79,7.97,57.66,26.76,35.55,0.68,5,1.28,0.357,0.028,3.64
2021-01-02 4:00,4.73,7.98,57.72,26.82,35.37,0.67,5,1.63,0.385,0.031,3.64
2021-01-02 5:00,4.75,7.98,63.47,26.8,35.43,0.67,5,2.2,0.385,0.029,3.64
2021-01-02 6:00,4.72,7.97,57.72,26.83,35.34,0.67,5,1.59,0.385,0.029,3.65
2021-01-02 7:00,4.7,7.97,57.74,26.86,35.28,0.67,5,2.07,0.0,0.029,3.65
2021-01-02 8:00,4.68,7.98,57.76,26.88,35.22,0.67,5,1.84,0.395,0.03,3.65
2021-01-02 9:00,4.61,7.98,57.82,26.95,35.01,0.66,5,2.39,0.381,0.03,3.65
2021-01-02 10:00,4.65,7.97,57.78,26.91,35.13,0.67,5,2.21,0.382,0.028,3.65
2021-01-02 11:00,4.78,7.96,57.67,26.77,35.52,0.68,5,1.4,0.375,0.03,3.64
2021-01-02 12:00,4.87,7.96,57.6,26.68,35.8,0.68,5,1.0,0.414,0.033,3.63
2021-01-02 13:00,5.03,7.95,57.46,26.51,36.28,0.7,5,0.0,0.422,0.032,3.62
2021-01-02 14:00,5.22,7.95,57.3,26.31,36.87,0.71,5,0.99,0.426,0.032,3.61
2021-01-02 15:00,5.04,7.95,57.45,26.5,36.31,0.7,5,1.12,0.436,0.032,3.62
2021-01-02 16:00,5.0,7.99,55.48,26.54,36.19,0.68,5,1.46,0.444,0.033,3.62
2021-01-02 17:00,4.88,8.01,60.59,26.67,35.82,0.67,5,1.48,0.453,0.032,3.63
2021-01-02 18:00,4.86,8.01,57.61,26.69,35.76,0.67,5,1.31,0.439,0.03,3.63
2021-01-02 19:00,5.06,8.01,57.68,26.78,35.49,0.66,5,1.3,0.427,0.031,3.64
2021-01-02 20:00,4.79,8.01,57.66,26.76,35.55,0.67,5,2.01,0.427,0.03,3.64
2021-01-02 21:00,4.8,8.01,60.65,26.75,35.58,0.67,5,1.4,0.426,0.031,3.64
2021-01-02 22:00,4.51,8.0,57.68,26.78,35.49,0.67,5,1.14,0.425,0.033,3.64
2021-01-02 23:00,4.75,7.99,57.7,26.8,35.43,0.67,5,1.15,0.438,0.029,3.64
2021-01-03 0:00,5.07,7.98,57.68,26.78,35.49,0.67,5,1.59,0.424,0.033,3.64
2021-01-03 1:00,4.75,7.98,55.7,26.8,35.43,0.67,5,1.93,0.438,0.031,3.64
2021-01-03 2:00,4.71,7.96,57.73,26.85,35.31,0.67,5,1.57,0.425,0.028,3.65
2021-01-03 3:00,4.77,7.95,57.68,26.78,35.49,0.68,5,1.83,0.422,0.028,3.64
2021-01-03 4:00,4.57,7.96,57.85,26.99,34.9,0.66,5,1.87,0.409,0.031,3.65
2021-01-03 5:00,4.49,7.96,57.92,27.08,34.66,0.66,5,1.97,0.413,0.029,3.66
2021-01-03 6:00,4.53,7.96,57.89,27.04,34.78,0.66,5,1.9,0.414,0.031,3.66
2021-01-03 7:00,4.53,7.96,60.89,27.04,34.78,0.66,5,1.82,0.414,0.028,3.66
2021-01-03 8:00,4.48,7.97,57.93,27.09,34.63,0.66,5,1.91,0.414,0.03,3.67
2021-01-03 9:00,4.76,7.97,60.95,27.11,34.57,0.65,5,1.85,0.0,0.032,3.67
2021-01-03 10:00,4.24,7.97,57.91,27.07,34.69,0.66,5,1.68,0.389,0.033,3.66
2021-01-03 11:00,4.59,7.95,59.84,26.97,34.96,0.67,5,1.23,0.377,0.028,3.65
2021-01-03 12:00,4.71,7.96,57.73,26.85,35.31,0.67,5,1.3,0.379,0.032,3.65
2021-01-03 13:00,5.23,7.95,55.7,26.8,35.43,0.68,5,0.64,0.37,0.029,3.64
2021-01-03 14:00,4.91,7.94,57.56,26.63,35.92,0.69,5,1.14,0.379,0.031,3.63
2021-01-03 15:00,4.76,7.93,57.69,26.79,35.47,0.68,5,0.82,0.374,0.031,3.64
2021-01-03 16:00,4.58,7.94,54.84,26.98,34.93,0.67,5,0.68,0.392,0.032,3.65
2021-01-03 17:00,4.62,7.97,57.81,26.94,35.04,0.66,5,1.11,0.375,0.031,3.65
2021-01-03 18:00,5.01,7.99,54.73,26.85,35.31,0.67,5,1.03,0.369,0.034,3.65
2021-01-03 19:00,4.65,7.99,57.78,26.91,35.13,0.66,5,0.91,0.372,0.032,3.65
2021-01-03 20:00,4.61,8.0,57.82,26.95,35.01,0.66,5,1.0,0.366,0.029,3.65
2021-01-03 21:00,4.57,7.99,57.85,26.99,34.89,0.66,5,1.22,0.373,0.03,3.65
2021-01-03 22:00,4.31,7.99,52.07,26.99,34.89,0.66,5,1.27,0.379,0.031,3.65
2021-01-03 23:00,4.47,7.99,57.94,27.1,34.6,0.65,5,1.45,0.358,0.032,3.67
2021-01-04 0:00,4.47,7.97,57.94,27.1,34.6,0.66,5,1.48,0.341,0.028,3.67
2021-01-04 1:00,4.78,7.97,57.9,27.06,34.72,0.66,5,1.65,0.36,0.03,3.66
2021-01-04 2:00,4.17,7.97,57.94,27.1,34.6,0.66,5,1.8,0.355,0.027,3.67
2021-01-04 3:00,5.08,7.95,60.25,27.09,34.63,0.66,5,1.25,0.353,0.029,3.67
2021-01-04 4:00,4.44,7.95,55.96,27.13,34.52,0.66,5,1.04,0.354,0.03,3.67
2021-01-04 5:00,4.45,7.95,60.96,27.12,34.54,0.66,5,1.56,0.332,0.025,3.67
2021-01-04 6:00,4.12,7.98,58.01,27.2,34.34,0.65,5,1.67,0.34,0.029,3.67
2021-01-04 7:00,4.35,7.97,58.04,27.23,34.25,0.65,5,1.76,0.356,0.029,3.67
2021-01-04 8:00,4.21,7.97,58.01,27.2,34.34,0.65,5,1.24,0.358,0.032,3.67
2021-01-04 9:00,4.38,7.97,58.01,27.2,34.34,0.65,5,0.0,0.358,0.0,3.67
2021-01-04 10:00,4.36,7.98,60.35,27.22,34.28,0.65,5,1.5,0.358,0.035,3.67
2021-01-04 11:00,4.32,7.97,58.07,27.26,34.16,0.65,5,1.61,0.0,0.031,3.67
2021-01-04 12:00,4.45,7.97,57.96,27.12,34.54,0.65,5,1.07,0.382,0.031,3.67
2021-01-04 13:00,4.44,7.97,59.96,27.13,34.51,0.65,5,0.78,0.385,0.029,3.67
2021-01-04 14:00,4.53,7.96,57.89,27.04,34.78,0.66,5,1.07,0.392,0.031,3.66
2021-01-04 15:00,4.58,7.95,57.84,26.98,34.93,0.67,5,0.89,0.0,0.031,3.65
2021-01-04 16:00,5.01,7.94,57.72,26.82,35.37,0.68,5,0.83,0.399,0.03,3.64
2021-01-04 17:00,4.92,7.95,55.79,26.94,35.04,0.67,5,1.65,0.384,0.032,3.65
2021-01-04 18:00,4.89,8.0,63.62,26.97,34.95,0.66,5,1.69,0.377,0.032,3.65
2021-01-04 19:00,4.58,8.0,63.62,26.98,34.92,0.65,5,1.26,0.376,0.033,3.65
2021-01-04 20:00,4.6,8.01,57.83,26.96,34.98,0.65,5,1.42,0.403,0.037,3.65
2021-01-04 21:00,4.63,8.0,57.8,26.93,35.07,0.66,5,1.6,0.378,0.031,3.65
2021-01-04 22:00,5.5,8.0,57.74,26.86,35.28,0.66,5,0.0,0.397,0.028,3.65
2021-01-04 23:00,4.73,8.0,57.72,26.82,35.37,0.66,5,1.0,0.371,0.027,3.64
2021-01-05 0:00,4.48,8.01,55.69,26.81,35.4,0.66,5,0.89,0.392,0.031,3.64
2021-01-05 1:00,4.73,7.98,57.72,26.82,35.37,0.67,5,1.11,0.376,0.027,3.64
2021-01-05 2:00,4.69,7.96,51.98,26.87,35.25,0.67,5,1.12,0.386,0.03,3.65
2021-01-05 3:00,4.67,7.95,57.77,26.89,35.19,0.67,5,1.13,0.37,0.03,3.65
2021-01-05 4:00,4.64,7.93,57.79,26.92,35.11,0.68,5,1.04,0.372,0.031,3.65
2021-01-05 5:00,4.64,7.93,57.79,26.92,35.11,0.68,5,1.15,0.394,0.03,3.65
2021-01-05 6:00,4.6,7.94,57.83,26.96,34.99,0.67,5,1.68,0.385,0.029,3.65
2021-01-05 7:00,4.58,7.97,52.06,26.98,34.93,0.66,5,1.32,0.392,0.027,3.65
2021-01-05 8:00,4.55,7.95,57.87,27.02,34.84,0.67,5,1.63,0.369,0.027,3.66
2021-01-05 9:00,4.45,7.94,57.96,27.12,34.55,0.66,5,1.82,0.407,0.028,3.67
2021-01-05 10:00,4.7,7.95,57.97,27.14,34.49,0.66,5,1.73,0.391,0.032,3.67
2021-01-05 11:00,4.44,7.95,57.96,27.13,34.52,0.66,5,1.12,0.391,0.031,3.67
2021-01-05 12:00,4.45,7.95,60.28,27.12,34.54,0.66,5,1.26,0.391,0.031,3.67
2021-01-05 13:00,4.49,7.95,57.92,27.08,34.66,0.66,5,1.22,0.0,0.029,3.66
2021-01-05 14:00,4.65,7.95,57.78,26.91,35.13,0.67,5,0.64,0.376,0.028,3.65
2021-01-05 15:00,4.77,7.94,57.68,26.78,35.49,0.68,5,0.59,0.37,0.028,3.64
2021-01-05 16:00,4.72,7.92,57.72,26.83,35.35,0.68,5,1.38,0.373,0.03,3.65
2021-01-05 17:00,4.66,7.91,59.77,26.9,35.17,0.68,4,0.88,0.374,0.029,3.65
2021-01-05 18:00,4.56,7.93,59.86,27.0,34.87,0.67,5,1.08,0.382,0.03,3.66
2021-01-05 19:00,4.59,7.96,57.84,26.97,34.96,0.67,5,1.19,0.392,0.027,3.65
2021-01-05 20:00,4.53,7.98,63.68,27.04,34.78,0.66,5,1.01,0.377,0.028,3.66
2021-01-05 21:00,4.52,7.98,60.21,27.05,34.75,0.66,5,1.6,0.38,0.027,3.66
2021-01-05 22:00,4.76,7.98,57.92,27.08,34.66,0.65,5,1.26,0.376,0.029,3.66
2021-01-05 23:00,3.66,7.99,57.95,27.11,34.57,0.65,5,1.44,0.367,0.028,3.67
2021-01-06 0:00,4.44,7.98,57.96,27.13,34.51,0.65,5,1.34,0.382,0.027,3.67
2021-01-06 1:00,4.43,7.97,55.94,27.14,34.48,0.65,5,1.59,0.374,0.028,3.67
2021-01-06 2:00,4.33,7.95,58.06,27.25,34.19,0.65,5,0.83,0.378,0.027,3.67
2021-01-06 3:00,4.57,7.94,56.08,27.32,34.02,0.65,5,1.03,0.359,0.027,3.68
2021-01-06 4:00,4.21,7.93,60.5,27.38,33.85,0.65,5,0.98,0.338,0.027,3.69
2021-01-06 5:00,4.21,7.93,60.5,27.38,33.85,0.65,4,1.21,0.346,0.024,3.69
2021-01-06 6:00,4.17,7.92,58.2,27.43,33.73,0.65,4,0.9,0.348,0.028,3.69
2021-01-06 7:00,4.14,7.94,58.23,27.46,33.65,0.64,5,1.49,0.341,0.026,3.69
2021-01-06 8:00,4.14,7.95,58.23,27.46,33.65,0.64,5,0.93,0.344,0.025,3.69
2021-01-06 9:00,4.12,7.96,55.24,27.48,33.59,0.64,5,1.19,0.334,0.028,3.69
2021-01-06 10:00,4.15,7.96,58.22,27.45,33.67,0.64,5,1.31,0.344,0.026,3.69
2021-01-06 11:00,4.18,7.97,58.19,27.42,33.76,0.64,5,0.93,0.362,0.031,3.69
2021-01-06 12:00,4.25,7.98,58.13,27.34,33.96,0.64,5,0.82,0.362,0.028,3.68
2021-01-06 13:00,4.48,7.94,52.37,27.42,33.76,0.64,5,0.82,0.362,0.028,3.69
2021-01-06 14:00,4.43,7.94,57.97,27.14,34.49,0.66,4,1.68,0.362,0.028,3.67
2021-01-06 15:00,4.73,7.94,57.97,27.14,34.49,0.66,5,1.68,0.362,0.028,3.67
2021-01-06 16:00,4.35,7.93,58.04,27.23,34.25,0.66,4,1.68,0.362,0.028,3.67
2021-01-06 17:00,4.16,7.91,58.21,27.44,33.71,0.65,4,0.85,0.0,0.0,3.69
2021-01-06 18:00,4.13,7.91,58.23,27.47,33.62,0.65,4,0.34,0.362,0.032,3.69
2021-01-06 19:00,4.15,7.95,58.22,27.45,33.67,0.64,4,0.33,0.291,0.032,3.69
2021-01-06 20:00,4.39,7.96,58.23,27.46,33.65,0.64,5,0.56,0.28,0.029,3.69
2021-01-06 21:00,4.06,7.93,58.3,27.55,33.42,0.64,4,0.28,0.28,0.028,3.69
2021-01-06 22:00,4.03,7.96,58.32,27.58,33.33,0.63,4,0.61,0.262,0.026,3.7
2021-01-06 23:00,3.85,7.96,58.48,27.78,32.83,0.62,4,0.5,0.314,0.035,3.71
2021-01-07 0:00,3.61,7.97,58.7,28.05,32.16,0.6,4,0.47,0.334,0.034,3.73
2021-01-07 1:00,3.57,7.95,58.74,28.09,32.05,0.61,5,0.88,0.369,0.031,3.73
2021-01-07 2:00,3.49,7.96,55.81,28.18,31.84,0.6,5,0.82,0.298,0.026,3.75
2021-01-07 3:00,3.32,7.96,56.97,28.38,31.38,0.59,5,0.96,0.296,0.027,3.75
2021-01-07 4:00,3.41,7.94,61.24,28.27,31.62,0.6,5,0.87,0.313,0.027,3.75
2021-01-07 5:00,3.37,7.93,58.92,28.32,31.51,0.6,5,0.87,0.319,0.028,3.75
2021-01-07 6:00,3.07,7.93,59.19,28.66,30.72,0.58,5,1.12,0.292,0.025,3.78
2021-01-07 7:00,3.13,7.9,57.07,28.59,30.88,0.59,4,1.25,0.309,0.024,3.77
2021-01-07 8:00,3.46,7.89,57.11,28.56,30.95,0.6,4,1.59,0.284,0.029,3.77
2021-01-07 9:00,3.35,7.93,63.11,28.56,30.95,0.59,4,1.19,0.362,0.032,3.67
2021-01-07 10:00,2.8,7.93,59.2,28.67,30.69,0.58,4,0.97,0.402,0.03,3.78
2021-01-07 11:00,2.84,7.93,59.17,28.63,30.79,0.58,4,1.08,0.36,0.029,3.77
2021-01-07 12:00,3.13,7.93,57.15,28.59,30.87,0.59,4,1.12,0.419,0.032,3.77
2021-01-07 13:00,3.17,7.93,59.1,28.55,30.58,0.59,4,0.87,0.455,0.029,3.77
2021-01-07 14:00,4.12,7.92,58.96,28.38,31.38,0.6,4,0.72,0.447,0.0,3.75
2021-01-07 15:00,3.13,7.92,58.9,28.3,31.57,0.6,4,0.48,0.448,0.031,3.75
2021-01-07 16:00,3.27,7.92,59.01,28.43,31.24,0.59,4,0.52,0.536,0.034,3.77
2021-01-07 17:00,3.09,7.91,56.18,28.64,30.77,0.59,4,0.34,0.536,0.031,3.77
2021-01-07 18:00,3.03,7.89,59.23,28.71,30.61,0.59,4,0.47,0.536,0.03,3.79
2021-01-07 19:00,3.08,7.89,59.18,28.65,30.74,0.59,3,0.92,0.388,0.03,3.78
2021-01-07 20:00,3.27,7.9,61.37,28.43,31.25,0.6,4,0.79,0.326,0.026,3.77
2021-01-07 21:00,3.19,7.93,59.08,28.52,31.03,0.59,4,1.28,0.355,0.027,3.77
2021-01-07 22:00,3.23,7.93,59.05,28.48,31.14,0.59,4,1.48,0.432,0.025,3.77
2021-01-07 23:00,3.21,7.93,61.07,28.5,31.08,0.59,4,1.35,0.0,0.025,3.77
2021-01-08 0:00,3.1,7.94,63.17,28.63,30.79,0.58,4,1.44,0.405,0.026,3.77
2021-01-08 1:00,3.06,7.93,59.2,28.67,30.69,0.58,4,2.2,0.405,0.031,3.78
2021-01-08 2:00,2.98,7.93,61.28,28.77,30.48,0.58,4,2.23,0.416,0.031,3.79
2021-01-08 3:00,2.85,7.92,59.4,28.92,30.14,0.57,4,2.35,0.474,0.028,3.8
2021-01-08 4:00,2.92,7.91,59.34,28.84,30.32,0.58,4,2.59,0.488,0.031,3.79
2021-01-08 5:00,3.69,7.9,57.37,28.87,30.25,0.58,4,2.55,0.506,0.025,3.79
2021-01-08 6:00,2.9,7.9,62.36,28.86,30.27,0.58,4,2.62,0.458,0.028,3.79
2021-01-08 7:00,2.7,7.89,59.55,29.1,29.76,0.57,4,2.96,0.516,0.029,3.81
2021-01-08 8:00,2.6,7.88,59.64,29.22,29.51,0.57,3,2.7,0.526,0.031,3.82
2021-01-08 9:00,2.27,7.87,59.71,29.3,29.33,0.56,4,3.03,0.557,0.029,3.83
2021-01-08 10:00,2.7,7.86,59.55,29.1,29.76,0.57,3,2.93,0.537,0.032,3.81
2021-01-08 11:00,2.82,7.85,59.59,29.14,29.66,0.57,4,3.02,0.566,0.031,3.81
2021-01-08 12:00,2.73,7.85,59.52,29.06,29.84,0.58,4,2.64,0.505,0.029,3.81
2021-01-08 13:00,2.8,7.87,59.45,28.98,30.02,0.58,4,2.15,0.548,0.032,3.8
2021-01-08 14:00,2.91,7.86,59.35,28.85,30.3,0.59,4,2.18,0.57,0.03,3.79
2021-01-08 15:00,2.96,7.87,65.23,28.79,30.43,0.59,4,2.19,0.592,0.034,3.79
2021-01-08 16:00,2.9,7.88,61.36,28.86,30.27,0.58,4,1.51,0.504,0.036,3.79
2021-01-08 17:00,2.78,7.89,59.47,29.0,29.97,0.57,4,0.91,0.43,0.031,3.81
2021-01-08 18:00,2.57,7.87,59.67,29.25,29.43,0.57,4,1.66,0.477,0.031,3.82
2021-01-08 19:00,2.68,7.87,61.95,29.12,29.71,0.57,4,1.43,0.477,0.028,3.81
2021-01-08 20:00,2.76,7.88,56.49,29.03,29.92,0.57,3,2.08,0.477,0.029,3.81
2021-01-08 21:00,2.8,7.88,59.45,28.98,30.02,0.58,3,1.43,0.345,0.03,3.8
2021-01-08 22:00,3.56,7.9,59.49,29.03,29.91,0.57,3,2.11,0.329,0.029,3.81
2021-01-08 23:00,2.84,7.9,59.41,28.93,30.12,0.57,3,2.24,0.319,0.026,3.8
2021-01-09 0:00,2.75,7.89,62.5,29.04,29.89,0.57,3,2.45,0.383,0.028,3.81
2021-01-09 1:00,2.71,7.91,59.54,29.09,29.79,0.57,3,2.18,0.362,0.026,3.8
2021-01-09 2:00,2.9,7.91,59.64,29.22,29.51,0.56,3,2.53,0.36,0.024,3.82
2021-01-09 3:00,2.5,7.92,62.74,29.33,29.25,0.55,3,2.58,0.362,0.029,3.83
2021-01-09 4:00,2.42,7.89,63.82,29.43,29.05,0.55,3,2.68,0.315,0.024,3.84
2021-01-09 5:00,2.44,7.87,59.8,29.4,29.1,0.56,3,2.32,0.258,0.029,3.83
2021-01-09 6:00,2.48,7.88,59.76,29.36,29.2,0.56,3,2.92,0.25,0.029,3.83
2021-01-09 7:00,2.69,7.87,59.84,29.46,28.98,0.56,3,2.87,0.293,0.028,3.84
2021-01-09 8:00,2.49,7.86,57.66,29.35,29.23,0.56,3,2.76,0.0,0.028,3.83
2021-01-09 9:00,2.58,7.85,57.66,29.24,29.46,0.57,3,3.18,0.427,0.029,3.82
2021-01-09 10:00,2.8,7.84,55.43,29.17,29.61,0.58,3,3.19,0.477,0.03,3.82
2021-01-09 11:00,2.71,7.85,59.54,29.09,29.79,0.58,3,2.28,0.475,0.029,3.81
2021-01-09 12:00,2.76,7.86,59.49,29.03,29.92,0.58,3,2.61,0.496,0.031,3.81
2021-01-09 13:00,2.85,7.88,59.4,28.92,30.14,0.58,3,1.5,0.521,0.032,3.8
2021-01-09 14:00,2.9,7.89,55.2,28.86,30.27,0.58,3,1.32,0.463,0.032,3.79
2021-01-09 15:00,2.84,7.89,57.33,28.93,30.12,0.58,3,1.45,0.406,0.033,3.8
2021-01-09 16:00,2.91,7.9,59.35,28.85,30.3,0.58,3,0.56,0.396,0.033,3.79
2021-01-09 17:00,2.76,7.91,59.49,29.03,29.91,0.57,3,0.69,0.0,0.033,3.81
2021-01-09 18:00,2.76,7.88,59.64,29.22,29.51,0.57,3,0.63,0.376,0.037,3.82
2021-01-09 19:00,2.35,7.87,59.63,29.21,29.53,0.57,3,0.0,0.374,0.032,3.82
2021-01-09 20:00,2.96,7.87,59.56,29.11,29.74,0.57,3,0.85,0.353,0.032,3.81
2021-01-09 21:00,2.72,7.87,59.53,29.07,29.81,0.57,3,1.03,0.353,0.034,3.81
2021-01-09 22:00,2.68,7.86,59.57,29.12,29.71,0.57,3,1.65,0.353,0.034,3.81
2021-01-09 23:00,2.65,7.87,59.59,29.16,29.63,0.57,3,0.0,0.444,0.036,3.81
2021-01-10 0:00,2.66,7.88,61.97,29.14,29.66,0.57,3,1.67,0.4,0.039,3.81
2021-01-10 1:00,2.63,7.89,56.62,29.18,29.58,0.57,3,2.19,0.399,0.032,3.82
2021-01-10 2:00,2.6,7.89,59.64,29.22,29.51,0.56,3,1.7,0.39,0.032,3.82
2021-01-10 3:00,2.57,7.89,59.67,29.25,29.43,0.56,3,1.95,0.39,0.034,3.82
2021-01-10 4:00,2.16,7.88,59.83,29.45,29.0,0.55,3,2.09,0.395,0.037,3.84
2021-01-10 5:00,2.36,7.87,63.88,29.5,28.91,0.55,3,2.26,0.458,0.032,3.84
2021-01-10 6:00,2.74,7.88,58.03,29.69,28.51,0.54,3,2.8,0.432,0.033,3.86
2021-01-10 7:00,2.16,7.85,60.07,29.74,28.42,0.55,3,2.7,0.413,0.034,3.86
2021-01-10 8:00,2.26,7.85,59.97,29.62,28.66,0.55,3,3.33,0.391,0.036,3.85
2021-01-10 9:00,2.42,7.84,57.73,29.43,29.06,0.56,3,2.85,0.39,0.03,3.84
2021-01-10 10:00,2.51,7.84,59.73,29.32,29.28,0.57,3,3.16,0.334,0.033,3.83
2021-01-10 11:00,2.79,7.83,59.75,29.35,29.23,0.57,3,2.53,0.367,0.0,3.83
2021-01-10 12:00,2.48,7.84,59.76,29.36,29.21,0.57,3,2.52,0.362,0.0,3.83
2021-01-10 13:00,2.53,7.86,57.71,29.3,29.33,0.57,3,1.92,0.349,0.035,3.83
2021-01-10 14:00,2.35,7.88,59.63,29.21,29.53,0.57,3,1.96,0.371,0.031,3.82
2021-01-10 15:00,3.45,7.9,57.5,29.16,29.63,0.56,3,1.27,0.425,0.032,3.81
2021-01-10 16:00,2.32,7.9,59.66,29.24,29.46,0.56,3,1.21,0.366,0.029,3.82
2021-01-10 17:00,2.36,7.9,57.54,29.19,29.56,0.56,3,0.83,0.38,0.027,3.82
2021-01-10 18:00,2.47,7.91,57.77,29.37,29.18,0.55,3,0.97,0.4,0.027,3.83
2021-01-10 19:00,2.8,7.89,59.74,29.33,29.25,0.56,3,0.54,0.416,0.025,3.83
2021-01-10 20:00,2.43,7.88,62.2,29.42,29.08,0.56,3,1.18,0.378,0.028,3.83
2021-01-10 21:00,2.45,7.87,59.79,29.39,29.13,0.56,3,1.04,0.345,0.027,3.83
2021-01-10 22:00,2.44,7.87,59.8,29.4,29.1,0.56,3,0.92,0.327,0.026,3.83
2021-01-10 23:00,2.44,7.87,57.71,29.4,29.1,0.56,3,1.15,0.327,0.027,3.83
2021-01-11 0:00,2.3,7.87,57.93,29.57,28.76,0.55,3,1.03,0.327,0.023,3.85
2021-01-11 1:00,2.37,7.88,57.76,29.49,28.93,0.55,3,0.84,0.238,0.025,3.84
2021-01-11 2:00,2.63,7.89,59.9,29.54,28.83,0.55,3,0.97,0.225,0.027,3.84
2021-01-11 3:00,2.3,7.89,62.93,29.57,28.76,0.55,3,1.19,0.0,0.021,3.85
2021-01-11 4:00,1.98,7.89,56.99,29.64,28.61,0.54,3,1.54,0.242,0.026,3.85
2021-01-11 5:00,3.04,7.89,59.99,29.64,28.61,0.54,3,1.81,0.23,0.027,3.85
2021-01-11 6:00,2.18,7.89,57.95,29.72,28.46,0.54,3,1.39,0.219,0.022,3.86
2021-01-11 7:00,2.01,7.87,62.63,29.93,28.05,0.54,3,1.38,0.225,0.023,3.87
2021-01-11 8:00,2.01,7.86,60.22,29.93,28.05,0.54,3,1.35,0.179,0.026,3.87
2021-01-11 9:00,2.01,7.84,60.22,29.93,28.05,0.54,3,1.98,0.184,0.025,3.87
2021-01-11 10:00,2.26,7.84,63.97,29.62,28.66,0.55,3,1.49,0.278,0.024,3.85
2021-01-11 11:00,2.52,7.83,59.94,29.58,28.73,0.56,3,2.22,0.283,0.024,3.85
2021-01-11 12:00,2.23,7.83,60.0,29.56,28.59,0.55,3,1.82,0.288,0.032,3.85
2021-01-11 13:00,2.26,7.83,63.97,29.62,28.66,0.56,3,1.05,0.298,0.031,3.85
2021-01-11 14:00,2.32,7.84,65.3,29.55,28.81,0.56,3,1.02,0.277,0.029,3.85
2021-01-11 15:00,2.36,7.87,57.78,29.5,28.91,0.55,3,1.12,0.0,0.029,3.85
2021-01-11 16:00,2.35,7.89,56.88,29.51,28.88,0.55,3,1.1,0.274,0.025,3.84
2021-01-11 17:00,2.33,7.89,59.9,29.54,28.83,0.55,3,0.57,0.0,0.028,3.84
2021-01-11 18:00,2.28,7.89,63.95,29.6,28.71,0.55,3,0.44,0.283,0.028,3.85
2021-01-11 19:00,2.22,7.89,58.01,29.67,28.66,0.54,3,0.77,0.243,0.029,3.85
2021-01-11 20:00,2.73,7.89,57.94,29.71,28.49,0.54,3,0.68,0.275,0.023,3.86
2021-01-11 21:00,2.27,7.88,59.96,29.61,28.68,0.55,3,0.86,0.247,0.028,3.85
2021-01-11 22:00,2.24,7.87,59.99,29.64,28.61,0.55,3,1.04,0.275,0.027,3.85
2021-01-11 23:00,2.24,7.86,59.99,29.64,28.61,0.55,3,1.41,0.256,0.026,3.85
2021-01-12 0:00,3.04,7.87,62.39,29.64,28.61,0.55,3,0.84,0.243,0.028,3.85
2021-01-12 1:00,2.25,7.88,57.88,29.63,28.63,0.55,3,0.57,0.243,0.027,3.85
2021-01-12 2:00,2.18,7.89,60.05,29.72,28.46,0.54,3,1.24,0.243,0.028,3.86
2021-01-12 3:00,2.19,7.9,60.04,29.71,28.49,0.54,3,1.28,0.333,0.029,3.86
2021-01-12 4:00,2.21,7.9,57.02,29.68,28.53,0.54,3,1.18,0.29,0.026,3.86
2021-01-12 5:00,2.12,7.9,60.11,29.79,28.32,0.54,3,0.98,0.258,0.023,3.86
2021-01-12 6:00,2.28,7.9,60.08,29.76,28.39,0.54,3,1.27,0.259,0.026,3.86
2021-01-12 7:00,2.11,7.9,60.12,29.8,28.29,0.53,3,1.2,0.259,0.026,3.86
2021-01-12 8:00,2.12,7.89,57.11,29.79,28.32,0.54,3,0.75,0.238,0.029,3.86
2021-01-12 9:00,2.16,7.87,63.07,29.74,28.42,0.54,3,1.18,0.318,0.025,3.86
2021-01-12 10:00,2.24,7.86,62.39,29.64,28.61,0.55,3,1.48,0.338,0.029,3.85
2021-01-12 11:00,2.55,7.85,62.31,29.55,28.81,0.56,3,1.61,0.279,0.026,3.84
2021-01-12 12:00,2.35,7.84,59.88,29.51,28.88,0.56,3,1.37,0.28,0.027,3.84
2021-01-12 13:00,3.04,7.83,59.99,29.64,28.61,0.56,3,1.57,0.254,0.0,3.85
2021-01-12 14:00,2.26,7.85,63.97,29.62,28.66,0.55,3,0.9,0.258,0.028,3.85
2021-01-12 15:00,2.17,7.85,60.06,29.73,28.44,0.55,3,1.14,0.229,0.027,3.86
2021-01-12 16:00,3.05,7.87,59.98,29.63,28.63,0.55,3,1.27,0.252,0.027,3.85
2021-01-12 17:00,2.28,7.88,57.85,29.6,28.71,0.55,3,1.48,0.228,0.025,3.85
2021-01-12 18:00,2.58,7.87,65.95,29.6,28.71,0.55,3,1.52,0.228,0.025,3.85
2021-01-12 19:00,2.3,7.89,57.93,29.57,28.76,0.55,3,0.95,0.237,0.027,3.85
2021-01-12 20:00,2.37,7.9,62.25,29.49,28.93,0.55,3,1.37,0.258,0.026,3.84
2021-01-12 21:00,2.41,7.88,59.82,29.44,29.03,0.55,3,1.19,0.294,0.03,3.84
2021-01-12 22:00,2.37,7.87,59.86,29.49,28.93,0.55,3,1.38,0.29,0.031,3.84
2021-01-12 23:00,3.22,7.87,56.82,29.43,29.05,0.56,3,1.34,0.254,0.029,3.84
2021-01-13 0:00,2.39,7.86,59.84,29.46,28.98,0.56,3,1.05,0.0,0.03,3.84
2021-01-13 1:00,2.34,7.88,62.29,29.53,28.86,0.55,3,1.24,0.29,0.026,3.84
2021-01-13 2:00,2.33,7.88,59.9,29.54,28.83,0.55,3,1.22,0.274,0.027,3.84
2021-01-13 3:00,2.0,7.86,60.23,29.94,28.03,0.54,3,1.44,0.274,0.022,3.88
2021-01-13 4:00,1.95,7.84,63.28,30.0,27.91,0.54,3,1.41,0.274,0.026,3.88
2021-01-13 5:00,2.15,7.84,57.14,29.83,28.24,0.54,3,1.12,0.278,0.025,3.86
2021-01-13 6:00,2.1,7.84,60.13,29.82,28.27,0.55,3,1.14,0.194,0.027,3.86
2021-01-13 7:00,2.68,7.85,60.09,29.77,28.37,0.55,3,1.03,0.169,0.028,3.86
2021-01-13 8:00,2.18,7.87,60.05,29.72,28.46,0.54,3,0.96,0.193,0.03,3.86
2021-01-13 9:00,2.28,7.86,59.95,29.6,28.71,0.55,3,1.18,0.205,0.03,3.85
2021-01-13 10:00,3.09,7.85,63.94,29.58,28.73,0.55,3,1.73,0.205,0.031,3.85
2021-01-13 11:00,2.34,7.85,59.89,29.56,28.86,0.56,3,1.16,0.171,0.025,3.84
2021-01-13 12:00,2.32,7.84,59.91,29.55,28.81,0.56,3,1.43,0.204,0.032,3.84
2021-01-13 13:00,2.89,7.82,53.95,29.58,28.73,0.56,3,1.1,0.219,0.029,3.85
2021-01-13 14:00,2.27,7.82,59.96,29.61,28.69,0.56,3,1.59,0.211,0.028,3.85
2021-01-13 15:00,2.24,7.81,59.99,29.64,28.61,0.56,3,1.66,0.197,0.029,3.85
2021-01-13 16:00,2.23,7.81,60.0,29.66,28.59,0.56,3,1.3,0.19,0.025,3.85
2021-01-13 17:00,2.32,7.82,59.91,29.55,28.81,0.56,3,0.9,0.202,0.027,3.84
2021-01-13 18:00,2.38,7.82,57.85,29.47,28.96,0.56,3,1.47,0.19,0.026,3.84
2021-01-13 19:00,2.39,7.83,59.84,29.46,28.98,0.56,3,1.42,0.17,0.028,3.84
2021-01-13 20:00,2.45,7.85,59.79,29.39,29.13,0.56,3,1.44,0.163,0.028,3.83
2021-01-13 21:00,2.42,7.86,53.84,29.43,29.06,0.56,3,0.99,0.167,0.028,3.84
2021-01-13 22:00,2.34,7.84,59.89,29.53,28.86,0.56,3,1.38,0.168,0.028,3.84
2021-01-13 23:00,2.4,7.83,59.83,29.45,29.01,0.56,3,1.44,0.142,0.027,3.84
2021-01-14 0:00,2.48,7.82,59.76,29.36,29.21,0.57,3,1.15,0.144,0.024,3.83
2021-01-14 1:00,2.47,7.82,59.77,29.37,29.18,0.57,3,1.1,0.158,0.029,3.83
2021-01-14 2:00,2.46,7.82,59.78,29.38,29.16,0.57,3,1.75,0.156,0.028,3.83
2021-01-14 3:00,2.64,7.83,59.6,29.17,29.61,0.58,3,1.64,0.158,0.028,3.82
2021-01-14 4:00,2.65,7.84,59.59,29.16,29.64,0.58,3,1.71,0.167,0.03,3.81
2021-01-14 5:00,2.59,7.85,62.65,29.23,29.48,0.57,3,2.16,0.167,0.026,3.82
2021-01-14 6:00,2.62,7.86,57.63,29.19,29.56,0.57,3,1.87,0.167,0.028,3.82
2021-01-14 7:00,2.69,7.86,65.52,29.11,29.74,0.57,3,2.53,0.268,0.026,3.81
2021-01-14 8:00,2.73,7.86,59.52,29.06,29.84,0.58,3,2.58,0.214,0.03,3.81
2021-01-14 9:00,3.07,7.86,55.3,28.99,29.99,0.58,3,2.19,0.236,0.032,3.81
2021-01-14 10:00,2.88,7.85,57.3,28.88,30.22,0.59,3,1.95,0.22,0.031,3.79
2021-01-14 11:00,3.01,7.85,59.25,28.73,30.56,0.59,3,1.78,0.221,0.032,3.79
2021-01-14 12:00,3.14,7.84,62.13,28.58,30.9,0.6,3,1.33,0.214,0.031,3.78
2021-01-14 13:00,2.99,7.85,59.27,28.76,30.51,0.58,2,3.35,0.0,0.031,3.79
2021-01-14 14:00,2.88,7.87,56.38,28.88,30.22,0.58,2,3.53,0.0,0.0,3.79
2021-01-14 15:00,2.75,7.87,59.5,29.04,29.89,0.58,2,3.78,0.194,0.0,3.81
2021-01-14 16:00,2.74,7.87,59.51,29.05,29.86,0.58,2,3.7,0.215,0.0,3.81
2021-01-14 17:00,2.68,7.87,59.57,29.12,29.71,0.57,2,2.95,0.285,0.03,3.81
2021-01-14 18:00,2.4,7.88,59.58,29.13,29.68,0.57,2,2.85,0.264,0.028,3.81
2021-01-14 19:00,2.73,7.88,56.52,29.06,29.84,0.57,2,2.82,0.243,0.021,3.81
2021-01-14 20:00,2.77,7.88,59.48,29.02,29.94,0.57,1,2.32,0.256,0.021,3.81
2021-01-14 21:00,2.97,7.88,59.45,28.98,30.02,0.58,1,2.17,0.219,0.02,3.8
2021-01-14 22:00,3.64,7.89,59.41,28.93,30.12,0.58,1,1.66,0.229,0.021,3.8
2021-01-14 23:00,2.89,7.89,59.37,28.87,30.25,0.58,1,0.98,0.227,0.02,3.79
2021-01-15 0:00,3.17,7.9,59.38,28.9,30.2,0.58,1,0.75,0.217,0.0,3.79
2021-01-15 1:00,2.81,7.9,59.44,28.97,30.04,0.57,1,0.95,0.213,0.021,3.8
2021-01-15 2:00,2.79,7.89,59.46,28.99,29.99,0.57,1,1.54,0.219,0.02,3.81
2021-01-15 3:00,2.82,7.89,59.43,28.95,30.07,0.58,1,1.1,0.221,0.021,3.8
2021-01-15 4:00,2.83,7.89,61.8,28.94,30.09,0.58,1,1.22,0.232,0.02,3.8
2021-01-15 5:00,2.82,7.89,62.43,28.95,30.07,0.58,1,0.63,0.206,0.023,3.8
2021-01-15 6:00,2.86,7.9,59.39,28.91,30.17,0.58,1,0.88,0.218,0.018,3.8
2021-01-15 7:00,2.85,7.9,59.4,28.92,30.14,0.58,1,0.31,0.218,0.022,3.8
2021-01-15 8:00,3.29,7.9,57.27,28.76,30.51,0.58,1,0.22,0.218,0.02,3.79
2021-01-15 9:00,3.09,7.91,65.1,28.64,30.77,0.59,1,0.58,0.261,0.02,3.77
2021-01-15 10:00,3.28,7.91,59.0,28.42,31.27,0.6,1,1.14,0.169,0.019,3.77
2021-01-15 11:00,3.33,7.92,58.96,28.36,31.41,0.6,1,1.69,0.167,0.018,3.75
2021-01-15 12:00,2.87,7.92,59.08,28.52,31.03,0.59,1,1.49,0.158,0.021,3.77
2021-01-15 13:00,3.15,7.92,56.12,28.57,30.93,0.59,1,1.82,0.173,0.019,3.77
2021-01-15 14:00,3.1,7.92,57.17,28.63,30.79,0.59,4,1.29,0.176,0.022,3.77
2021-01-15 15:00,3.16,7.9,62.11,28.56,30.95,0.59,4,0.97,0.204,0.021,3.77
2021-01-15 16:00,3.37,7.9,59.09,28.54,31.01,0.59,4,0.95,0.235,0.019,3.77
2021-01-15 17:00,3.19,7.9,63.08,28.52,31.03,0.59,4,0.41,0.217,0.021,3.77
2021-01-15 18:00,3.3,7.89,58.98,28.4,31.33,0.6,3,0.22,0.226,0.019,3.76
2021-01-15 19:00,3.47,7.89,59.01,28.43,31.25,0.6,3,0.51,0.223,0.018,3.77
2021-01-15 20:00,3.26,7.88,59.02,28.45,31.22,0.6,3,0.56,0.22,0.017,3.77
2021-01-15 21:00,3.27,7.88,59.01,28.43,31.25,0.6,3,0.49,0.211,0.017,3.77
2021-01-15 22:00,3.29,7.88,55.99,28.41,31.3,0.6,2,0.59,0.229,0.021,3.76
2021-01-15 23:00,2.94,7.88,59.08,28.51,31.06,0.6,2,0.62,0.244,0.019,3.77
2021-01-16 0:00,3.28,7.88,59.0,28.42,31.27,0.6,3,0.48,0.233,0.019,3.77
2021-01-16 1:00,3.21,7.87,59.07,28.5,31.09,0.6,3,0.21,0.252,0.022,3.77
2021-01-16 2:00,3.26,7.88,59.02,28.45,31.22,0.6,3,0.54,0.262,0.019,3.77
2021-01-16 3:00,3.21,7.88,59.07,28.5,31.09,0.6,4,0.84,0.269,0.023,3.77
2021-01-16 4:00,3.07,7.87,61.19,28.66,30.72,0.59,4,0.71,0.272,0.022,3.78
2021-01-16 5:00,3.27,7.88,59.29,28.78,30.46,0.59,3,1.35,0.284,0.017,3.79
2021-01-16 6:00,2.86,7.89,59.39,28.91,30.17,0.58,3,0.69,0.279,0.023,3.8
2021-01-16 7:00,2.99,7.89,59.43,28.95,30.07,0.58,3,1.06,0.268,0.021,3.8
2021-01-16 8:00,2.86,7.89,59.39,28.91,30.17,0.58,2,1.22,0.23,0.0,3.8
2021-01-16 9:00,2.86,7.89,59.39,28.91,30.17,0.58,2,1.47,0.23,0.022,3.8
2021-01-16 10:00,2.91,7.9,59.35,28.85,30.3,0.58,1,1.3,0.23,0.021,3.79
2021-01-16 11:00,3.15,7.89,61.48,28.57,30.93,0.59,2,1.16,0.0,0.02,3.77
2021-01-16 12:00,3.26,7.88,56.02,28.45,31.22,0.6,3,1.24,0.216,0.021,3.77
2021-01-16 13:00,3.36,7.9,58.93,28.33,31.49,0.6,2,1.21,0.225,0.02,3.75
2021-01-16 14:00,3.34,7.91,53.21,28.57,30.93,0.59,3,1.19,0.257,0.022,3.77
2021-01-16 15:00,3.0,7.92,59.26,28.74,30.53,0.58,3,1.14,0.233,0.023,3.79
2021-01-16 16:00,2.93,7.92,59.33,28.83,30.35,0.58,3,1.51,0.225,0.019,3.79
2021-01-16 17:00,2.91,7.92,59.35,28.85,30.3,0.57,2,1.37,0.213,0.022,3.79
2021-01-16 18:00,2.89,7.92,59.37,28.87,30.25,0.57,2,1.64,0.213,0.02,3.79
2021-01-16 19:00,2.87,7.93,59.38,28.9,30.19,0.57,2,1.58,0.233,0.025,3.79
2021-01-16 20:00,2.8,7.93,53.51,28.98,30.02,0.57,1,1.43,0.219,0.021,3.8
2021-01-16 21:00,2.77,7.94,59.48,29.02,29.94,0.56,1,1.39,0.212,0.021,3.81
2021-01-16 22:00,2.74,7.93,59.51,29.05,29.86,0.56,1,1.5,0.202,0.021,3.81
2021-01-16 23:00,2.74,7.93,59.51,29.05,29.86,0.56,1,1.51,0.202,0.019,3.81
2021-01-17 0:00,2.49,7.93,56.5,29.04,29.89,0.56,1,1.37,0.217,0.022,3.81
2021-01-17 1:00,3.09,7.93,57.38,28.99,29.99,0.57,1,1.29,0.234,0.019,3.81
2021-01-17 2:00,2.52,7.93,57.45,28.98,30.02,0.57,1,1.61,0.237,0.019,3.8
2021-01-17 3:00,2.79,7.93,59.46,28.99,29.99,0.57,1,1.56,0.234,0.019,3.81
2021-01-17 4:00,2.45,7.92,59.79,29.39,29.13,0.55,1,1.46,0.224,0.019,3.83
2021-01-17 5:00,3.26,7.91,53.8,29.38,29.15,0.55,1,1.71,0.221,0.015,3.83
2021-01-17 6:00,2.44,7.91,59.8,29.4,29.1,0.55,1,1.88,0.207,0.021,3.83
2021-01-17 7:00,2.05,7.91,63.88,29.51,28.88,0.55,1,1.9,0.207,0.021,3.84
2021-01-17 8:00,2.38,7.91,57.76,29.47,28.95,0.55,1,2.07,0.208,0.021,3.84
2021-01-17 9:00,2.35,7.91,59.88,29.51,28.88,0.55,1,1.54,0.22,0.019,3.84
2021-01-17 10:00,3.21,7.92,59.82,29.44,29.03,0.55,1,1.62,0.237,0.02,3.84
2021-01-17 11:00,2.54,7.92,59.7,29.29,29.35,0.55,1,1.43,0.237,0.02,3.83
2021-01-17 12:00,2.38,7.92,59.6,29.17,29.61,0.56,1,1.04,0.237,0.019,3.82
2021-01-17 13:00,3.15,7.93,59.29,28.78,30.45,0.58,1,1.43,0.0,0.021,3.79
2021-01-17 14:00,2.88,7.94,57.38,28.88,30.22,0.57,1,0.91,0.229,0.02,3.79
2021-01-17 15:00,2.3,7.95,62.07,29.26,29.4,0.55,1,1.22,0.244,0.019,3.82
2021-01-17 16:00,2.56,7.95,59.68,29.26,29.4,0.55,1,0.99,0.225,0.019,3.82
2021-01-17 17:00,2.68,7.96,59.57,29.12,29.71,0.55,1,0.86,0.233,0.027,3.81
2021-01-17 18:00,2.61,7.95,59.64,29.21,29.53,0.55,1,1.22,0.231,0.023,3.82
2021-01-17 19:00,2.39,7.95,59.59,29.16,29.63,0.55,1,1.68,0.0,0.022,3.81
2021-01-17 20:00,2.71,7.95,59.54,29.09,29.78,0.56,1,1.09,0.232,0.027,3.81
2021-01-17 21:00,2.7,7.96,59.55,29.1,29.76,0.56,1,1.36,0.222,0.024,3.81
2021-01-17 22:00,3.81,7.96,59.54,29.09,29.78,0.56,1,1.93,0.241,0.026,3.81
2021-01-17 23:00,2.75,7.96,56.5,29.04,29.89,0.56,1,1.72,0.236,0.022,3.81
2021-01-18 0:00,2.71,7.96,59.54,29.09,29.78,0.56,1,1.45,0.238,0.027,3.81
2021-01-18 1:00,2.64,7.96,59.6,29.17,29.6,0.55,1,1.61,0.237,0.025,3.82
2021-01-18 2:00,3.0,7.95,59.55,29.1,29.76,0.56,2,1.48,0.233,0.0,3.81
2021-01-18 3:00,2.75,7.95,59.5,29.04,29.89,0.56,1,1.28,0.253,0.028,3.81
2021-01-18 4:00,2.72,7.99,59.53,29.07,29.81,0.55,1,1.41,0.243,0.029,3.81
2021-01-18 5:00,2.7,8.01,59.55,29.1,29.75,0.55,2,0.9,0.236,0.026,3.81
2021-01-18 6:00,2.87,7.99,59.54,29.09,29.78,0.55,2,0.93,0.226,0.024,3.81
2021-01-18 7:00,2.67,8.0,59.58,29.13,29.68,0.55,2,0.8,0.233,0.028,3.81
2021-01-18 8:00,2.63,7.99,59.62,29.18,29.58,0.55,2,1.32,0.23,0.024,3.82
2021-01-18 9:00,2.64,7.99,59.6,29.17,29.6,0.55,3,1.58,0.239,0.026,3.82
2021-01-18 10:00,2.75,7.99,61.5,29.04,29.88,0.55,2,1.39,0.239,0.025,3.81
2021-01-18 11:00,2.88,7.97,59.38,28.88,30.22,0.56,3,1.54,0.243,0.028,3.79
2021-01-18 12:00,2.98,7.97,59.28,28.77,30.48,0.57,2,1.78,0.233,0.029,3.79
2021-01-18 13:00,3.18,8.0,56.09,28.54,31.0,0.57,3,1.35,0.233,0.027,3.77
2021-01-18 14:00,2.07,8.03,57.38,28.9,30.19,0.55,3,1.56,0.233,0.032,3.79
2021-01-18 15:00,2.93,8.07,59.23,28.83,30.34,0.55,4,1.61,0.0,0.027,3.79
2021-01-18 16:00,3.0,8.06,59.26,28.74,30.53,0.55,4,1.63,0.258,0.027,3.79
2021-01-18 17:00,2.62,8.02,62.38,28.88,30.22,0.55,7,1.68,0.25,0.03,3.79
2021-01-18 18:00,2.88,8.0,59.38,28.88,30.22,0.56,7,1.43,0.236,0.024,3.79
2021-01-18 19:00,2.52,7.95,61.47,29.0,29.96,0.56,4,2.0,0.24,0.027,3.81
2021-01-18 20:00,2.84,7.94,57.33,28.93,30.12,0.57,4,2.19,0.231,0.025,3.8
2021-01-18 21:00,2.81,7.94,59.44,28.97,30.04,0.57,3,2.01,0.251,0.028,3.8
2021-01-18 22:00,3.04,7.93,59.49,29.03,29.91,0.56,2,1.85,0.267,0.027,3.81
2021-01-18 23:00,2.96,7.93,59.56,29.11,29.73,0.56,2,1.37,0.238,0.026,3.81
2021-01-19 0:00,2.97,7.92,62.58,29.13,29.68,0.56,2,1.92,0.24,0.026,3.81
2021-01-19 1:00,2.62,7.92,59.63,29.19,29.56,0.56,2,1.57,0.254,0.024,3.82
2021-01-19 2:00,2.61,7.92,62.03,29.21,29.53,0.56,2,1.77,0.262,0.025,3.82
2021-01-19 3:00,2.63,7.91,65.58,29.18,29.58,0.56,2,2.38,0.255,0.023,3.82
2021-01-19 4:00,2.44,7.91,65.78,29.4,29.1,0.55,2,2.11,0.247,0.022,3.83
2021-01-19 5:00,2.33,7.9,62.3,29.54,28.83,0.55,2,2.0,0.277,0.026,3.84
2021-01-19 6:00,2.36,7.91,63.88,29.5,28.91,0.55,2,1.79,0.272,0.024,3.84
2021-01-19 7:00,2.5,7.9,59.88,29.5,28.91,0.55,1,2.26,0.263,0.026,3.84
2021-01-19 8:00,2.09,7.9,59.88,29.51,28.88,0.55,1,2.46,0.272,0.026,3.84
2021-01-19 9:00,2.41,7.91,59.82,29.44,29.03,0.55,1,2.37,0.257,0.0,3.84
2021-01-19 10:00,2.4,7.91,59.83,29.45,29.0,0.55,1,2.16,0.281,0.026,3.84
2021-01-19 11:00,2.44,7.92,59.8,29.4,29.1,0.55,1,0.0,0.314,0.027,3.83
2021-01-19 12:00,2.47,7.91,59.77,29.37,29.18,0.55,1,2.13,0.284,0.028,3.83
2021-01-19 13:00,2.67,7.91,61.96,29.13,29.68,0.56,1,1.92,0.279,0.027,3.81
2021-01-19 14:00,2.85,7.91,56.4,28.92,30.14,0.57,1,2.53,0.28,0.027,3.8
2021-01-19 15:00,3.11,7.93,59.33,28.83,30.35,0.57,1,2.34,0.28,0.029,3.79
2021-01-19 16:00,2.57,7.94,59.4,28.92,30.14,0.57,1,2.91,0.28,0.025,3.8
2021-01-19 17:00,2.62,7.95,59.63,29.19,29.56,0.55,1,2.13,0.305,0.026,3.82
2021-01-19 18:00,2.35,7.95,55.47,29.21,29.53,0.55,1,0.0,0.0,0.025,3.82
2021-01-19 19:00,2.52,7.94,59.72,29.31,29.3,0.55,1,1.67,0.29,0.027,3.83
2021-01-19 20:00,2.55,7.94,57.69,29.28,29.38,0.55,1,2.46,0.232,0.028,3.83
2021-01-19 21:00,2.36,7.94,59.63,29.19,29.56,0.55,1,1.95,0.227,0.027,3.82
2021-01-19 22:00,2.34,7.94,61.64,29.22,29.51,0.55,1,2.0,0.217,0.025,3.82
2021-01-19 23:00,2.51,7.94,61.73,29.32,29.28,0.55,1,2.45,0.21,0.027,3.83
2021-01-20 0:00,2.67,7.94,59.81,29.42,29.08,0.54,1,3.21,0.234,0.026,3.83
2021-01-20 1:00,2.15,7.93,59.84,29.46,28.98,0.54,1,2.87,0.228,0.023,3.84
2021-01-20 2:00,2.4,7.93,59.83,29.45,29.0,0.54,1,2.89,0.249,0.026,3.84
2021-01-20 3:00,2.48,7.93,65.14,29.36,29.2,0.55,1,3.23,0.248,0.023,3.83
2021-01-20 4:00,2.51,7.93,62.12,29.32,29.28,0.55,1,2.81,0.243,0.028,3.83
2021-01-20 5:00,2.26,7.94,59.73,29.32,29.28,0.55,1,1.91,0.261,0.027,3.83
2021-01-20 6:00,2.54,7.94,59.7,29.29,29.35,0.55,1,1.43,0.25,0.023,3.83
2021-01-20 7:00,2.56,7.94,53.71,29.26,29.4,0.55,1,2.39,0.276,0.027,3.82
2021-01-20 8:00,2.47,7.94,59.77,29.37,29.18,0.55,1,3.12,0.272,0.027,3.83
2021-01-20 9:00,2.54,7.94,59.7,29.29,29.35,0.55,1,3.06,0.249,0.029,3.83
2021-01-20 10:00,2.54,7.95,59.7,29.29,29.35,0.55,1,2.81,0.274,0.027,3.83
2021-01-20 11:00,2.65,7.95,61.97,29.16,29.63,0.55,1,3.29,0.273,0.027,3.81
2021-01-20 12:00,2.86,7.96,59.55,29.1,29.76,0.56,1,2.34,0.285,0.027,3.81
2021-01-20 13:00,2.99,7.96,57.27,28.76,30.5,0.57,1,2.45,0.242,0.025,3.79
2021-01-20 14:00,3.03,7.97,59.23,28.71,30.61,0.57,1,2.74,0.242,0.024,3.79
2021-01-20 15:00,3.15,7.98,59.12,28.57,30.92,0.58,1,1.98,0.253,0.025,3.77
2021-01-20 16:00,3.03,7.99,59.23,28.71,30.61,0.57,1,2.47,0.273,0.027,3.79
2021-01-20 17:00,2.96,7.99,62.3,28.79,30.43,0.56,1,2.44,0.273,0.027,3.79
2021-01-20 18:00,2.74,7.99,59.51,29.05,29.86,0.55,1,1.72,0.273,0.027,3.81
2021-01-20 19:00,2.75,7.99,59.5,29.04,29.88,0.55,1,2.07,0.0,0.027,3.81
2021-01-20 20:00,2.89,7.99,62.37,28.87,30.24,0.56,1,2.64,0.249,0.023,3.79
2021-01-20 21:00,2.87,7.99,59.38,28.9,30.19,0.56,1,2.29,0.254,0.026,3.79
2021-01-20 22:00,2.79,7.99,59.46,28.99,29.99,0.55,1,2.69,0.268,0.026,3.81
2021-01-20 23:00,2.83,7.98,59.42,28.94,30.09,0.56,1,2.34,0.262,0.024,3.8
2021-01-21 0:00,2.91,7.98,59.35,28.85,30.3,0.56,1,1.38,0.26,0.023,3.79
2021-01-21 1:00,2.93,7.99,59.33,28.83,30.35,0.56,1,1.65,0.259,0.026,3.79
2021-01-21 2:00,2.91,8.0,62.35,28.85,30.29,0.56,1,2.15,0.249,0.024,3.79
2021-01-21 3:00,2.94,7.99,59.32,28.81,30.37,0.56,1,1.88,0.28,0.024,3.79
2021-01-21 4:00,3.13,7.99,59.14,28.59,30.87,0.57,1,2.0,0.272,0.024,3.77
2021-01-21 5:00,3.07,8.0,59.19,28.66,30.71,0.57,1,1.94,0.285,0.024,3.78
2021-01-21 6:00,2.9,8.0,59.36,28.86,30.27,0.56,1,2.17,0.263,0.021,3.79
2021-01-21 7:00,2.86,8.0,62.39,28.91,30.16,0.56,1,2.19,0.3,0.023,3.8
2021-01-21 8:00,2.92,8.1,59.34,28.84,30.31,0.54,1,2.35,0.274,0.023,3.79
2021-01-21 9:00,2.96,8.2,53.37,28.79,30.41,0.52,1,2.06,0.31,0.025,3.79
2021-01-21 10:00,2.9,8.2,65.3,28.86,30.25,0.52,1,1.77,0.288,0.025,3.79
2021-01-21 11:00,2.92,8.19,59.34,28.84,30.31,0.52,1,1.8,0.277,0.021,3.79
2021-01-21 12:00,2.96,8.18,59.3,28.79,30.41,0.53,1,1.24,0.286,0.026,3.79
2021-01-21 13:00,2.99,8.17,65.2,28.76,30.49,0.53,1,1.62,0.308,0.025,3.79
2021-01-21 14:00,2.72,8.17,65.21,28.77,30.46,0.53,1,1.86,0.279,0.024,3.79
2021-01-21 15:00,3.0,8.15,59.26,28.74,30.52,0.53,1,2.09,0.269,0.025,3.79
2021-01-21 16:00,3.02,8.13,57.24,28.72,30.57,0.54,1,2.11,0.269,0.024,3.79
2021-01-21 17:00,3.03,8.15,61.61,28.71,30.6,0.53,1,1.91,0.279,0.025,3.79
2021-01-21 18:00,2.96,8.15,59.3,28.79,30.41,0.53,1,2.07,0.277,0.023,3.79
2021-01-21 19:00,2.95,8.13,57.23,28.8,30.39,0.53,1,2.3,0.277,0.024,3.79
2021-01-21 20:00,2.95,8.13,59.31,28.8,30.39,0.53,1,2.23,0.277,0.025,3.79
2021-01-21 21:00,2.7,8.13,56.3,28.79,30.42,0.53,1,1.8,0.349,0.022,3.79
2021-01-21 22:00,3.0,8.11,59.26,28.74,30.52,0.54,1,1.84,0.307,0.023,3.79
2021-01-21 23:00,2.19,8.12,59.27,28.76,30.49,0.54,1,1.55,0.289,0.024,3.79
2021-01-22 0:00,3.04,8.14,61.6,28.7,30.62,0.54,1,2.06,0.295,0.025,3.78
2021-01-22 1:00,2.99,8.13,56.27,28.76,30.49,0.54,1,2.3,0.337,0.024,3.79
2021-01-22 2:00,3.0,8.13,59.26,28.74,30.52,0.54,1,2.19,0.339,0.025,3.79
2021-01-22 3:00,3.0,8.12,56.26,28.74,30.52,0.54,1,3.1,0.381,0.024,3.79
2021-01-22 4:00,3.02,8.12,57.17,28.72,30.57,0.54,1,2.66,0.427,0.026,3.79
2021-01-22 5:00,2.98,8.11,59.28,28.77,30.47,0.54,1,2.23,0.422,0.026,3.79
2021-01-22 6:00,2.95,8.14,61.31,28.8,30.39,0.53,1,2.48,0.438,0.024,3.79
2021-01-22 7:00,2.94,8.12,59.32,28.82,30.36,0.54,1,1.96,0.437,0.027,3.79
2021-01-22 8:00,2.94,8.1,59.32,28.82,30.37,0.54,1,1.68,0.446,0.027,3.79
2021-01-22 9:00,2.95,8.1,59.31,28.8,30.39,0.54,1,1.87,0.436,0.027,3.79
2021-01-22 10:00,2.98,8.09,59.28,28.77,30.47,0.54,1,2.33,0.439,0.025,3.79
2021-01-22 11:00,2.97,8.08,59.29,28.78,30.44,0.55,1,2.59,0.0,0.024,3.79
2021-01-22 12:00,2.95,8.09,59.31,28.8,30.39,0.54,1,2.72,0.508,0.023,3.79
2021-01-22 13:00,2.98,8.09,61.65,28.77,30.47,0.54,1,2.72,0.508,0.023,3.79
2021-01-22 14:00,3.22,8.09,65.15,28.7,30.63,0.55,1,2.72,0.508,0.0,3.78
2021-01-22 15:00,3.05,8.06,59.21,28.69,30.66,0.55,1,0.0,0.541,0.023,3.78
2021-01-22 16:00,3.01,8.06,59.25,28.73,30.55,0.55,1,0.0,0.527,0.023,3.79
2021-01-22 17:00,2.97,8.06,59.29,28.78,30.45,0.55,1,0.0,0.418,0.022,3.79
2021-01-22 18:00,3.94,8.06,59.28,28.77,30.47,0.55,1,0.0,0.404,0.021,3.79
2021-01-22 19:00,3.26,8.06,59.3,28.79,30.42,0.55,1,0.0,0.407,0.02,3.79
2021-01-22 20:00,3.17,8.07,59.27,28.76,30.5,0.55,1,0.0,0.328,0.024,3.79
2021-01-22 21:00,2.97,8.07,59.29,28.78,30.45,0.55,1,0.0,0.35,0.023,3.79
2021-01-22 22:00,3.0,8.07,59.26,28.74,30.52,0.55,1,0.0,0.293,0.018,3.79
2021-01-22 23:00,3.32,8.07,61.61,28.72,30.58,0.55,1,0.0,0.281,0.018,3.79
2021-01-23 0:00,3.06,8.07,59.2,28.67,30.68,0.55,1,0.0,0.29,0.018,3.78
2021-01-23 1:00,3.07,8.08,59.19,28.66,30.71,0.55,1,0.0,0.32,0.021,3.78
2021-01-23 2:00,3.08,8.09,59.18,28.65,30.73,0.55,1,0.0,0.332,0.018,3.78
2021-01-23 3:00,3.07,8.06,59.19,28.66,30.71,0.55,1,0.0,0.333,0.019,3.78
2021-01-23 4:00,3.01,8.04,61.62,28.73,30.55,0.56,1,0.0,0.372,0.02,3.79
2021-01-23 5:00,3.09,8.05,65.1,28.64,30.76,0.56,1,0.0,0.381,0.018,3.77
2021-01-23 6:00,3.06,8.07,59.2,28.67,30.68,0.55,1,0.0,0.387,0.019,3.78
2021-01-23 7:00,3.03,8.07,61.24,28.71,30.6,0.55,1,0.0,0.41,0.019,3.79
2021-01-23 8:00,3.02,8.07,57.24,28.72,30.58,0.55,1,0.0,0.414,0.021,3.79
2021-01-23 9:00,2.99,8.06,59.27,28.76,30.5,0.55,1,0.0,0.413,0.02,3.79
2021-01-23 10:00,3.05,8.05,59.21,28.69,30.66,0.56,1,0.0,0.444,0.021,3.78
2021-01-23 11:00,3.13,8.05,59.14,28.59,30.87,0.56,1,0.0,0.434,0.021,3.77
2021-01-23 12:00,3.09,8.05,61.18,28.64,30.76,0.56,1,0.0,0.464,0.021,3.77
2021-01-23 13:00,3.16,8.05,59.11,28.56,30.94,0.56,1,0.0,0.479,0.018,3.77
2021-01-23 14:00,3.5,8.08,59.09,28.54,31.0,0.56,1,0.0,0.465,0.023,3.77
2021-01-23 15:00,3.16,8.04,59.11,28.56,30.94,0.56,1,0.0,0.465,0.019,3.77
2021-01-23 16:00,3.17,8.05,63.1,28.55,30.97,0.56,1,0.0,0.465,0.023,3.77
2021-01-23 17:00,3.11,8.05,57.16,28.62,30.81,0.56,1,0.0,0.0,0.023,3.77
2021-01-23 18:00,3.14,8.04,59.13,28.58,30.89,0.56,1,0.0,0.491,0.022,3.77
2021-01-23 19:00,3.15,8.04,59.12,28.57,30.92,0.56,1,0.0,0.482,0.023,3.77
2021-01-23 20:00,3.08,8.04,59.18,28.65,30.74,0.56,1,0.0,0.485,0.02,3.78
2021-01-23 21:00,3.1,8.03,59.17,28.63,30.79,0.56,1,0.0,0.469,0.024,3.77
2021-01-23 22:00,3.06,8.03,59.2,28.67,30.68,0.56,2,0.0,0.48,0.022,3.78
2021-01-23 23:00,3.23,8.04,59.21,28.69,30.66,0.56,2,0.0,0.493,0.021,3.78
2021-01-24 0:00,3.83,8.04,59.23,28.71,30.61,0.56,1,0.0,0.501,0.02,3.79
2021-01-24 1:00,3.07,8.04,59.19,28.66,30.71,0.56,1,0.0,0.503,0.024,3.78
2021-01-24 2:00,3.04,8.03,59.23,28.7,30.63,0.56,1,0.0,0.508,0.029,3.78
2021-01-24 3:00,3.85,8.04,61.58,28.69,30.66,0.56,1,0.0,0.502,0.021,3.78
2021-01-24 4:00,3.03,8.04,59.23,28.71,30.61,0.56,1,0.0,0.548,0.024,3.79
2021-01-24 5:00,3.0,8.04,59.26,28.74,30.53,0.56,1,0.0,0.537,0.023,3.79
2021-01-24 6:00,3.01,8.04,59.25,28.73,30.55,0.56,1,0.0,0.533,0.023,3.79
2021-01-24 7:00,3.02,8.04,61.61,28.72,30.58,0.56,1,0.0,0.548,0.027,3.79
2021-01-24 8:00,3.03,8.03,65.15,28.71,30.61,0.56,1,0.0,0.525,0.022,3.79
2021-01-24 9:00,3.04,8.03,59.23,28.7,30.63,0.56,1,0.0,0.548,0.024,3.78
2021-01-24 10:00,3.12,8.03,59.15,28.61,30.84,0.56,1,0.0,0.525,0.022,3.77
2021-01-24 11:00,3.11,8.03,63.16,28.62,30.81,0.56,1,0.0,0.519,0.024,3.77
2021-01-24 12:00,3.14,8.04,59.13,28.58,30.89,0.56,1,0.0,0.528,0.021,3.77
2021-01-24 13:00,3.22,8.03,53.15,28.49,31.11,0.57,1,0.0,0.544,0.025,3.77
2021-01-24 14:00,3.29,8.04,58.99,28.41,31.29,0.57,1,0.0,0.544,0.025,3.76
2021-01-24 15:00,3.31,8.04,58.98,28.39,31.34,0.57,1,0.0,0.501,0.025,3.76
2021-01-24 16:00,3.3,8.08,58.98,28.4,31.31,0.56,1,0.0,0.53,0.026,3.76
2021-01-24 17:00,3.15,8.05,57.05,28.57,30.92,0.56,1,0.0,0.53,0.023,3.77
2021-01-24 18:00,3.17,8.06,57.03,28.55,30.97,0.56,1,0.0,0.53,0.024,3.77
2021-01-24 19:00,3.09,8.05,59.18,28.64,30.76,0.56,1,0.0,0.527,0.022,3.77
2021-01-24 20:00,3.08,8.05,53.26,28.65,30.73,0.56,1,0.0,0.453,0.025,3.78
2021-01-24 21:00,3.08,8.04,59.18,28.65,30.74,0.56,1,0.0,0.429,0.022,3.78
2021-01-24 22:00,3.06,8.07,62.2,28.67,30.68,0.55,1,0.0,0.455,0.024,3.78
2021-01-24 23:00,2.78,8.07,61.6,28.7,30.63,0.55,1,0.0,0.436,0.021,3.78
2021-01-25 0:00,3.04,8.06,59.23,28.7,30.63,0.55,1,0.0,0.427,0.026,3.78
2021-01-25 1:00,3.02,8.05,59.24,28.72,30.58,0.55,1,0.0,0.458,0.021,3.79
2021-01-25 2:00,3.04,8.05,59.23,28.7,30.63,0.56,1,0.0,0.448,0.018,3.78
2021-01-25 3:00,3.03,8.05,62.23,28.71,30.6,0.55,1,0.0,0.409,0.022,3.79
2021-01-25 4:00,3.05,8.05,59.21,28.69,30.66,0.56,1,0.0,0.435,0.021,3.78
2021-01-25 5:00,3.09,8.05,56.18,28.64,30.76,0.56,1,0.0,0.402,0.022,3.77
2021-01-25 6:00,3.33,8.05,59.13,28.58,30.89,0.56,1,0.0,0.435,0.024,3.77
2021-01-25 7:00,3.16,8.05,59.11,28.56,30.94,0.56,1,0.0,0.0,0.027,3.77
2021-01-25 8:00,3.19,8.04,63.08,28.52,31.03,0.57,1,0.0,0.427,0.024,3.77
2021-01-25 9:00,3.22,8.04,59.06,28.49,31.11,0.57,1,0.0,0.416,0.021,3.77
2021-01-25 10:00,3.31,8.04,58.98,28.39,31.34,0.57,1,0.0,0.392,0.021,3.76
2021-01-25 11:00,3.34,8.04,58.95,28.35,31.43,0.57,1,0.0,0.378,0.029,3.75
2021-01-25 12:00,3.43,8.05,58.86,28.25,31.67,0.58,1,0.0,0.354,0.029,3.75
2021-01-25 13:00,2.81,8.06,58.7,28.05,32.16,0.58,1,0.0,0.35,0.026,3.73
2021-01-25 14:00,3.63,8.07,58.68,28.02,32.21,0.58,1,0.0,0.358,0.026,3.73
2021-01-25 15:00,3.73,8.06,56.89,27.91,32.49,0.59,1,0.0,0.342,0.025,3.73
2021-01-25 16:00,3.59,8.08,58.71,28.07,32.1,0.58,1,0.0,0.351,0.027,3.73
2021-01-25 17:00,3.57,8.07,58.74,28.09,32.05,0.58,1,0.0,0.336,0.029,3.73
2021-01-25 18:00,3.57,8.07,55.74,28.09,32.05,0.58,1,0.0,0.325,0.027,3.73
2021-01-25 19:00,2.83,8.07,58.68,28.02,32.21,0.58,1,0.0,0.325,0.026,3.73
2021-01-25 20:00,3.57,8.07,58.74,28.09,32.05,0.58,1,0.0,0.325,0.027,3.73
2021-01-25 21:00,3.58,8.07,58.73,28.08,32.07,0.58,1,0.0,0.325,0.027,3.73
2021-01-25 22:00,3.59,8.07,52.84,28.07,32.11,0.58,1,0.0,0.325,0.027,3.73
2021-01-25 23:00,3.35,8.07,56.65,28.05,32.15,0.58,1,0.0,0.325,0.026,3.73
2021-01-26 0:00,3.62,8.07,64.56,28.03,32.18,0.58,1,0.0,0.325,0.026,3.73
2021-01-26 1:00,3.34,8.07,52.8,28.01,32.24,0.58,1,0.0,0.325,0.026,3.73
2021-01-26 2:00,3.29,8.07,58.66,28.0,32.26,0.58,1,0.0,0.325,0.026,3.73
2021-01-26 3:00,3.66,8.07,58.65,27.99,32.29,0.58,1,0.0,0.325,0.026,3.73
2021-01-26 4:00,3.66,8.07,56.65,27.99,32.29,0.58,1,0.0,0.325,0.026,3.73
2021-01-26 5:00,2.59,8.07,55.66,28.0,32.26,0.58,1,0.0,0.325,0.026,3.73
2021-01-26 6:00,3.64,8.07,58.67,28.01,32.24,0.58,1,0.0,0.325,0.026,3.73
2021-01-26 7:00,3.65,8.07,58.66,28.0,32.26,0.58,0,0.0,0.325,0.026,3.73
2021-01-26 8:00,3.63,8.07,56.68,28.02,32.21,0.58,1,0.0,0.325,0.026,3.73
2021-01-26 9:00,3.63,8.07,58.68,28.02,32.21,0.58,1,0.0,0.325,0.026,3.73
2021-01-26 10:00,3.65,8.08,61.01,28.0,32.26,0.58,0,0.0,0.325,0.026,3.73
2021-01-26 11:00,3.68,8.08,60.99,27.97,32.35,0.58,0,0.0,0.325,0.026,3.73
2021-01-26 12:00,4.46,7.96,60.27,27.11,34.57,0.66,1,0.0,0.325,0.026,3.67
2021-01-26 13:00,4.28,7.93,60.92,27.08,34.66,0.67,1,0.0,0.325,0.026,3.66
2021-01-26 14:00,4.52,7.96,57.89,27.05,34.75,0.66,1,0.0,0.325,0.026,3.66
2021-01-26 15:00,4.49,7.99,54.92,27.08,34.66,0.65,1,0.0,0.325,0.026,3.66
2021-01-26 16:00,4.52,8.01,57.89,27.05,34.75,0.65,1,0.0,0.325,0.0,3.66
2021-01-26 17:00,4.81,8.01,57.88,27.03,34.8,0.65,1,0.0,0.0,0.031,3.66
2021-01-26 18:00,4.9,8.03,57.81,26.94,35.04,0.65,1,1.57,0.372,0.027,3.65
2021-01-26 19:00,5.21,8.03,57.82,26.95,35.01,0.65,1,1.72,0.364,0.032,3.65
2021-01-26 20:00,4.62,8.03,63.59,26.94,35.04,0.65,1,1.85,0.352,0.029,3.65
2021-01-26 21:00,5.44,8.03,57.79,26.92,35.1,0.65,1,2.27,0.337,0.031,3.65
2021-01-26 22:00,4.62,8.03,57.81,26.94,35.04,0.65,1,0.0,0.323,0.028,3.65
2021-01-26 23:00,4.9,8.02,60.83,26.96,34.98,0.65,1,1.37,0.313,0.027,3.65
2021-01-27 0:00,4.61,8.03,57.82,26.95,35.01,0.65,1,1.99,0.331,0.028,3.65
2021-01-27 1:00,5.06,8.02,57.83,26.96,34.98,0.65,1,1.55,0.335,0.027,3.65
2021-01-27 2:00,4.62,8.01,57.81,26.94,35.04,0.66,1,1.65,0.321,0.028,3.65
2021-01-27 3:00,4.55,8.01,57.87,27.02,34.83,0.65,1,1.16,0.326,0.029,3.66
2021-01-27 4:00,4.56,8.01,60.86,27.0,34.86,0.65,1,1.43,0.309,0.027,3.66
2021-01-27 5:00,4.58,8.0,55.82,26.98,34.92,0.65,1,1.26,0.337,0.025,3.65
2021-01-27 6:00,3.84,8.0,57.89,27.04,34.78,0.65,1,1.19,0.336,0.028,3.66
2021-01-27 7:00,4.53,7.99,55.86,27.04,34.78,0.65,1,1.37,0.304,0.029,3.66
2021-01-27 8:00,4.5,7.99,57.91,27.07,34.69,0.65,1,1.3,0.316,0.028,3.66
2021-01-27 9:00,4.08,7.99,57.83,26.96,34.98,0.66,1,1.5,0.331,0.029,3.65
2021-01-27 10:00,4.69,7.99,57.75,26.87,35.25,0.66,0,1.18,0.322,0.029,3.65
2021-01-27 11:00,4.23,8.0,55.74,26.86,35.28,0.66,1,1.43,0.315,0.028,3.65
2021-01-27 12:00,4.61,8.01,57.82,26.95,35.01,0.65,1,1.26,0.336,0.029,3.65
2021-01-27 13:00,4.69,8.01,60.06,26.87,35.25,0.66,1,1.41,0.346,0.028,3.65
2021-01-27 14:00,5.35,8.02,57.87,27.02,34.83,0.65,1,1.16,0.344,0.028,3.66
2021-01-27 15:00,4.49,8.02,57.92,27.08,34.66,0.64,1,1.49,0.317,0.029,3.66
2021-01-27 16:00,4.41,8.02,57.99,27.17,34.42,0.64,1,1.65,0.325,0.027,3.67
2021-01-27 17:00,4.67,8.02,57.99,27.17,34.42,0.64,1,1.59,0.325,0.03,3.67
2021-01-27 18:00,4.38,8.02,58.02,27.2,34.33,0.64,1,1.64,0.325,0.028,3.67
2021-01-27 19:00,4.3,8.02,60.41,27.29,34.1,0.63,1,1.43,0.307,0.028,3.68
2021-01-27 20:00,4.31,8.02,56.05,27.27,34.13,0.63,1,1.48,0.248,0.032,3.67
2021-01-27 21:00,4.25,8.03,58.13,27.34,33.96,0.63,1,1.51,0.209,0.027,3.68
2021-01-27 22:00,4.27,8.02,55.11,27.32,34.02,0.63,1,1.53,0.212,0.028,3.68
2021-01-27 23:00,4.3,8.02,58.09,27.29,34.1,0.63,1,1.68,0.207,0.028,3.68
2021-01-28 0:00,4.36,8.01,60.35,27.22,34.28,0.64,1,1.79,0.205,0.029,3.67
2021-01-28 1:00,5.06,8.02,56.09,27.33,33.99,0.63,1,1.4,0.188,0.026,3.68
2021-01-28 2:00,4.4,8.01,58.22,27.45,33.67,0.63,1,1.57,0.206,0.028,3.69
2021-01-28 3:00,4.13,8.01,58.23,27.47,33.61,0.63,1,1.55,0.191,0.027,3.69
2021-01-28 4:00,4.06,8.01,58.3,27.55,33.41,0.62,1,1.45,0.219,0.027,3.69
2021-01-28 5:00,3.62,8.01,58.33,27.59,33.3,0.62,1,1.5,0.218,0.027,3.7
2021-01-28 6:00,4.29,8.0,56.36,27.62,33.22,0.62,1,1.0,0.223,0.025,3.71
2021-01-28 7:00,4.0,8.0,64.19,27.61,33.24,0.62,1,1.54,0.202,0.026,3.71
2021-01-28 8:00,4.01,8.0,60.34,27.6,33.27,0.62,1,1.55,0.201,0.028,3.7
2021-01-28 9:00,4.05,8.01,56.31,27.56,33.39,0.62,0,1.62,0.194,0.028,3.69
2021-01-28 10:00,4.02,8.0,58.33,27.59,33.3,0.62,0,0.0,0.0,0.0,3.7
2021-01-28 11:00,3.99,8.0,58.36,27.62,33.22,0.62,0,0.0,0.0,0.0,3.71
2021-01-28 12:00,3.98,7.99,52.53,27.63,33.19,0.62,0,0.0,0.0,0.0,3.71
2021-01-28 13:00,3.99,8.0,58.36,27.62,33.22,0.62,2,0.0,0.0,0.0,3.71
2021-01-28 14:00,4.03,8.0,58.32,27.58,33.33,0.62,2,1.92,0.417,0.052,3.7
2021-01-28 15:00,3.94,7.98,60.74,27.68,33.08,0.62,2,2.57,0.385,0.049,3.71
2021-01-28 16:00,4.73,7.99,61.41,27.69,33.05,0.62,2,2.21,0.263,0.041,3.71
2021-01-28 17:00,3.89,8.01,58.45,27.73,32.93,0.61,1,1.94,0.206,0.037,3.71
2021-01-28 18:00,3.86,7.99,58.48,27.77,32.85,0.61,1,1.79,0.211,0.035,3.71
2021-01-28 19:00,3.82,7.99,58.51,27.81,32.74,0.61,1,2.12,0.211,0.039,3.71
2021-01-28 20:00,3.76,7.99,58.56,27.88,32.58,0.61,1,2.27,0.211,0.032,3.73
2021-02-01 15:00,4.35,8.02,58.04,27.23,34.25,0.64,3,0.0,0.0,0.0,3.67
2021-02-01 16:00,4.27,8.02,56.11,27.32,34.02,0.63,2,0.0,0.0,0.0,3.68
2021-02-01 17:00,4.09,8.01,58.04,27.23,34.25,0.64,2,0.0,0.0,0.0,3.67
2021-02-01 18:00,4.44,7.99,58.18,27.41,33.79,0.63,2,0.61,0.397,0.0,3.69
2021-02-01 19:00,4.23,8.0,56.11475,27.36,33.9,0.63,2,0.03,0.365,0.038,3.69
2021-02-01 20:00,4.12,8.0,56.2016,27.48,33.59,0.63,2,0.31,0.326,0.032,3.69
2021-02-01 21:00,4.14,8.01,58.23,27.46,33.64,0.63,2,0.44,0.33,0.0,3.69
2021-02-01 22:00,4.15,8.0,58.22,27.45,33.67,0.63,2,0.45,0.341,0.032,3.69
2021-02-01 23:00,4.37,8.0,58.24,27.48,33.59,0.63,2,0.25,0.357,0.034,3.69
2021-02-02 0:00,4.11,8.01,58.25,27.49,33.56,0.62,2,0.78,0.357,0.032,3.69
2021-02-02 1:00,4.96,8.0,58.21,27.44,33.7,0.63,2,0.29,0.377,0.0,3.68
2021-02-02 2:00,4.18,8.01,60.5176,27.42,33.76,0.63,2,0.19,0.368,0.031,3.69
2021-02-02 3:00,4.2,8.01,58.17,27.39,33.82,0.63,2,0.49,0.382,0.03,3.69
2021-02-02 4:00,3.97,8.01,58.38,27.64,33.16,0.62,2,0.21,0.404,0.03,3.71
2021-02-02 5:00,3.68,8.01,56.64,27.97,32.35,0.6,3,0.0,0.377,0.03,3.73
2021-02-02 6:00,3.67,7.99,58.65,27.98,32.33,0.6,3,0.44,0.383,0.026,3.73
2021-02-02 7:00,3.95,7.99,58.66,28.0,32.27,0.6,2,0.38,0.365,0.026,3.73
2021-02-02 8:00,3.63,7.99,58.68,28.02,32.21,0.6,2,0.45,0.366,0.027,3.73
2021-02-02 9:00,3.4,7.99,58.65,27.99,32.3,0.6,2,0.4,0.354,0.03,3.73
2021-02-02 10:00,3.69,7.99,58.63,27.96,32.38,0.6,2,0.49,0.342,0.03,3.73
2021-02-02 11:00,3.7,7.99,58.62,27.95,32.41,0.6,2,0.25,0.0,0.03,3.73
2021-02-02 12:00,3.78,8.0,56.57,27.86,32.62,0.61,2,0.25,0.344,0.031,3.72
2021-02-02 13:00,3.91,8.0,58.43,27.71,32.99,0.61,2,0.27,0.336,0.029,3.71
2021-02-02 14:00,4.01,8.01,58.34,27.6,33.27,0.62,2,0.32,0.337,0.028,3.7
2021-02-02 15:00,4.1,8.06,58.26,27.5,33.52,0.61,2,0.5,0.329,0.029,3.69
2021-02-02 16:00,3.94,8.04,55.4,27.68,33.07,0.61,2,0.24,0.329,0.029,3.71
2021-02-02 17:00,3.93,8.03,58.41,27.69,33.05,0.61,2,0.31,0.329,0.028,3.71
2021-02-02 18:00,3.91,8.03,58.43,27.71,32.99,0.61,2,0.4,0.357,0.026,3.71
2021-02-02 19:00,3.92,8.03,60.42,27.7,33.02,0.61,2,0.4,0.353,0.026,3.71
2021-02-02 20:00,3.93,8.03,58.41,27.69,33.05,0.61,2,0.63,0.349,0.031,3.71
2021-02-02 21:00,3.66,8.03,60.7568,27.7,33.02,0.61,2,0.36,0.351,0.031,3.71
2021-02-02 22:00,3.92,8.03,55.42,27.7,33.02,0.61,2,0.6,0.328,0.027,3.71
2021-02-02 23:00,3.91,8.04,58.43,27.71,32.99,0.61,2,0.47,0.311,0.029,3.71
2021-02-03 0:00,3.88,8.03,58.46,27.74,32.9,0.61,2,0.38,0.33,0.028,3.71
2021-02-03 1:00,3.88,8.06,58.46,27.74,32.9,0.6,1,0.43,0.332,0.03,3.71
2021-02-03 2:00,3.81,8.04,58.52,27.82,32.71,0.6,1,0.26,0.325,0.03,3.71
2021-02-03 3:00,3.59,8.04,58.49,27.78,32.82,0.6,1,0.23,0.326,0.026,3.71
2021-02-03 4:00,4.17,8.04,58.46,27.76,32.88,0.6,1,0.22,0.321,0.028,3.71
2021-02-03 5:00,3.68,8.04,58.64,27.97,32.35,0.59,2,0.67,0.325,0.028,3.73
2021-02-03 6:00,3.52,8.03,58.78,28.15,31.91,0.59,1,1.08,0.329,0.026,3.75
2021-02-03 7:00,3.49,8.03,61.1624,28.18,31.83,0.58,1,1.07,0.339,0.029,3.75
2021-02-03 8:00,3.51,8.02,58.79,28.16,31.88,0.59,1,0.63,0.337,0.026,3.75
2021-02-03 9:00,3.56,8.02,55.75,28.1,32.02,0.59,1,1.28,0.329,0.028,3.73
2021-02-03 10:00,3.58,8.01,58.73,28.08,32.08,0.59,1,0.86,0.349,0.032,3.73
2021-02-03 11:00,3.62,8.01,56.63585,28.03,32.19,0.6,1,0.5,0.353,0.031,3.73
2021-02-03 12:00,3.84,8.02,58.49,27.79,32.8,0.61,1,0.34,0.342,0.03,3.71
2021-02-03 13:00,3.98,8.03,58.37,27.63,33.19,0.61,1,0.0,0.34,0.028,3.71
2021-02-03 14:00,3.83,8.03,58.27,27.51,33.5,0.62,1,0.38,0.343,0.028,3.69
2021-02-03 15:00,4.38,8.03,60.6112,27.52,33.47,0.62,1,0.52,0.343,0.029,3.69
2021-02-03 16:00,4.14,8.04,60.5592,27.46,33.64,0.62,1,0.72,0.345,0.028,3.69
2021-02-03 17:00,4.13,8.04,60.5592,27.47,33.61,0.62,2,0.53,0.327,0.029,3.69
2021-02-03 18:00,4.29,8.03,58.36,27.62,33.21,0.61,2,0.68,0.327,0.031,3.71
2021-02-03 19:00,3.96,8.04,58.39,27.66,33.13,0.61,2,0.76,0.327,0.029,3.71
2021-02-03 20:00,3.91,8.04,58.43,27.71,32.99,0.61,2,1.77,0.0,0.0,3.71
2021-02-03 21:00,4.22,8.04,58.37,27.63,33.19,0.61,2,1.46,0.391,0.033,3.71
2021-02-03 22:00,3.97,8.03,55.38,27.64,33.16,0.61,2,1.55,0.361,0.029,3.71
2021-02-03 23:00,3.98,8.03,64.207,27.63,33.19,0.61,2,1.71,0.362,0.033,3.71
2021-02-04 0:00,4.02,8.03,55.33,27.59,33.3,0.61,2,1.96,0.357,0.028,3.7
2021-02-04 1:00,3.83,8.02,61.39,27.66,33.13,0.61,3,2.18,0.355,0.028,3.71
2021-02-04 2:00,4.21,8.02,58.43,27.71,32.99,0.61,2,1.4,0.36,0.03,3.71
2021-02-04 3:00,3.83,8.01,55.5,27.8,32.77,0.61,2,1.49,0.351,0.03,3.71
2021-02-04 4:00,3.77,8.01,58.56,27.87,32.6,0.6,3,1.32,0.38,0.0,3.73
2021-02-04 5:00,3.76,8.01,58.56,27.88,32.58,0.6,3,1.31,0.408,0.03,3.73
2021-02-04 6:00,3.9,8.01,58.64,27.97,32.35,0.6,4,1.22,0.391,0.03,3.73
2021-02-04 7:00,3.79,7.99,58.73,28.08,32.08,0.6,5,1.28,0.437,0.028,3.73
2021-02-04 8:00,3.69,7.99,61.1728,28.19,31.81,0.59,4,1.53,0.455,0.028,3.75
2021-02-04 9:00,3.48,7.98,58.82,28.19,31.81,0.59,3,1.57,0.443,0.026,3.75
2021-02-04 10:00,3.49,7.98,58.81,28.18,31.83,0.6,3,1.49,0.417,0.027,3.75
2021-02-04 11:00,3.26,7.99,56.7227,28.15,31.91,0.59,3,1.25,0.397,0.028,3.75
2021-02-04 12:00,3.57,8.0,58.74,28.09,32.05,0.6,2,1.04,0.378,0.027,3.73
2021-02-04 13:00,3.71,8.0,56.61,27.94,32.44,0.6,2,1.54,0.391,0.027,3.73
2021-02-04 14:00,3.81,8.01,60.8608,27.82,32.71,0.61,2,1.56,0.387,0.029,3.71
2021-02-04 15:00,3.47,8.0,52.632,27.78,32.82,0.61,2,1.48,0.39,0.029,3.71
2021-02-04 16:00,3.99,8.02,58.36,27.62,33.22,0.62,2,1.35,0.397,0.026,3.71
2021-02-04 17:00,3.8,8.02,58.53,27.83,32.68,0.6,2,1.18,0.394,0.023,3.71
2021-02-04 18:00,3.78,8.02,58.57,27.86,32.62,0.6,2,1.82,0.4,0.024,3.72
2021-02-04 19:00,3.65,8.01,58.66,28.0,32.27,0.6,2,1.35,0.387,0.024,3.73
2021-02-04 20:00,3.6,8.01,55.71,28.06,32.13,0.59,2,1.28,0.387,0.023,3.73
2021-02-04 21:00,3.67,8.03,58.65,27.98,32.32,0.59,2,1.69,0.387,0.023,3.73
2021-02-04 22:00,3.66,8.03,58.65,27.99,32.29,0.59,2,1.59,0.0,0.0,3.73
2021-02-04 23:00,3.66,8.03,61.65,27.99,32.29,0.59,2,1.81,0.384,0.023,3.73
2021-02-05 0:00,3.66,8.03,58.65,27.99,32.29,0.59,1,1.65,0.36,0.023,3.73
2021-02-05 1:00,3.65,8.05,58.66,28.0,32.27,0.59,1,1.87,0.0,0.023,3.73
2021-02-05 2:00,3.66,8.04,58.65,27.99,32.29,0.59,1,1.42,0.379,0.024,3.73
2021-02-05 3:00,3.66,8.04,61.65,27.99,32.29,0.59,1,1.86,0.372,0.025,3.73
2021-02-05 4:00,3.4,8.04,55.65,27.99,32.29,0.59,1,1.41,0.366,0.0,3.73
2021-02-05 5:00,3.35,8.01,56.7,28.05,32.16,0.6,1,1.43,0.356,0.023,3.73
2021-02-05 6:00,3.57,8.05,60.74,28.09,32.05,0.58,1,1.32,0.36,0.025,3.73
2021-02-05 7:00,3.56,8.04,58.75,28.1,32.02,0.59,1,1.31,0.367,0.022,3.73
2021-02-05 8:00,3.58,8.05,64.603,28.08,32.08,0.58,1,1.2,0.365,0.024,3.73
2021-02-05 9:00,3.59,8.02,58.71,28.07,32.11,0.59,1,1.85,0.363,0.022,3.73
2021-02-05 10:00,3.61,8.02,61.1104,28.13,31.97,0.59,1,1.56,0.359,0.021,3.74
2021-02-05 11:00,3.62,8.05,56.69,28.03,32.18,0.59,1,1.41,0.351,0.022,3.73
2021-02-05 12:00,4.03,8.05,58.65,27.99,32.29,0.59,1,1.59,0.349,0.0,3.73
2021-02-05 13:00,3.74,8.06,56.5297,27.9,32.51,0.59,1,1.8,0.368,0.025,3.73
2021-02-05 14:00,4.25,8.04,56.48,27.77,32.85,0.6,1,1.56,0.355,0.024,3.71
2021-02-05 15:00,3.93,8.04,60.7464,27.69,33.05,0.61,1,1.54,0.373,0.022,3.71
2021-02-05 16:00,3.88,8.06,58.46,27.74,32.9,0.6,1,1.8,0.393,0.026,3.71
2021-02-05 17:00,3.85,8.04,60.8296,27.78,32.82,0.6,1,1.74,0.37,0.023,3.71
2021-02-05 18:00,3.85,8.04,60.8296,27.78,32.82,0.6,1,0.83,0.363,0.023,3.71
2021-02-05 19:00,3.87,8.05,58.46,27.76,32.88,0.6,2,0.88,0.365,0.02,3.71
2021-02-05 20:00,3.94,8.04,58.4,27.68,33.07,0.61,2,0.87,0.367,0.022,3.71
2021-02-05 21:00,3.95,8.0,58.4,27.67,33.1,0.62,3,1.22,0.366,0.021,3.71
2021-02-05 22:00,3.97,8.02,58.38,27.64,33.16,0.61,2,1.11,0.366,0.022,3.71
2021-02-05 23:00,3.95,8.02,58.4,27.67,33.1,0.61,2,1.44,0.366,0.022,3.71
2021-02-06 0:00,3.98,8.01,58.37,27.63,33.19,0.62,2,1.38,0.0,0.024,3.71
2021-02-06 1:00,3.99,8.0,52.524,27.62,33.22,0.62,2,0.69,0.361,0.022,3.71
2021-02-06 2:00,3.13,8.0,58.41,27.69,33.05,0.62,2,0.87,0.0,0.0,3.71
2021-02-06 3:00,3.96,7.98,58.39,27.66,33.13,0.62,2,1.19,0.0,0.021,3.71
2021-02-06 4:00,3.95,7.99,58.4,27.67,33.11,0.62,2,1.35,0.36,0.0,3.71
2021-02-06 5:00,3.9,7.98,58.44,27.72,32.96,0.62,2,1.31,0.317,0.02,3.71
2021-02-06 6:00,3.88,7.98,60.7984,27.74,32.91,0.62,2,1.17,0.313,0.024,3.71
2021-02-06 7:00,3.86,8.0,58.48,27.77,32.85,0.61,2,1.02,0.329,0.023,3.71
2021-02-06 8:00,3.85,7.98,58.48,27.78,32.83,0.62,2,0.78,0.348,0.024,3.71
2021-02-06 9:00,3.82,8.0,58.51,27.81,32.74,0.61,2,0.98,0.336,0.022,3.71
2021-02-06 10:00,4.15,7.97,60.8192,27.78,32.83,0.62,3,1.14,0.0,0.024,3.71
2021-02-06 11:00,3.87,7.95,58.46,27.76,32.88,0.62,4,0.95,0.331,0.023,3.71
2021-02-06 12:00,3.89,7.94,58.45,27.73,32.94,0.63,3,1.3,0.351,0.025,3.71
2021-02-06 13:00,3.91,7.96,64.273,27.71,32.99,0.62,3,0.85,0.424,0.023,3.71
2021-02-06 14:00,3.18,7.95,58.37,27.63,33.19,0.63,2,1.04,0.416,0.023,3.71
2021-02-06 15:00,4.09,7.97,58.27,27.51,33.5,0.63,2,1.07,0.387,0.025,3.69
2021-02-06 16:00,4.15,7.99,58.22,27.45,33.67,0.63,2,1.02,0.313,0.023,3.69
2021-02-06 17:00,4.13,7.97,58.23,27.47,33.62,0.63,2,1.02,0.326,0.023,3.69
2021-02-06 18:00,3.76,7.98,56.19,27.42,33.76,0.64,2,0.96,0.325,0.023,3.69
2021-02-06 19:00,3.89,7.97,58.22,27.45,33.67,0.64,2,1.18,0.35,0.025,3.69
2021-02-06 20:00,4.3,7.96,58.09,27.29,34.11,0.65,3,0.9,0.34,0.023,3.68
2021-02-06 21:00,4.38,7.95,56.01,27.2,34.34,0.65,3,0.91,0.342,0.025,3.67
2021-02-06 22:00,4.73,7.93,57.97,27.14,34.49,0.66,3,1.07,0.354,0.023,3.67
2021-02-06 23:00,4.13,7.98,58.23,27.47,33.62,0.63,2,1.09,0.341,0.023,3.69
2021-02-07 0:00,4.3,7.94,58.09,27.29,34.11,0.65,2,0.99,0.341,0.025,3.68
2021-02-07 1:00,3.59,7.96,58.01,27.19,34.37,0.65,2,1.01,0.341,0.025,3.67
2021-02-07 2:00,4.4,7.95,63.8,27.18,34.4,0.66,2,0.92,0.366,0.026,3.67
2021-02-07 3:00,4.37,7.92,56.02,27.21,34.31,0.66,2,0.6,0.279,0.023,3.67
2021-02-07 4:00,4.36,7.92,56.03,27.22,34.28,0.66,2,0.9,0.297,0.023,3.67
2021-02-07 5:00,4.32,7.91,52.263,27.26,34.17,0.66,2,0.51,0.311,0.025,3.67
2021-02-07 6:00,4.33,7.93,58.06,27.25,34.2,0.66,2,0.47,0.341,0.026,3.67
2021-02-07 7:00,4.33,7.94,56.0279,27.25,34.2,0.65,2,0.68,0.357,0.024,3.67
2021-02-07 8:00,4.36,7.94,58.03,27.22,34.28,0.66,2,0.78,0.375,0.025,3.67
2021-02-07 9:00,4.15,7.94,52.398,27.45,33.68,0.64,2,1.1,0.382,0.024,3.69
2021-02-07 10:00,4.22,7.96,58.16,27.37,33.88,0.64,2,0.95,0.352,0.0,3.69
2021-02-07 11:00,4.25,7.96,63.943,27.34,33.96,0.64,3,1.01,0.348,0.024,3.68
2021-02-07 12:00,4.18,7.99,58.19,27.42,33.76,0.63,2,0.85,0.336,0.023,3.69
2021-02-07 13:00,4.23,8.0,58.15,27.36,33.9,0.63,2,1.33,0.0,0.022,3.69
2021-02-07 14:00,4.27,7.99,58.11,27.32,34.02,0.64,2,1.19,0.403,0.024,3.68
2021-02-07 15:00,4.0,7.99,58.09,27.29,34.1,0.64,2,1.44,0.416,0.024,3.68
2021-02-07 16:00,3.55,7.99,58.04,27.23,34.25,0.64,2,1.46,0.419,0.024,3.67
2021-02-07 17:00,4.3,7.99,58.09,27.29,34.1,0.64,2,1.18,0.409,0.024,3.68
2021-02-07 18:00,4.34,7.99,58.05,27.24,34.22,0.64,2,1.42,0.406,0.023,3.67
2021-02-07 19:00,4.2,7.98,58.17,27.39,33.82,0.64,2,0.95,0.41,0.024,3.69
2021-02-07 20:00,4.34,8.0,58.05,27.24,34.22,0.64,2,1.07,0.415,0.022,3.67
2021-02-07 21:00,4.26,7.99,58.12,27.33,33.99,0.64,2,0.88,0.386,0.022,3.68
2021-02-07 22:00,4.25,8.0,58.13,27.34,33.96,0.63,2,1.05,0.393,0.022,3.68
2021-02-07 23:00,4.14,7.99,56.19195,27.46,33.64,0.63,2,1.5,0.383,0.026,3.69
2021-02-08 0:00,4.0,8.0,58.35,27.61,33.24,0.62,2,1.46,0.409,0.024,3.71
2021-02-08 1:00,3.97,7.99,64.218,27.64,33.16,0.62,2,1.89,0.415,0.024,3.71
2021-02-08 2:00,4.31,8.01,58.34,27.6,33.27,0.62,2,1.87,0.415,0.022,3.7
2021-02-08 3:00,3.89,8.01,58.45,27.73,32.93,0.61,1,1.75,0.415,0.025,3.71
2021-02-08 4:00,3.87,7.99,58.46,27.76,32.88,0.61,2,1.65,0.401,0.026,3.71
2021-02-08 5:00,3.84,7.99,58.49,27.79,32.8,0.61,1,1.42,0.347,0.023,3.71
2021-02-08 6:00,3.87,7.98,58.46,27.76,32.88,0.62,2,1.42,0.346,0.024,3.71
2021-02-08 7:00,3.59,7.96,58.48,27.78,32.83,0.62,2,1.48,0.341,0.022,3.71
2021-02-08 8:00,3.83,7.98,58.5,27.8,32.77,0.61,2,1.32,0.351,0.026,3.71
2021-02-08 9:00,3.87,7.97,60.46,27.76,32.88,0.62,2,1.47,0.355,0.024,3.71
2021-02-08 10:00,3.92,7.99,58.42,27.7,33.02,0.62,2,1.62,0.36,0.023,3.71
2021-02-08 11:00,3.67,7.99,58.65,27.98,32.33,0.6,2,1.51,0.351,0.026,3.73
2021-02-08 12:00,3.41,7.99,58.65,27.98,32.33,0.6,2,1.42,0.351,0.025,3.73
2021-02-08 13:00,3.68,7.99,55.64,27.97,32.35,0.6,2,1.27,0.362,0.0,3.73
2021-02-08 14:00,3.69,8.0,58.63,27.96,32.38,0.6,2,1.95,0.386,0.025,3.73
2021-02-08 15:00,3.76,8.0,58.56,27.88,32.58,0.61,2,2.03,0.363,0.023,3.73
2021-02-08 16:00,3.87,8.0,60.7984,27.76,32.88,0.61,2,1.75,0.362,0.024,3.71
2021-02-08 17:00,3.87,8.0,58.46,27.76,32.88,0.61,2,1.67,0.353,0.025,3.71
2021-02-08 18:00,3.83,8.01,58.5,27.8,32.77,0.61,1,1.72,0.376,0.026,3.71
2021-02-08 19:00,3.77,8.01,55.56,27.87,32.6,0.6,1,1.3,0.325,0.023,3.73
2021-02-08 20:00,3.72,7.99,58.6,27.92,32.46,0.61,1,1.28,0.355,0.022,3.73
2021-02-08 21:00,3.69,8.0,58.63,27.96,32.38,0.6,1,0.0,0.322,0.023,3.73
2021-02-08 22:00,3.68,8.0,58.64,27.97,32.35,0.6,1,1.71,0.34,0.023,3.73
2021-02-08 23:00,3.66,8.01,55.65,27.99,32.3,0.6,1,1.18,0.333,0.023,3.73
2021-02-09 0:00,3.59,8.01,56.65515,28.07,32.11,0.59,2,1.76,0.362,0.023,3.73
2021-02-09 1:00,3.56,8.0,55.75,28.1,32.02,0.59,2,1.62,0.346,0.025,3.73
2021-02-09 2:00,3.45,7.99,58.85,28.23,31.72,0.59,2,1.58,0.357,0.026,3.75
2021-02-09 3:00,3.66,7.99,61.85,28.23,31.72,0.59,2,1.74,0.352,0.025,3.75
2021-02-09 4:00,3.41,7.99,58.88,28.27,31.62,0.59,1,1.62,0.352,0.023,3.75
2021-02-09 5:00,3.4,7.99,58.89,28.28,31.59,0.59,1,2.03,0.352,0.024,3.75
2021-02-09 6:00,3.34,7.99,58.95,28.35,31.43,0.58,1,1.9,0.381,0.022,3.75
2021-02-09 7:00,3.34,7.98,58.95,28.35,31.43,0.59,1,1.55,0.31,0.023,3.75
2021-02-09 8:00,3.43,7.97,58.86,28.25,31.67,0.59,1,1.7,0.281,0.025,3.75
2021-02-09 9:00,3.46,7.97,58.84,28.22,31.75,0.6,1,1.7,0.281,0.022,3.75
2021-02-09 10:00,3.49,7.98,58.81,28.18,31.83,0.6,2,1.87,0.292,0.026,3.75
2021-02-09 11:00,3.5,8.0,58.8,28.17,31.86,0.59,2,1.51,0.288,0.025,3.75
2021-02-09 12:00,3.53,8.01,58.77,28.14,31.94,0.59,2,1.77,0.299,0.025,3.74
2021-02-09 13:00,3.41,7.99,58.88,28.27,31.62,0.59,2,1.93,0.272,0.027,3.75
2021-02-09 14:00,3.48,8.01,64.702,28.19,31.81,0.59,2,3.12,0.286,0.0,3.75
2021-02-09 15:00,3.64,8.0,58.86,28.25,31.67,0.59,2,3.22,0.0,0.0,3.75
2021-02-09 16:00,3.59,8.0,58.71,28.07,32.11,0.6,1,0.0,0.0,0.0,3.73
2021-02-09 17:00,3.64,8.0,58.67,28.01,32.24,0.6,1,3.1,0.268,0.026,3.73
2021-02-09 18:00,3.6,8.0,58.71,28.06,32.13,0.6,1,2.53,0.258,0.027,3.73
2021-02-09 19:00,3.56,7.99,52.911,28.1,32.01,0.6,1,2.15,0.272,0.024,3.74
2021-02-09 20:00,3.55,7.98,58.75,28.11,32.0,0.6,1,1.65,0.267,0.023,3.73
2021-02-09 21:00,3.6,7.98,61.0584,28.06,32.13,0.6,1,1.52,0.294,0.024,3.73
2021-02-09 22:00,3.57,7.98,52.866,28.09,32.05,0.6,1,1.73,0.276,0.026,3.73
2021-02-09 23:00,3.35,7.98,58.94,28.34,31.46,0.59,2,1.64,0.301,0.023,3.75
2021-02-10 0:00,3.45,8.0,56.7806,28.23,31.72,0.59,1,1.81,0.298,0.0,3.75
2021-02-10 1:00,3.58,8.0,58.73,28.08,32.08,0.6,1,1.34,0.318,0.027,3.73
2021-02-10 2:00,3.62,8.01,58.69,28.03,32.19,0.6,2,0.67,0.307,0.025,3.73
2021-02-10 3:00,3.86,8.01,58.67,28.01,32.24,0.6,2,0.89,0.303,0.024,3.73
2021-02-10 4:00,3.67,8.03,58.65,27.98,32.32,0.59,1,1.32,0.341,0.024,3.73
2021-02-10 5:00,3.65,8.03,58.66,28.0,32.27,0.59,1,1.33,0.31,0.024,3.73
2021-02-10 6:00,3.63,8.01,58.68,28.02,32.21,0.6,1,1.32,0.31,0.022,3.73
2021-02-10 7:00,3.66,8.0,58.65,27.99,32.3,0.6,1,1.25,0.31,0.024,3.73
2021-02-10 8:00,3.59,7.99,58.71,28.07,32.11,0.6,1,1.26,0.28,0.024,3.73
2021-02-10 9:00,3.72,7.99,58.6,27.92,32.46,0.61,2,1.58,0.29,0.023,3.73
2021-02-10 10:00,3.76,8.01,58.56,27.88,32.58,0.6,2,0.96,0.277,0.023,3.73
2021-02-10 11:00,3.83,8.08,58.5,27.8,32.76,0.59,2,1.3,0.293,0.022,3.71
2021-02-10 12:00,3.84,8.11,56.44285,27.79,32.79,0.59,2,1.23,0.281,0.022,3.71
2021-02-10 13:00,3.77,8.13,58.56,27.87,32.59,0.58,2,1.06,0.289,0.023,3.73
2021-02-10 14:00,3.72,8.15,55.6,27.92,32.45,0.57,2,1.28,0.278,0.024,3.73
2021-02-10 15:00,4.09,8.15,58.6,27.92,32.45,0.57,2,1.33,0.263,0.023,3.73
2021-02-10 16:00,3.82,8.12,58.51,27.81,32.73,0.58,2,1.41,0.276,0.025,3.71
2021-02-10 17:00,3.01,8.1,58.52,27.82,32.71,0.59,2,1.54,0.288,0.025,3.71
2021-02-10 18:00,3.82,8.1,58.51,27.81,32.73,0.59,2,1.21,0.268,0.023,3.71
2021-02-10 19:00,3.75,8.1,58.57,27.89,32.54,0.58,2,0.94,0.271,0.028,3.73
2021-02-10 20:00,3.58,8.08,58.49,27.79,32.79,0.59,1,1.18,0.258,0.025,3.71
2021-02-10 21:00,3.65,8.09,58.43,27.71,32.99,0.59,1,1.11,0.264,0.024,3.71
2021-02-10 22:00,3.79,8.09,58.56,27.85,32.65,0.59,1,1.36,0.278,0.023,3.72
2021-02-10 23:00,3.78,8.09,52.713,27.86,32.62,0.59,1,1.29,0.248,0.022,3.72
2021-02-11 0:00,3.81,8.09,56.4718,27.82,32.71,0.59,1,1.05,0.243,0.027,3.71
2021-02-11 1:00,3.76,8.11,55.56,27.88,32.57,0.58,1,1.08,0.254,0.024,3.73
2021-02-11 2:00,3.78,8.1,58.57,27.86,32.62,0.59,2,0.0,0.253,0.021,3.72
2021-02-11 3:00,3.76,8.12,58.56,27.88,32.57,0.58,2,1.05,0.258,0.025,3.73
2021-02-11 4:00,3.66,8.11,58.65,27.99,32.29,0.59,2,1.28,0.277,0.024,3.73
2021-02-11 5:00,3.75,8.1,58.57,27.89,32.54,0.58,2,2.14,0.242,0.025,3.73
2021-02-11 6:00,3.76,8.05,58.56,27.88,32.57,0.59,2,1.86,0.275,0.026,3.73
2021-02-11 7:00,3.75,7.99,58.57,27.89,32.55,0.61,2,1.64,0.245,0.0,3.73
2021-02-11 8:00,3.79,7.97,58.56,27.85,32.65,0.61,2,1.51,0.245,0.022,3.72
2021-02-11 9:00,3.86,7.97,55.48,27.77,32.85,0.62,2,1.3,0.245,0.028,3.71
2021-02-11 10:00,3.93,7.96,58.41,27.69,33.05,0.62,2,1.87,0.0,0.025,3.71
2021-02-11 11:00,4.02,7.96,58.33,27.59,33.3,0.63,2,1.47,0.326,0.023,3.7
2021-02-11 12:00,4.07,7.97,58.29,27.54,33.45,0.63,2,1.48,0.32,0.025,3.69
2021-02-11 13:00,4.04,7.99,64.141,27.57,33.36,0.62,2,1.57,0.307,0.024,3.7
2021-02-11 14:00,4.0,8.0,58.35,27.61,33.24,0.62,2,1.79,0.313,0.028,3.71
2021-02-11 15:00,4.04,8.01,58.31,27.57,33.36,0.62,2,1.59,0.32,0.027,3.7
2021-02-11 16:00,3.96,8.01,58.39,27.66,33.13,0.62,2,2.11,0.303,0.027,3.71
2021-02-11 17:00,3.92,8.0,58.42,27.7,33.02,0.62,2,1.57,0.295,0.023,3.71
2021-02-11 18:00,3.94,8.0,58.4,27.68,33.08,0.62,2,1.43,0.268,0.026,3.71
2021-02-11 19:00,4.39,8.0,58.27,27.51,33.5,0.63,2,1.48,0.295,0.025,3.69
2021-02-11 20:00,4.11,7.99,58.25,27.49,33.56,0.63,2,0.96,0.301,0.027,3.69
2021-02-11 21:00,4.07,7.99,58.29,27.54,33.44,0.63,2,1.28,0.281,0.025,3.69
2021-02-11 22:00,3.98,7.98,58.37,27.63,33.19,0.62,2,1.76,0.273,0.027,3.71
2021-02-11 23:00,3.94,7.97,58.4,27.68,33.08,0.62,2,1.26,0.262,0.025,3.71
2021-02-12 0:00,4.16,7.97,56.3753,27.7,33.02,0.62,2,1.5,0.0,0.025,3.71
2021-02-12 1:00,4.21,7.99,58.17,27.38,33.85,0.63,2,1.24,0.284,0.024,3.69
2021-02-12 2:00,3.86,7.99,58.48,27.77,32.85,0.61,2,1.31,0.283,0.027,3.71
2021-02-12 3:00,4.0,8.0,60.35,27.61,33.24,0.62,2,1.39,0.28,0.023,3.71
2021-02-12 4:00,4.0,8.0,58.35,27.61,33.24,0.62,2,1.53,0.311,0.026,3.71
2021-02-12 5:00,3.98,7.99,56.32705,27.63,33.19,0.62,2,1.72,0.307,0.025,3.71
2021-02-12 6:00,3.98,7.99,64.207,27.63,33.19,0.62,2,1.46,0.287,0.024,3.71
2021-02-12 7:00,3.97,7.98,58.38,27.64,33.16,0.62,2,1.48,0.297,0.023,3.71
2021-02-12 8:00,3.98,8.05,58.37,27.63,33.18,0.61,2,1.52,0.314,0.025,3.71
2021-02-12 9:00,4.04,8.07,58.31,27.57,33.35,0.61,2,0.0,0.288,0.023,3.7
2021-02-12 10:00,3.73,8.08,58.23,27.46,33.64,0.61,2,1.65,0.288,0.028,3.69
2021-02-12 11:00,4.26,8.0,58.12,27.33,33.99,0.64,2,1.5,0.288,0.03,3.68
2021-02-12 12:00,4.33,7.99,58.06,27.25,34.19,0.64,2,1.9,0.0,0.028,3.67
2021-02-12 13:00,4.4,7.99,60.32,27.18,34.39,0.65,2,1.3,0.316,0.027,3.67
2021-02-12 14:00,4.32,8.01,58.07,27.26,34.16,0.64,2,1.59,0.349,0.028,3.67
2021-02-12 15:00,4.27,8.03,58.11,27.32,34.01,0.63,2,1.82,0.331,0.029,3.68
2021-02-12 16:00,3.87,8.02,52.281,27.29,34.1,0.63,2,1.46,0.325,0.025,3.68
2021-02-12 17:00,4.47,8.01,58.16,27.37,33.87,0.63,2,2.08,0.323,0.029,3.69
2021-02-12 18:00,4.18,8.01,58.19,27.42,33.76,0.63,2,1.89,0.308,0.027,3.69
2021-02-12 19:00,4.22,8.01,58.16,27.37,33.87,0.63,2,1.95,0.293,0.026,3.69
2021-02-12 20:00,4.23,8.0,58.15,27.36,33.9,0.63,2,1.56,0.301,0.025,3.69
2021-02-12 21:00,4.27,7.99,58.11,27.32,34.02,0.64,2,1.64,0.315,0.026,3.68
2021-02-12 22:00,4.26,7.99,58.12,27.33,33.99,0.64,2,1.28,0.32,0.027,3.68
2021-02-12 23:00,4.15,7.98,58.22,27.45,33.67,0.63,2,1.56,0.275,0.025,3.69
2021-02-13 0:00,4.17,7.97,52.38,27.43,33.73,0.64,2,1.8,0.282,0.025,3.69
2021-02-13 1:00,4.54,7.98,57.88,27.03,34.81,0.66,2,1.93,0.283,0.025,3.66
2021-02-13 2:00,4.17,7.99,60.2,27.43,33.73,0.63,2,2.0,0.297,0.027,3.69
2021-02-13 3:00,4.17,7.99,58.2,27.43,33.73,0.63,2,1.91,0.279,0.026,3.69
2021-02-13 4:00,4.14,8.0,58.23,27.46,33.64,0.63,2,2.32,0.286,0.0,3.69
2021-02-13 5:00,4.05,7.99,58.31,27.56,33.39,0.63,2,2.17,0.332,0.026,3.69
2021-02-13 6:00,4.06,8.0,60.3,27.55,33.42,0.62,2,2.32,0.321,0.028,3.69
2021-02-13 7:00,4.07,7.99,58.29,27.54,33.44,0.63,2,2.62,0.325,0.029,3.69
2021-02-13 8:00,4.11,7.99,52.425,27.49,33.56,0.63,2,2.89,0.309,0.031,3.69
2021-02-13 9:00,4.99,7.98,55.18,27.41,33.79,0.64,2,3.09,0.299,0.029,3.69
2021-02-13 10:00,4.28,7.97,52.29,27.31,34.05,0.64,2,2.52,0.31,0.03,3.68
2021-02-13 11:00,4.43,7.97,57.97,27.14,34.48,0.65,1,2.62,0.319,0.029,3.67
2021-02-13 12:00,4.81,8.05,57.88,27.03,34.8,0.64,1,2.53,0.319,0.027,3.66
2021-02-13 13:00,4.69,7.99,51.975,26.87,35.25,0.66,2,2.18,0.319,0.029,3.65
2021-02-13 14:00,4.91,8.0,57.8,26.93,35.07,0.66,2,2.56,0.0,0.032,3.65
2021-02-13 15:00,4.57,8.02,57.85,26.99,34.89,0.65,2,2.54,0.34,0.031,3.65
2021-02-13 16:00,5.38,8.02,57.84,26.98,34.92,0.65,2,2.71,0.32,0.028,3.65
2021-02-13 17:00,4.41,8.02,57.99,27.17,34.42,0.64,2,2.72,0.32,0.027,3.67
2021-02-13 18:00,4.39,8.02,58.01,27.19,34.36,0.64,2,2.69,0.313,0.027,3.67
2021-02-13 19:00,4.43,8.02,57.97,27.14,34.48,0.64,2,2.93,0.318,0.026,3.67
2021-02-13 20:00,4.43,8.01,57.97,27.14,34.48,0.64,2,2.9,0.31,0.027,3.67
2021-02-13 21:00,4.42,8.02,57.98,27.15,34.45,0.64,2,2.77,0.0,0.026,3.67
2021-02-13 22:00,4.38,8.01,58.02,27.2,34.33,0.64,2,2.44,0.0,0.026,3.67
2021-02-13 23:00,4.34,8.01,58.05,27.24,34.22,0.64,2,2.32,0.427,0.025,3.67
2021-02-14 0:00,4.8,8.0,58.03,27.22,34.28,0.64,2,2.63,0.467,0.023,3.67
2021-02-14 1:00,4.39,7.99,56.01,27.19,34.37,0.65,2,2.54,0.379,0.023,3.67
2021-02-14 2:00,4.47,8.0,57.94,27.1,34.6,0.65,2,2.84,0.364,0.027,3.67
2021-02-14 3:00,4.34,8.0,58.05,27.24,34.22,0.64,2,2.33,0.359,0.025,3.67
2021-02-14 4:00,4.36,8.0,58.03,27.22,34.28,0.64,2,2.7,0.363,0.024,3.67
2021-02-14 5:00,4.55,8.0,58.09,27.3,34.08,0.64,2,2.98,0.39,0.029,3.68
2021-02-14 6:00,4.25,8.0,55.13,27.34,33.96,0.63,2,3.08,0.373,0.027,3.68
2021-02-14 7:00,4.28,8.0,58.1,27.31,34.05,0.64,2,2.86,0.35,0.029,3.68
2021-02-14 8:00,4.34,7.99,61.05,27.24,34.22,0.64,2,2.64,0.361,0.027,3.67
2021-02-14 9:00,4.36,7.98,58.03,27.22,34.28,0.65,2,2.64,0.329,0.026,3.67
2021-02-14 10:00,4.66,7.97,58.0,27.18,34.4,0.65,2,2.68,0.353,0.025,3.67
2021-02-14 11:00,5.16,7.97,57.86,27.0,34.87,0.66,1,2.6,0.314,0.028,3.66
2021-02-14 12:00,4.55,7.97,55.84455,27.02,34.84,0.66,2,2.48,0.307,0.027,3.66
2021-02-14 13:00,4.17,7.97,57.8,26.93,35.07,0.67,1,3.06,0.349,0.032,3.65
2021-02-14 14:00,4.68,7.99,57.76,26.88,35.22,0.66,1,2.7,0.349,0.03,3.65
2021-02-14 15:00,4.54,7.99,57.88,27.03,34.81,0.66,2,2.8,0.349,0.026,3.66
2021-02-14 16:00,4.56,8.01,60.1744,27.0,34.86,0.65,2,2.5,0.325,0.027,3.66
2021-02-14 17:00,4.56,8.02,57.86,27.0,34.86,0.65,2,2.71,0.305,0.028,3.66
2021-02-14 18:00,4.52,8.13,54.89,27.05,34.74,0.62,2,2.72,0.313,0.03,3.66
2021-02-14 19:00,5.33,8.15,57.89,27.04,34.76,0.62,2,2.72,0.3,0.024,3.66
2021-02-14 20:00,4.56,8.15,57.86,27.0,34.85,0.62,2,2.24,0.297,0.024,3.66
2021-02-14 21:00,4.57,8.13,57.85,26.99,34.88,0.62,2,2.65,0.282,0.025,3.65
2021-02-14 22:00,4.58,8.14,63.624,26.98,34.91,0.62,2,2.66,0.297,0.024,3.65
2021-02-14 23:00,4.59,8.13,57.84,26.97,34.94,0.63,2,2.77,0.28,0.025,3.65
2021-02-15 0:00,4.54,8.11,52.092,27.03,34.8,0.63,2,1.85,0.275,0.024,3.66
2021-02-15 1:00,4.54,8.11,59.88,27.03,34.8,0.63,2,2.15,0.0,0.024,3.66
2021-02-15 2:00,4.64,8.02,57.79,26.92,35.1,0.65,1,2.17,0.28,0.024,3.65
2021-02-15 3:00,4.59,8.02,57.84,26.97,34.95,0.65,2,2.13,0.303,0.025,3.65
2021-02-15 4:00,4.53,8.01,57.89,27.04,34.77,0.65,2,2.47,0.3,0.026,3.66
2021-02-15 5:00,4.51,8.01,60.216,27.06,34.72,0.65,2,2.05,0.291,0.024,3.66
2021-02-15 6:00,4.55,8.02,54.87,27.02,34.83,0.65,2,2.3,0.275,0.025,3.66
2021-02-15 7:00,4.48,8.01,57.93,27.09,34.63,0.65,2,2.57,0.318,0.023,3.67
2021-02-15 8:00,4.77,8.0,54.91,27.07,34.69,0.65,2,2.43,0.286,0.025,3.66
2021-02-15 9:00,4.5,7.99,52.119,27.07,34.69,0.65,2,2.61,0.283,0.027,3.66
2021-02-15 10:00,4.52,7.98,57.89,27.05,34.75,0.66,2,2.36,0.294,0.027,3.66
2021-02-15 11:00,4.58,7.98,57.84,26.98,34.93,0.66,2,2.82,0.283,0.028,3.65
2021-02-15 12:00,4.56,7.97,51.912,26.78,35.49,0.67,3,2.64,0.281,0.031,3.64
2021-02-15 13:00,5.37,8.0,57.59,26.67,35.82,0.67,5,2.47,0.304,0.029,3.63
2021-02-15 14:00,4.67,8.01,57.77,26.86,35.19,0.66,4,3.18,0.319,0.03,3.65
2021-02-15 15:00,4.79,8.01,54.66,26.76,35.55,0.67,0,2.96,0.325,0.029,3.64
2021-02-15 16:00,4.76,8.01,57.69,26.79,35.46,0.66,0,3.69,0.325,0.026,3.64
2021-02-15 17:00,5.51,8.01,57.73,26.85,35.31,0.66,5,3.47,0.325,0.025,3.65
2021-02-15 18:00,4.55,8.0,55.84455,27.02,34.83,0.65,4,3.1,0.315,0.026,3.66
2021-02-15 19:00,5.64,7.99,57.85,26.99,34.89,0.66,3,3.03,0.302,0.028,3.65
2021-02-15 20:00,4.55,8.01,55.84455,27.02,34.83,0.65,2,3.15,0.291,0.029,3.66
2021-02-15 21:00,4.55,8.12,57.87,27.02,34.83,0.62,3,3.13,0.294,0.028,3.66
2021-02-15 22:00,4.54,8.12,57.88,27.03,34.8,0.62,2,2.72,0.278,0.026,3.66
2021-02-15 23:00,4.53,8.11,63.679,27.04,34.77,0.63,2,2.75,0.272,0.026,3.66
2021-02-16 0:00,3.76,8.11,57.86,27.0,34.86,0.63,3,2.68,0.261,0.026,3.66
2021-02-16 1:00,4.31,8.1,57.85,26.99,34.89,0.63,2,2.83,0.257,0.025,3.65
2021-02-16 2:00,4.57,8.1,57.85,26.99,34.89,0.63,3,2.46,0.26,0.026,3.65
2021-02-16 3:00,4.57,7.98,57.85,26.99,34.9,0.66,3,2.67,0.285,0.026,3.65
2021-02-16 4:00,4.03,7.98,58.32,27.58,33.33,0.63,3,2.53,0.283,0.026,3.7
2021-02-16 5:00,4.05,7.96,52.479,27.56,33.39,0.63,2,2.69,0.299,0.0,3.69
2021-02-16 6:00,3.97,7.96,58.38,27.64,33.16,0.63,2,2.61,0.276,0.026,3.71
2021-02-16 7:00,3.97,7.95,58.38,27.64,33.16,0.63,2,2.5,0.267,0.025,3.71
2021-02-16 8:00,3.69,7.93,61.4,27.67,33.11,0.63,2,2.8,0.272,0.026,3.71
2021-02-16 9:00,4.0,7.93,56.30775,27.61,33.25,0.64,2,2.74,0.274,0.027,3.71
2021-02-16 10:00,4.1,7.94,60.5904,27.5,33.53,0.64,2,2.89,0.286,0.027,3.69
2021-02-16 11:00,4.14,7.95,64.053,27.46,33.65,0.64,2,2.36,0.302,0.026,3.69
2021-02-16 12:00,3.86,7.96,60.5696,27.48,33.59,0.64,2,2.55,0.271,0.027,3.69
2021-02-16 13:00,4.03,7.96,58.32,27.58,33.33,0.63,2,2.43,0.269,0.025,3.7
2021-02-16 14:00,3.99,7.95,52.524,27.62,33.22,0.63,2,2.42,0.283,0.024,3.71
2021-02-16 15:00,4.18,7.94,55.19,27.42,33.76,0.64,1,2.76,0.296,0.025,3.69
2021-02-16 16:00,4.25,7.95,61.13,27.34,33.96,0.65,1,3.22,0.314,0.026,3.68
2021-02-16 17:00,4.33,7.96,58.06,27.25,34.19,0.65,2,3.01,0.314,0.026,3.67
2021-02-16 18:00,4.69,7.99,58.22,27.45,33.67,0.63,2,2.63,0.314,0.027,3.69
2021-02-16 19:00,4.18,8.02,52.371,27.42,33.76,0.63,2,2.79,0.314,0.027,3.69
2021-02-16 20:00,4.16,8.0,60.21,27.44,33.7,0.63,2,2.79,0.0,0.025,3.69
2021-02-16 21:00,4.13,7.97,58.23,27.47,33.62,0.63,2,2.67,0.288,0.024,3.69
2021-02-16 22:00,3.72,7.97,58.23,27.47,33.62,0.63,2,2.9,0.294,0.024,3.69
2021-02-16 23:00,3.96,7.96,58.39,27.66,33.14,0.63,1,2.4,0.289,0.025,3.71
2021-02-17 0:00,4.1,7.94,58.46,27.76,32.88,0.63,1,2.42,0.273,0.023,3.71
2021-02-17 1:00,4.24,7.95,52.56,27.68,33.08,0.63,2,2.51,0.274,0.024,3.71
2021-02-17 2:00,3.97,7.97,58.38,27.64,33.16,0.62,2,3.06,0.276,0.023,3.71
2021-02-17 3:00,3.85,8.01,58.48,27.78,32.82,0.61,2,2.75,0.285,0.026,3.71
2021-02-17 4:00,3.69,8.09,58.63,27.96,32.37,0.58,2,2.63,0.271,0.019,3.73
2021-02-17 5:00,3.7,8.16,58.62,27.95,32.4,0.57,2,3.06,0.281,0.021,3.73
2021-02-17 6:00,3.32,8.13,56.73,28.08,32.07,0.57,3,2.74,0.286,0.023,3.73
2021-02-17 7:00,3.6,8.17,58.71,28.06,32.12,0.56,2,2.74,0.286,0.023,3.73
2021-02-17 8:00,3.59,8.17,58.71,28.07,32.1,0.56,2,2.76,0.316,0.025,3.73
2021-02-17 9:00,3.64,7.95,56.61655,28.01,32.24,0.61,2,3.13,0.338,0.024,3.73
2021-02-17 10:00,3.64,8.16,58.67,28.01,32.23,0.56,2,3.58,0.31,0.023,3.73
2021-02-17 11:00,3.63,7.98,58.68,28.02,32.22,0.6,2,3.67,0.311,0.027,3.73
2021-02-17 12:00,3.82,7.92,58.71,28.06,32.14,0.61,2,3.34,0.358,0.026,3.73
2021-02-17 13:00,2.9,7.93,56.5683,27.95,32.41,0.62,3,3.34,0.358,0.026,3.73
2021-02-17 14:00,3.71,7.91,58.61,27.94,32.44,0.62,2,3.34,0.358,0.034,3.73
2021-02-17 15:00,3.42,7.9,58.64,27.97,32.36,0.62,2,3.34,0.358,0.034,3.73
2021-02-17 16:00,3.79,7.92,58.56,27.85,32.66,0.63,2,0.0,0.0,0.032,3.72
2021-02-17 17:00,3.69,8.0,60.9752,27.96,32.38,0.6,2,0.0,0.43,0.035,3.73
2021-02-17 18:00,3.79,7.94,52.704,27.85,32.66,0.62,3,0.0,0.433,0.03,3.72
2021-02-17 19:00,3.82,7.99,60.51,27.81,32.74,0.61,2,0.0,0.0,0.03,3.71
2021-02-17 20:00,4.07,8.05,58.56,27.87,32.6,0.6,2,2.25,0.407,0.03,3.73
2021-02-17 21:00,3.76,8.05,58.56,27.88,32.57,0.59,2,2.62,0.443,0.0,3.73
2021-02-17 22:00,3.69,8.01,58.63,27.96,32.38,0.6,2,2.3,0.425,0.033,3.73
2021-02-17 23:00,3.66,7.98,58.65,27.99,32.3,0.6,2,2.46,0.379,0.03,3.73
2021-02-18 0:00,3.61,7.95,58.7,28.05,32.16,0.61,2,2.48,0.372,0.031,3.73
2021-02-18 1:00,3.81,7.94,56.65515,28.07,32.11,0.61,2,1.95,0.401,0.032,3.73
2021-02-18 2:00,3.34,7.94,52.839,28.06,32.13,0.61,2,2.26,0.371,0.029,3.73
2021-02-18 3:00,3.3,7.94,58.71,28.06,32.13,0.61,2,2.29,0.37,0.031,3.73
2021-02-18 4:00,3.66,7.93,58.65,27.99,32.3,0.62,2,1.89,0.354,0.03,3.73
2021-02-18 5:00,3.51,7.95,61.4432,28.52,31.03,0.58,2,2.0,0.337,0.031,3.77
2021-02-18 6:00,2.43,7.93,59.05,28.48,31.14,0.59,2,2.1,0.341,0.031,3.77
2021-02-18 7:00,3.23,7.93,59.05,28.48,31.14,0.59,2,2.33,0.349,0.027,3.77
2021-02-18 8:00,3.4,7.92,59.07,28.5,31.09,0.59,2,2.15,0.358,0.027,3.77
2021-02-18 9:00,3.25,7.95,59.03,28.46,31.19,0.59,2,3.14,0.365,0.0,3.77
2021-02-18 10:00,3.28,7.92,62.0,28.42,31.27,0.6,2,2.71,0.36,0.026,3.77
2021-02-18 11:00,3.1,7.91,58.93,28.33,31.49,0.6,2,3.2,0.339,0.027,3.75
2021-02-18 12:00,3.4,7.9,58.89,28.28,31.59,0.61,2,2.78,0.358,0.028,3.75
2021-02-18 13:00,3.54,7.9,58.76,28.13,31.97,0.62,1,2.91,0.355,0.026,3.74
2021-02-18 14:00,3.26,7.91,58.69,28.03,32.19,0.62,2,3.12,0.341,0.027,3.73
2021-02-18 15:00,3.61,7.9,58.7,28.05,32.16,0.62,2,3.03,0.342,0.029,3.73
2021-02-18 16:00,3.01,7.9,58.71,28.07,32.12,0.62,2,3.26,0.342,0.028,3.73
2021-02-18 17:00,3.54,7.9,58.76,28.13,31.97,0.62,2,3.36,0.342,0.028,3.74
2021-02-18 18:00,3.52,7.92,58.78,28.15,31.92,0.61,2,2.9,0.0,0.026,3.75
2021-02-18 19:00,3.61,7.92,60.7,28.05,32.16,0.61,2,2.97,0.33,0.027,3.73
2021-02-18 20:00,3.36,7.93,58.93,28.33,31.49,0.6,2,3.54,0.313,0.026,3.75
2021-02-18 21:00,3.77,7.94,58.56,27.87,32.6,0.62,2,3.96,0.327,0.027,3.73
2021-02-18 22:00,3.96,8.0,58.58,27.9,32.52,0.6,2,3.17,0.314,0.026,3.73
2021-02-18 23:00,3.7,7.96,58.62,27.95,32.41,0.61,2,3.32,0.309,0.027,3.73
2021-02-19 0:00,3.7,7.99,58.62,27.95,32.41,0.6,2,3.26,0.315,0.025,3.73
2021-02-19 1:00,3.91,7.96,58.63,27.96,32.38,0.61,2,3.61,0.314,0.025,3.73
2021-02-19 2:00,3.67,7.96,58.65,27.98,32.33,0.61,2,3.36,0.308,0.024,3.73
2021-02-19 3:00,3.68,7.97,58.64,27.97,32.35,0.61,2,3.23,0.312,0.023,3.73
2021-02-19 4:00,3.68,7.96,58.64,27.97,32.35,0.61,2,2.75,0.319,0.023,3.73
2021-02-19 5:00,4.48,7.96,58.64,27.97,32.35,0.61,1,3.53,0.302,0.02,3.73
2021-02-19 6:00,3.67,7.94,58.65,27.98,32.33,0.61,1,3.44,0.317,0.021,3.73
2021-02-19 7:00,3.62,7.95,52.821,28.03,32.19,0.61,2,3.3,0.311,0.019,3.73
2021-02-19 8:00,3.26,7.96,58.69,28.03,32.19,0.61,2,2.65,0.303,0.021,3.73
2021-02-19 9:00,3.66,7.95,58.65,27.99,32.3,0.61,2,3.3,0.329,0.0,3.73
2021-02-19 10:00,3.64,7.96,58.67,28.01,32.24,0.61,2,3.14,0.334,0.023,3.73
2021-02-19 11:00,3.82,7.93,58.51,27.81,32.74,0.62,2,2.92,0.336,0.022,3.71
2021-02-19 12:00,4.0,7.91,60.35,27.61,33.25,0.64,2,0.0,0.322,0.022,3.71
2021-02-19 13:00,4.31,7.91,58.08,27.27,34.14,0.66,1,3.07,0.333,0.022,3.67
2021-02-19 14:00,4.9,7.9,57.96,27.12,34.55,0.67,2,3.2,0.344,0.022,3.67
2021-02-19 15:00,4.5,7.92,57.91,27.07,34.69,0.67,2,2.98,0.321,0.023,3.66
2021-02-19 16:00,4.51,7.94,52.11,27.06,34.72,0.66,2,3.59,0.33,0.022,3.66
2021-02-19 17:00,4.52,7.96,60.89,27.05,34.75,0.66,2,3.34,0.33,0.022,3.66
2021-02-19 18:00,4.46,7.98,57.95,27.11,34.57,0.65,3,2.72,0.33,0.022,3.67
2021-02-19 19:00,4.51,7.94,55.8735,27.06,34.72,0.66,3,2.63,0.33,0.022,3.66
2021-02-19 20:00,5.29,7.94,57.92,27.08,34.66,0.66,5,0.0,0.0,0.0,3.66
2021-02-19 21:00,4.78,7.94,59.93,27.09,34.63,0.66,4,0.0,0.0,0.0,3.67
2021-02-19 22:00,4.5,7.94,57.91,27.07,34.69,0.66,4,4.33,0.34,0.024,3.66
2021-02-19 23:00,4.54,7.93,63.668,27.03,34.81,0.67,4,3.87,0.286,0.023,3.66
2021-02-20 0:00,4.54,7.91,57.88,27.03,34.81,0.67,4,3.98,0.297,0.02,3.66
2021-02-20 1:00,4.56,7.9,60.86,27.0,34.87,0.68,4,3.5,0.278,0.022,3.66
2021-02-20 2:00,4.58,7.9,63.624,26.98,34.93,0.68,3,3.75,0.266,0.023,3.65
2021-02-20 3:00,5.39,7.9,57.84,26.97,34.96,0.68,3,3.89,0.287,0.023,3.65
2021-02-20 4:00,4.57,7.88,57.85,26.99,34.9,0.68,4,3.5,0.271,0.025,3.65
2021-02-20 5:00,5.16,7.88,55.8349,27.0,34.87,0.68,3,3.56,0.273,0.024,3.66
2021-02-20 6:00,4.54,7.88,57.88,27.03,34.81,0.68,4,3.17,0.284,0.025,3.66
2021-02-20 7:00,4.35,7.9,58.04,27.23,34.26,0.66,5,3.28,0.274,0.025,3.67
2021-02-20 8:00,4.15,7.91,58.22,27.45,33.68,0.65,6,3.35,0.269,0.024,3.69
2021-02-20 9:00,4.15,7.9,58.22,27.45,33.68,0.65,5,3.22,0.27,0.024,3.69
2021-02-20 10:00,4.13,7.9,58.23,27.47,33.62,0.65,5,2.93,0.263,0.0,3.69
2021-02-20 11:00,4.17,7.91,58.2,27.43,33.73,0.65,4,2.98,0.26,0.026,3.69
2021-02-20 12:00,3.8,7.88,56.16,27.37,33.88,0.66,4,2.76,0.284,0.025,3.69
2021-02-20 13:00,4.38,7.95,60.3304,27.2,34.34,0.65,4,2.81,0.266,0.026,3.67
2021-02-20 14:00,4.51,7.89,57.9,27.06,34.72,0.68,4,2.85,0.267,0.023,3.66
2021-02-20 15:00,4.84,7.86,55.82525,26.99,34.9,0.69,4,2.44,0.267,0.023,3.65
2021-02-20 16:00,4.65,8.07,57.78,26.91,35.13,0.64,3,2.64,0.272,0.023,3.65
2021-02-20 17:00,5.35,7.88,57.19,26.17,37.28,0.73,3,2.61,0.281,0.024,3.6
2021-02-20 18:00,5.02,7.97,57.47,26.52,36.25,0.69,3,2.93,0.283,0.022,3.62
2021-02-20 19:00,5.31,8.15,57.02,25.95,37.96,0.68,3,2.67,0.287,0.022,3.58
2021-02-20 20:00,4.88,7.94,57.37,26.39,36.62,0.71,4,2.59,0.287,0.023,3.61
2021-02-20 21:00,5.5,7.99,59.3528,26.02,37.75,0.72,3,2.52,0.287,0.022,3.58
2021-02-20 22:00,5.53,8.03,57.05,25.99,37.84,0.71,3,2.11,0.0,0.023,3.58
2021-02-20 23:00,5.6,8.03,56.99,25.92,38.07,0.71,3,2.11,0.281,0.024,3.58
2021-02-21 0:00,5.99,7.96,56.95,25.87,38.23,0.73,3,2.04,0.274,0.024,3.58
2021-02-21 1:00,5.62,8.05,56.97,25.9,38.13,0.71,3,2.15,0.272,0.025,3.58
2021-02-21 2:00,6.2,7.95,56.96,25.88,38.2,0.74,3,2.36,0.276,0.025,3.58
2021-02-21 3:00,5.55,7.95,57.03,25.97,37.91,0.73,3,2.51,0.265,0.025,3.58
2021-02-21 4:00,5.63,7.92,56.97,25.89,38.17,0.74,3,1.88,0.277,0.0,3.58
2021-02-21 5:00,5.88,7.97,57.01,25.94,38.01,0.73,3,2.31,0.276,0.025,3.58
2021-02-21 6:00,5.61,7.9,56.98,25.91,38.11,0.75,3,2.38,0.278,0.024,3.58
2021-02-21 7:00,5.58,8.02,57.01,25.94,38.0,0.71,3,1.57,0.28,0.025,3.58
2021-02-21 8:00,5.5,7.95,57.07,26.02,37.75,0.73,3,2.13,0.276,0.025,3.58
2021-02-21 9:00,5.6,7.95,56.99,25.92,38.07,0.73,4,1.67,0.29,0.022,3.58
2021-02-21 10:00,5.56,7.94,57.02,25.96,37.94,0.73,4,1.98,0.307,0.0,3.58
2021-02-21 11:00,5.45,7.93,59.3944,26.08,37.6,0.73,3,2.44,0.306,0.026,3.59
2021-02-21 12:00,5.75,7.85,56.87,25.77,38.56,0.77,3,2.34,0.3,0.022,3.56
2021-02-21 13:00,6.07,7.83,58.8744,25.45,39.62,0.8,3,1.96,0.307,0.023,3.54
2021-02-21 14:00,6.07,7.77,54.62865,25.45,39.62,0.82,3,2.49,0.307,0.024,3.54
2021-02-21 15:00,6.43,7.9,56.38,25.1,40.83,0.81,3,2.31,0.323,0.022,3.52
2021-02-21 16:00,6.49,7.82,56.33,25.04,41.02,0.83,3,2.61,0.319,0.026,3.52
2021-02-21 17:00,6.46,7.85,54.35,25.07,40.94,0.82,3,2.21,0.327,0.026,3.52
2021-02-21 18:00,6.35,7.92,62.029,25.17,40.55,0.79,3,2.49,0.326,0.024,3.52
2021-02-21 19:00,6.73,7.89,56.39,25.17,40.55,0.8,3,2.4,0.318,0.024,3.52
2021-02-21 20:00,6.31,7.89,53.42,25.21,40.42,0.8,3,2.01,0.327,0.025,3.52
2021-02-21 21:00,6.32,7.91,56.42,25.2,40.45,0.79,3,2.5,0.319,0.027,3.52
2021-02-21 22:00,7.14,7.91,54.4,25.18,40.52,0.8,3,2.29,0.319,0.024,3.52
2021-02-21 23:00,6.41,7.82,58.604,25.12,40.76,0.83,3,0.0,0.319,0.026,3.52
2021-02-22 0:00,5.79,7.82,54.38,25.1,40.83,0.83,3,1.99,0.0,0.025,3.52
2021-02-22 1:00,6.44,7.83,56.38,25.09,40.87,0.83,3,1.71,0.309,0.029,3.52
2021-02-22 2:00,6.43,7.88,56.38,25.1,40.83,0.81,3,0.0,0.311,0.027,3.52
2021-02-22 3:00,5.62,7.92,56.39,25.11,40.79,0.8,3,1.61,0.301,0.025,3.52
2021-02-22 4:00,6.44,7.93,56.38,25.09,40.86,0.8,3,1.13,0.324,0.026,3.52
2021-02-22 5:00,6.43,7.88,56.38,25.1,40.83,0.81,3,1.21,0.302,0.026,3.52
2021-02-22 6:00,6.4,7.88,56.36,25.13,40.73,0.81,3,1.51,0.303,0.027,3.52
2021-02-22 7:00,6.4,7.88,58.6144,25.13,40.73,0.81,3,1.6,0.306,0.026,3.52
2021-02-22 8:00,6.17,7.89,59.53,25.35,39.95,0.82,3,1.87,0.295,0.026,3.54
2021-02-22 9:00,6.0,7.91,56.67,25.52,39.38,0.77,3,1.3,0.296,0.026,3.55
2021-02-22 10:00,5.9,7.89,59.75,25.62,39.05,0.77,3,1.46,0.291,0.025,3.56
2021-02-22 11:00,5.85,7.88,59.0616,25.67,38.89,0.77,3,1.48,0.0,0.026,3.56
2021-02-22 12:00,4.95,7.87,51.183,25.77,38.56,0.77,3,1.35,0.317,0.025,3.56
2021-02-22 13:00,5.75,7.91,56.87,25.77,38.56,0.75,3,2.04,0.293,0.026,3.56
2021-02-22 14:00,5.75,7.9,56.87,25.77,38.56,0.76,2,1.28,0.308,0.026,3.56
2021-02-22 15:00,5.85,7.92,56.79,25.67,38.88,0.76,2,1.13,0.288,0.026,3.56
2021-02-22 16:00,6.02,7.87,56.65,25.5,39.45,0.78,2,1.24,0.298,0.025,3.54
2021-02-22 17:00,6.16,7.92,50.886,25.36,39.91,0.78,2,1.1,0.306,0.026,3.54
2021-02-22 18:00,5.62,7.93,51.273,25.9,38.14,0.74,2,0.95,0.3,0.024,3.58
2021-02-22 19:00,5.54,7.94,59.3216,25.98,37.88,0.73,2,1.39,0.305,0.025,3.58
2021-02-22 20:00,5.53,7.96,57.05,25.99,37.85,0.73,2,1.19,0.302,0.025,3.58
2021-02-22 21:00,5.54,7.94,57.04,25.98,37.88,0.73,2,1.27,0.323,0.023,3.58
2021-02-22 22:00,5.33,7.91,57.21,26.2,37.22,0.73,2,1.1,0.336,0.026,3.6
2021-02-22 23:00,5.35,7.94,57.44,26.49,36.34,0.7,2,1.06,0.327,0.026,3.62
2021-02-23 0:00,4.85,7.94,54.61,26.7,35.74,0.69,2,1.7,0.327,0.023,3.63
2021-02-23 1:00,4.74,8.02,57.71,26.81,35.4,0.66,2,1.84,0.327,0.022,3.64
2021-02-23 2:00,4.95,8.02,55.77,26.89,35.19,0.66,2,2.03,0.0,0.022,3.65
2021-02-23 3:00,4.62,8.01,57.81,26.94,35.04,0.66,2,2.61,0.324,0.023,3.65
2021-02-23 4:00,4.56,7.96,57.86,27.0,34.87,0.66,2,2.87,0.291,0.023,3.66
2021-02-23 5:00,4.97,7.95,57.89,27.05,34.75,0.66,2,2.95,0.285,0.022,3.66
2021-02-23 6:00,4.77,7.96,54.91,27.07,34.69,0.66,2,3.31,0.301,0.022,3.66
2021-02-23 7:00,4.54,7.96,54.88,27.03,34.81,0.66,2,3.49,0.299,0.022,3.66
2021-02-23 8:00,4.56,7.94,57.86,27.0,34.87,0.67,1,3.18,0.338,0.022,3.66
2021-02-23 9:00,4.61,7.96,59.3008,26.95,35.02,0.67,1,3.02,0.336,0.023,3.65
2021-02-23 10:00,4.37,7.99,58.02,27.21,34.31,0.64,2,2.95,0.323,0.022,3.67
2021-02-23 11:00,4.4,7.98,58.0,27.18,34.4,0.65,2,3.34,0.28,0.023,3.67
2021-02-23 12:00,4.46,7.97,57.95,27.11,34.57,0.65,2,3.27,0.295,0.022,3.67
2021-02-23 13:00,4.58,7.94,55.8156,26.98,34.93,0.67,1,3.17,0.252,0.02,3.65
2021-02-23 14:00,4.66,7.9,57.96,27.0,34.87,0.68,2,3.67,0.26,0.021,3.66
2021-02-23 15:00,4.65,7.99,57.78,26.91,35.13,0.66,1,3.49,0.251,0.021,3.65
2021-02-23 16:00,4.69,7.9,57.75,26.87,35.26,0.69,1,3.25,0.261,0.021,3.65
2021-02-23 17:00,4.87,7.88,57.6,26.68,35.8,0.7,2,3.29,0.256,0.023,3.63
2021-02-23 18:00,4.75,7.9,57.7,26.8,35.44,0.69,1,2.64,0.265,0.023,3.64
2021-02-23 19:00,4.39,7.88,58.01,27.19,34.37,0.67,1,2.62,0.271,0.02,3.67
2021-02-23 20:00,4.49,7.9,57.92,27.08,34.66,0.67,2,0.0,0.238,0.023,3.66
2021-02-23 21:00,4.38,7.9,58.01,27.2,34.34,0.67,1,2.69,0.231,0.021,3.67
2021-02-23 22:00,4.31,7.91,58.08,27.27,34.14,0.66,2,2.74,0.25,0.02,3.67
2021-02-23 23:00,4.38,7.92,52.209,27.2,34.34,0.66,1,2.64,0.26,0.02,3.67
2021-02-24 0:00,4.43,7.95,57.97,27.14,34.49,0.66,1,3.05,0.287,0.023,3.67
2021-02-24 1:00,4.33,7.97,58.06,27.25,34.19,0.65,1,2.73,0.289,0.021,3.67
2021-02-24 2:00,4.29,7.95,56.09,27.3,34.08,0.65,2,2.39,0.289,0.023,3.68
2021-02-24 3:00,4.49,7.94,58.14,27.35,33.94,0.65,2,2.75,0.289,0.023,3.69
2021-02-24 4:00,4.52,7.95,58.16,27.37,33.88,0.64,2,2.66,0.0,0.024,3.69
2021-02-24 5:00,4.19,7.93,58.18,27.41,33.79,0.65,1,3.11,0.284,0.0,3.69
2021-02-24 6:00,4.19,7.94,56.1437,27.41,33.79,0.65,1,3.37,0.264,0.022,3.69
2021-02-24 7:00,4.21,7.99,60.4968,27.38,33.85,0.63,1,3.0,0.274,0.023,3.69
2021-02-24 8:00,4.2,7.98,60.4968,27.39,33.82,0.64,1,0.0,0.261,0.022,3.69
2021-02-24 9:00,4.25,7.94,58.13,27.34,33.96,0.65,1,3.12,0.282,0.022,3.68
2021-02-24 10:00,4.27,7.94,58.11,27.32,34.02,0.65,1,3.04,0.27,0.024,3.68
2021-02-24 11:00,4.28,7.98,58.1,27.31,34.05,0.64,2,3.3,0.287,0.024,3.68
2021-02-24 12:00,4.64,7.93,58.05,27.24,34.22,0.66,1,3.33,0.279,0.024,3.67
2021-02-24 13:00,4.35,7.95,58.04,27.23,34.25,0.65,2,3.32,0.295,0.023,3.67
2021-02-24 14:00,4.34,7.93,52.245,27.24,34.22,0.66,2,3.62,0.289,0.024,3.67
2021-02-24 15:00,4.62,7.92,57.81,26.94,35.05,0.68,2,3.69,0.277,0.024,3.65
2021-02-24 16:00,4.61,7.94,60.1328,26.95,35.02,0.67,1,3.66,0.275,0.023,3.65
2021-02-24 17:00,4.66,7.99,57.77,26.9,35.16,0.66,1,3.47,0.261,0.021,3.65
2021-02-24 18:00,4.66,7.98,51.993,26.9,35.16,0.66,1,3.56,0.275,0.021,3.65
2021-02-24 19:00,4.67,7.97,57.77,26.89,35.19,0.67,1,3.27,0.257,0.021,3.65
2021-02-24 20:00,4.67,7.99,55.74805,26.89,35.19,0.66,1,3.16,0.281,0.025,3.65
2021-02-24 21:00,4.59,7.97,63.624,26.97,34.96,0.66,1,3.3,0.232,0.0,3.65
2021-02-24 22:00,4.81,7.98,57.88,27.03,34.81,0.66,1,2.91,0.29,0.022,3.66
2021-02-24 23:00,4.47,7.97,57.94,27.1,34.6,0.66,1,3.11,0.234,0.022,3.67
2021-02-25 0:00,4.26,7.97,58.12,27.33,33.99,0.64,1,2.77,0.231,0.022,3.68
2021-02-25 1:00,4.31,7.95,58.08,27.27,34.14,0.65,1,2.62,0.225,0.021,3.67
2021-02-25 2:00,5.05,7.96,56.09,27.3,34.08,0.65,2,3.25,0.27,0.023,3.68
2021-02-25 3:00,4.3,7.96,60.4136,27.29,34.11,0.65,2,3.56,0.225,0.021,3.68
2021-02-25 4:00,4.3,8.01,56.05685,27.29,34.1,0.64,1,3.47,0.225,0.023,3.68
2021-02-25 5:00,4.28,8.03,58.1,27.31,34.04,0.63,1,3.54,0.225,0.023,3.68
2021-02-25 6:00,4.56,8.0,55.12,27.33,33.99,0.64,1,3.33,0.0,0.023,3.68
2021-02-25 7:00,4.54,8.0,58.1,27.31,34.05,0.64,1,3.99,0.272,0.022,3.68
2021-02-25 8:00,4.27,8.03,58.11,27.32,34.01,0.63,1,3.65,0.254,0.023,3.68
2021-02-25 9:00,4.04,7.95,52.281,27.29,34.11,0.65,1,3.34,0.263,0.023,3.68
2021-02-25 10:00,4.32,7.94,58.07,27.26,34.17,0.65,2,3.49,0.25,0.023,3.67
2021-02-25 11:00,4.32,7.97,58.07,27.26,34.16,0.65,1,3.64,0.247,0.021,3.67
2021-02-25 12:00,4.59,7.97,58.09,27.3,34.08,0.64,2,3.54,0.236,0.023,3.68
2021-02-25 13:00,4.16,8.04,56.17265,27.44,33.7,0.62,2,3.95,0.231,0.0,3.68
2021-02-25 14:00,4.15,8.04,55.22,27.45,33.67,0.62,2,5.88,0.252,0.0,3.69
2021-02-25 15:00,4.17,7.99,58.2,27.43,33.73,0.63,2,6.19,0.214,0.0,3.69
2021-02-25 16:00,4.17,8.04,58.2,27.43,33.73,0.62,2,5.82,0.256,0.0,3.69
2021-02-25 17:00,4.22,8.04,58.16,27.37,33.87,0.62,2,4.69,0.215,0.023,3.69
2021-02-25 18:00,4.24,8.06,60.14,27.35,33.93,0.62,1,4.02,0.242,0.023,3.69
2021-02-25 19:00,4.26,8.03,58.12,27.33,33.99,0.63,1,3.68,0.254,0.022,3.68
2021-02-25 20:00,4.31,8.05,58.08,27.27,34.13,0.63,1,3.64,0.225,0.021,3.67
2021-02-25 21:00,4.56,8.06,52.308,27.33,33.98,0.62,1,3.04,0.209,0.021,3.68
2021-02-25 22:00,4.25,8.05,58.13,27.34,33.95,0.62,1,3.17,0.234,0.02,3.68
2021-02-25 23:00,4.28,8.04,56.0665,27.31,34.04,0.63,1,3.1,0.221,0.021,3.68
2021-02-26 0:00,4.23,8.03,58.15,27.36,33.9,0.63,1,2.86,0.215,0.02,3.69
2021-02-26 1:00,4.54,8.04,58.1,27.31,34.04,0.63,1,2.83,0.207,0.023,3.68
2021-02-26 2:00,4.26,8.03,61.12,27.33,33.99,0.63,1,3.13,0.223,0.022,3.68
2021-02-26 3:00,4.25,8.01,58.13,27.34,33.96,0.63,1,2.89,0.203,0.021,3.68
2021-02-26 4:00,4.24,8.02,58.14,27.35,33.93,0.63,1,2.92,0.221,0.021,3.69
2021-02-26 5:00,4.23,8.01,58.15,27.36,33.9,0.63,1,2.85,0.219,0.023,3.69
2021-02-26 6:00,4.2,7.99,60.17,27.39,33.82,0.63,1,3.0,0.219,0.021,3.69
2021-02-26 7:00,4.19,8.03,60.5072,27.41,33.78,0.62,1,2.81,0.219,0.021,3.69
2021-02-26 8:00,3.4,8.05,52.353,27.39,33.81,0.62,1,2.95,0.0,0.022,3.69
2021-02-26 9:00,3.56,8.03,60.3512,27.22,34.27,0.63,1,0.0,0.233,0.021,3.67
2021-02-26 10:00,4.51,8.04,60.216,27.06,34.71,0.64,1,3.03,0.224,0.021,3.66
2021-02-26 11:00,4.62,8.01,63.591,26.94,35.04,0.66,2,3.37,0.246,0.023,3.65
2021-02-26 12:00,4.59,8.02,57.84,26.97,34.95,0.65,2,3.2,0.239,0.023,3.65
2021-02-26 13:00,4.51,8.0,57.9,27.06,34.72,0.65,2,3.09,0.221,0.024,3.66
2021-02-26 14:00,4.36,8.02,57.81,26.94,35.04,0.65,2,3.73,0.238,0.025,3.65
2021-02-26 15:00,4.89,8.04,57.82,26.95,35.01,0.65,2,3.29,0.252,0.025,3.65
2021-02-26 16:00,4.58,8.02,63.624,26.98,34.92,0.65,2,3.56,0.219,0.022,3.65
2021-02-26 17:00,4.49,8.02,60.92,27.08,34.66,0.64,2,4.07,0.231,0.022,3.66
2021-02-26 18:00,4.47,8.06,60.94,27.1,34.6,0.63,2,3.65,0.217,0.025,3.67
2021-02-26 19:00,4.5,8.05,54.91,27.07,34.68,0.64,2,3.61,0.212,0.023,3.66
2021-02-26 20:00,3.76,8.02,55.8349,27.0,34.86,0.65,2,3.89,0.211,0.024,3.66
2021-02-26 21:00,4.57,8.02,63.635,26.99,34.89,0.65,2,3.6,0.23,0.022,3.65
2021-02-26 22:00,4.54,8.06,57.88,27.03,34.8,0.64,1,3.16,0.212,0.024,3.66
2021-02-26 23:00,4.49,8.03,57.92,27.08,34.66,0.64,2,3.26,0.202,0.024,3.66
2021-02-27 0:00,4.93,8.04,54.93,27.09,34.62,0.64,2,3.32,0.205,0.02,3.67
2021-02-27 1:00,4.45,8.09,57.96,27.12,34.53,0.63,2,3.11,0.208,0.021,3.67
2021-02-27 2:00,4.44,8.01,57.96,27.13,34.51,0.64,2,2.71,0.205,0.02,3.67
2021-02-27 3:00,4.45,8.0,57.96,27.12,34.54,0.65,2,2.95,0.0,0.022,3.67
2021-02-27 4:00,4.76,8.0,55.92175,27.11,34.57,0.65,2,0.0,0.219,0.024,3.67
2021-02-27 5:00,4.45,8.01,57.96,27.12,34.54,0.64,2,3.16,0.233,0.023,3.67
2021-02-27 6:00,4.45,7.99,57.96,27.12,34.54,0.65,2,3.13,0.232,0.024,3.67
2021-02-27 7:00,4.47,7.98,57.94,27.1,34.6,0.65,2,3.11,0.205,0.023,3.67
2021-02-27 8:00,4.53,7.95,57.89,27.04,34.78,0.66,2,0.0,0.205,0.023,3.66
2021-02-27 9:00,4.68,7.99,57.76,26.88,35.22,0.66,2,3.26,0.205,0.021,3.65
2021-02-27 10:00,4.78,7.97,59.9768,26.77,35.52,0.67,2,0.0,0.0,0.022,3.64
2021-02-27 11:00,4.92,7.96,57.55,26.62,35.95,0.69,2,3.24,0.265,0.022,3.63
2021-02-27 12:00,4.94,7.98,51.786,26.6,36.01,0.68,2,3.2,0.254,0.023,3.63
2021-02-27 13:00,4.52,7.98,57.67,26.77,35.52,0.67,2,3.23,0.279,0.024,3.64
2021-02-27 14:00,4.88,8.01,57.59,26.67,35.82,0.67,2,3.41,0.295,0.022,3.63
2021-02-27 15:00,4.8,8.0,63.415,26.75,35.58,0.67,3,4.03,0.287,0.021,3.64
2021-02-27 16:00,4.81,8.01,59.956,26.74,35.61,0.67,3,0.0,0.301,0.0,3.64
2021-02-27 17:00,4.56,8.02,55.6612,26.78,35.49,0.66,3,3.97,0.309,0.0,3.64
2021-02-27 18:00,4.73,8.0,57.72,26.82,35.37,0.66,3,3.74,0.297,0.025,3.64
2021-02-27 19:00,5.05,8.0,57.7,26.8,35.43,0.67,3,4.09,0.308,0.024,3.64
2021-02-27 20:00,4.79,8.01,57.66,26.76,35.55,0.67,3,4.19,0.318,0.025,3.64
2021-02-27 21:00,4.76,8.03,57.69,26.79,35.46,0.66,3,3.73,0.311,0.022,3.64
2021-02-27 22:00,4.75,8.11,57.7,26.8,35.42,0.64,3,3.49,0.319,0.024,3.64
2021-02-27 23:00,5.35,8.07,51.93,26.8,35.43,0.65,3,3.58,0.299,0.023,3.64
2021-02-28 0:00,4.7,8.07,57.74,26.86,35.28,0.65,3,3.68,0.318,0.024,3.65
2021-02-28 1:00,4.63,8.06,57.8,26.93,35.07,0.64,3,3.61,0.348,0.023,3.65
2021-02-28 2:00,4.64,8.03,57.59,26.92,35.1,0.65,3,3.93,0.355,0.026,3.65
2021-02-28 3:00,4.69,8.02,57.75,26.87,35.25,0.66,3,3.48,0.337,0.024,3.65
2021-02-28 4:00,4.7,8.02,57.74,26.86,35.28,0.66,3,3.45,0.354,0.024,3.65
2021-02-28 5:00,4.69,7.98,63.525,26.87,35.25,0.67,3,3.09,0.357,0.022,3.65
2021-02-28 6:00,4.99,7.98,60.0392,26.85,35.31,0.67,3,3.47,0.366,0.023,3.65
2021-02-28 7:00,4.73,7.96,57.72,26.82,35.37,0.67,3,3.33,0.381,0.024,3.64
2021-02-28 8:00,4.79,8.0,57.66,26.76,35.55,0.67,3,3.42,0.393,0.024,3.64
2021-02-28 9:00,4.89,8.01,57.58,26.66,35.85,0.67,3,3.11,0.381,0.023,3.63
2021-02-28 10:00,5.24,7.99,59.54,26.6,36.0,0.68,3,3.19,0.381,0.025,3.63
2021-02-28 11:00,5.0,7.99,55.49,26.54,36.19,0.68,3,3.14,0.381,0.025,3.62
2021-02-28 12:00,5.14,8.01,57.37,26.39,36.62,0.69,3,3.41,0.0,0.023,3.61
2021-02-28 13:00,5.38,8.0,55.4103,26.45,36.43,0.69,3,3.17,0.421,0.023,3.62
2021-02-28 14:00,4.98,8.02,57.5,26.56,36.13,0.67,3,3.64,0.383,0.0,3.62
2021-02-28 15:00,4.94,8.0,54.54,26.6,36.0,0.68,3,3.16,0.38,0.026,3.63
2021-02-28 16:00,4.92,8.07,59.852,26.62,35.94,0.66,4,3.4,0.45,0.0,3.63
2021-02-28 17:00,4.92,8.01,57.55,26.62,35.94,0.67,4,3.41,0.442,0.024,3.63
2021-02-28 18:00,5.7,8.12,57.57,26.64,35.87,0.65,4,3.34,0.459,0.025,3.63
2021-02-28 19:00,4.91,8.06,57.56,26.63,35.91,0.66,4,3.16,0.46,0.023,3.63
2021-02-28 20:00,4.95,8.06,57.53,26.59,36.03,0.66,4,3.28,0.445,0.023,3.63
2021-02-28 21:00,4.99,8.01,57.49,26.55,36.16,0.68,4,3.47,0.432,0.025,3.62
2021-02-28 22:00,5.03,8.02,57.46,26.51,36.28,0.68,4,3.5,0.452,0.023,3.62
2021-02-28 23:00,5.06,8.03,57.44,26.48,36.37,0.68,3,3.39,0.45,0.024,3.62
2021-03-01 0:00,5.05,8.02,63.184,26.49,35.88,0.68,4,2.88,0.415,0.022,3.62
2021-03-01 1:00,5.09,8.02,60.41,26.44,35.88,0.68,4,3.51,0.453,0.022,3.62
2021-03-01 2:00,5.1,8.02,60.4,26.43,35.88,0.68,3,3.22,0.444,0.022,3.62
2021-03-01 3:00,4.95,8.01,55.53,26.59,35.88,0.68,3,2.76,0.408,0.022,3.63
2021-03-01 4:00,5.43,8.01,57.54,26.6,35.88,0.67,4,2.91,0.405,0.023,3.63
2021-03-01 5:00,4.94,8.02,57.54,26.6,35.88,0.67,4,2.91,0.0,0.023,3.63
2021-03-01 6:00,4.92,8.02,57.55,26.62,35.88,0.67,4,2.86,0.0,0.022,3.63
2021-03-01 7:00,4.96,8.32,57.52,26.58,35.88,0.6,4,3.52,0.44,0.023,3.63
2021-03-01 8:00,4.98,8.3,55.4875,26.56,35.88,0.61,4,3.6,0.416,0.021,3.62
2021-03-01 9:00,5.02,8.16,54.47,26.52,35.88,0.64,4,3.29,0.414,0.026,3.62
2021-03-01 10:00,5.03,8.04,57.46,26.51,35.88,0.67,4,3.23,0.413,0.021,3.62
2021-03-01 11:00,5.09,8.04,57.41,26.44,35.88,0.68,5,3.63,0.379,0.021,3.62
2021-03-01 12:00,5.14,8.13,57.37,26.39,35.88,0.66,5,3.43,0.379,0.024,3.61
2021-03-01 13:00,5.17,8.19,57.35,26.36,35.88,0.64,5,3.09,0.379,0.026,3.61
2021-03-01 14:00,5.14,8.12,59.37,26.39,35.88,0.66,3,3.85,0.392,0.023,3.61
2021-03-01 15:00,5.02,8.23,55.45855,26.52,35.88,0.63,2,3.85,0.273,0.025,3.62
2021-03-01 16:00,4.97,8.12,57.51,26.57,35.88,0.65,2,3.8,0.257,0.023,3.63
2021-03-01 17:00,4.96,8.09,57.52,26.58,35.88,0.66,2,4.23,0.252,0.026,3.63
2021-03-01 18:00,4.96,8.08,59.52,26.58,35.88,0.66,2,3.45,0.276,0.026,3.63
2021-03-01 19:00,4.96,8.07,57.52,26.58,35.88,0.66,2,3.53,0.283,0.025,3.63
2021-03-01 20:00,4.99,8.04,51.741,26.55,35.88,0.67,2,3.56,0.257,0.024,3.62
2021-03-01 21:00,4.76,8.02,57.47,26.52,35.88,0.68,2,3.61,0.245,0.025,3.62
2021-03-01 22:00,5.79,8.02,60.49,26.55,35.88,0.68,2,3.7,0.271,0.021,3.62
2021-03-01 23:00,5.0,8.04,57.49,26.54,35.88,0.67,2,3.45,0.239,0.022,3.62
2021-03-02 0:00,5.09,8.02,57.41,26.44,35.88,0.68,2,3.41,0.242,0.021,3.62
2021-03-02 1:00,5.04,8.04,57.45,26.5,35.88,0.67,2,3.44,0.237,0.0,3.62
2021-03-02 2:00,4.97,8.01,55.49715,26.57,35.88,0.68,2,3.36,0.225,0.025,3.63
2021-03-02 3:00,4.67,7.98,63.327,26.64,35.88,0.68,3,3.11,0.232,0.024,3.63
2021-03-02 4:00,4.87,8.03,59.8728,26.64,35.88,0.68,2,4.0,0.244,0.022,3.63
2021-03-02 5:00,4.88,7.99,59.8728,26.64,35.88,0.68,2,3.5,0.233,0.025,3.63
2021-03-02 6:00,4.85,7.97,57.61,26.7,35.73,0.68,2,3.94,0.259,0.023,3.63
2021-03-02 7:00,4.87,7.94,57.6,26.68,35.8,0.68,2,3.58,0.235,0.022,3.63
2021-03-02 8:00,4.85,7.92,57.61,26.7,35.74,0.69,2,3.78,0.228,0.021,3.63
2021-03-02 9:00,4.95,7.93,57.53,26.59,36.04,0.7,2,3.84,0.244,0.021,3.63
2021-03-02 10:00,5.0,7.95,57.49,26.54,36.19,0.7,2,3.35,0.223,0.0,3.62
2021-03-02 11:00,5.16,7.95,57.35,26.37,36.68,0.7,2,3.42,0.221,0.021,3.61
2021-03-02 12:00,5.35,7.93,57.19,26.17,37.28,0.7,2,3.39,0.24,0.022,3.6
2021-03-02 13:00,5.91,7.92,56.98,25.91,38.1,0.73,2,3.58,0.225,0.021,3.58
2021-03-02 14:00,5.58,7.95,57.01,25.94,38.1,0.73,2,3.62,0.225,0.022,3.58
2021-03-02 15:00,5.05,7.94,56.98,25.91,38.11,0.74,2,3.76,0.225,0.023,3.58
2021-03-02 16:00,5.63,7.95,54.97,25.89,38.17,0.74,2,3.79,0.0,0.021,3.58
2021-03-02 17:00,5.76,7.97,57.13,26.1,37.53,0.72,3,3.39,0.233,0.023,3.59
2021-03-02 18:00,5.27,7.98,57.26,26.26,37.02,0.7,2,3.77,0.205,0.02,3.6
2021-03-02 19:00,5.41,8.0,57.15,26.12,37.46,0.71,2,3.54,0.209,0.023,3.59
2021-03-02 20:00,5.53,7.97,59.332,25.99,37.85,0.71,2,3.32,0.183,0.023,3.58
2021-03-02 21:00,5.42,8.0,57.14,26.11,37.5,0.71,2,3.39,0.213,0.0,3.59
2021-03-02 22:00,5.45,7.99,57.11,26.08,37.59,0.71,2,3.52,0.192,0.021,3.59
2021-03-02 23:00,5.33,8.0,62.931,26.2,37.21,0.7,2,3.54,0.179,0.019,3.6
2021-03-03 0:00,5.34,8.0,57.2,26.18,37.24,0.7,2,3.54,0.179,0.02,3.6
2021-03-03 1:00,5.38,8.0,57.17,26.14,37.37,0.71,2,3.37,0.18,0.019,3.6
2021-03-03 2:00,5.36,7.95,57.19,26.16,37.31,0.72,2,3.43,0.172,0.021,3.6
2021-03-03 3:00,5.75,8.0,57.14,26.11,37.5,0.71,2,3.58,0.171,0.021,3.59
2021-03-03 4:00,5.33,7.96,60.21,26.2,37.22,0.71,2,3.13,0.17,0.018,3.6
2021-03-03 5:00,5.27,7.95,57.26,26.26,37.03,0.71,2,3.68,0.177,0.018,3.6
2021-03-03 6:00,5.26,7.95,57.27,26.27,37.0,0.71,2,3.21,0.166,0.018,3.6
2021-03-03 7:00,5.14,7.94,57.37,26.39,36.62,0.71,2,3.51,0.175,0.019,3.61
2021-03-03 8:00,5.12,7.96,55.39,26.41,36.56,0.7,3,3.84,0.191,0.019,3.61
2021-03-03 9:00,5.23,7.97,57.29,26.3,36.9,0.7,3,3.47,0.171,0.023,3.6
2021-03-03 10:00,5.26,7.96,57.27,26.27,36.99,0.71,3,3.26,0.161,0.02,3.6
2021-03-03 11:00,5.98,8.3,58.68,25.54,39.3,0.74,0,3.36,0.203,0.02,3.55
2021-03-03 12:00,6.6,8.48,56.49,25.29,40.08,0.64,10,14.73,1.127,0.073,3.54
2021-03-03 13:00,6.44,8.41,58.38,25.09,40.81,0.67,10,16.61,1.019,0.259,3.52
2021-03-03 14:00,6.11,8.35,56.38,25.16,40.58,0.68,11,15.24,0.938,0.221,3.52
2021-03-03 15:00,5.46,8.02,57.11,26.07,37.62,0.71,4,13.49,0.864,0.192,3.59
2021-03-03 16:00,5.39,8.04,57.16,26.13,35.4,0.7,3,10.29,0.951,0.086,3.59
2021-03-03 17:00,5.32,8.04,57.22,26.21,37.18,0.69,3,3.89,0.402,0.062,3.6
2021-03-03 18:00,5.29,8.03,57.25,26.24,37.08,0.69,2,3.9,0.283,0.055,3.6
2021-03-03 19:00,5.28,8.04,57.25,26.25,37.05,0.69,2,3.74,0.27,0.03,3.6
2021-03-03 20:00,5.6,8.01,55.24625,26.25,37.05,0.7,2,3.48,0.209,0.029,3.6
2021-03-03 21:00,5.03,8.0,57.25,26.24,37.09,0.7,2,3.54,0.225,0.027,3.6
2021-03-03 22:00,5.31,7.98,57.23,26.22,37.15,0.71,3,3.86,0.187,0.025,3.6
2021-03-03 23:00,5.53,8.23,57.05,25.99,37.82,0.66,5,3.89,0.193,0.026,3.58
2021-03-04 0:00,5.8,8.51,56.83,25.72,38.66,0.6,5,3.66,0.195,0.024,3.56
2021-03-04 1:00,5.84,8.43,54.812,25.68,38.8,0.63,5,12.99,1.494,0.087,3.56
2021-03-04 2:00,5.8,8.37,59.1032,25.72,38.68,0.64,5,12.09,1.719,0.093,3.56
2021-03-04 3:00,5.48,8.02,55.09185,26.04,37.68,0.71,6,12.25,1.174,0.099,3.58
2021-03-04 4:00,5.44,8.05,57.12,26.09,37.56,0.7,4,12.29,1.146,0.106,3.59
2021-03-04 5:00,5.47,8.05,57.1,26.05,37.65,0.7,3,3.07,0.385,0.038,3.59
2021-03-04 6:00,5.46,8.05,57.11,26.07,37.62,0.7,3,2.87,0.214,0.037,3.59
2021-03-04 7:00,5.46,8.08,55.11,26.07,37.62,0.69,2,3.11,0.203,0.028,3.59
2021-03-04 8:00,5.49,8.01,55.0822,26.03,37.71,0.71,2,2.97,0.193,0.021,3.58
2021-03-04 9:00,5.53,7.99,59.332,25.99,37.84,0.72,2,3.74,0.0,0.025,3.58
2021-03-04 10:00,5.94,7.96,56.99,25.92,38.07,0.73,2,3.67,0.0,0.022,3.58
2021-03-04 11:00,5.71,7.97,56.9,25.81,38.42,0.74,2,3.4,0.169,0.025,3.57
2021-03-04 12:00,5.79,7.98,54.8506,25.73,38.68,0.74,2,3.44,0.201,0.025,3.56
2021-03-04 13:00,5.85,7.99,53.79,25.67,38.88,0.74,2,3.34,0.189,0.026,3.56
2021-03-04 14:00,5.96,7.99,56.7,25.56,39.24,0.75,2,3.31,0.183,0.023,3.55
2021-03-04 15:00,6.04,7.97,50.976,25.48,39.51,0.76,2,3.25,0.21,0.022,3.54
2021-03-04 16:00,5.84,7.98,54.812,25.68,38.85,0.74,2,3.68,0.205,0.023,3.56
2021-03-04 17:00,5.89,8.0,56.76,25.63,39.01,0.74,2,3.51,0.208,0.024,3.56
2021-03-04 18:00,6.11,8.02,56.82,25.71,38.75,0.73,2,3.89,0.203,0.023,3.56
2021-03-04 19:00,5.76,8.02,51.174,25.76,38.58,0.73,2,3.24,0.208,0.023,3.56
2021-03-04 20:00,6.09,8.0,51.156,25.73,38.68,0.73,2,3.9,0.0,0.023,3.56
2021-03-04 21:00,6.13,7.99,56.8,25.69,38.81,0.74,2,3.27,0.221,0.022,3.56
2021-03-04 22:00,6.13,8.01,58.85,25.71,38.65,0.73,2,3.43,0.213,0.021,3.56
2021-03-04 23:00,5.74,8.02,56.88,25.78,38.52,0.72,2,3.2,0.22,0.023,3.56
2021-03-05 0:00,5.72,8.0,56.69,25.8,38.46,0.73,2,3.27,0.241,0.021,3.57
2021-03-05 1:00,5.69,8.01,62.612,25.83,38.36,0.72,2,3.59,0.234,0.02,3.57
2021-03-05 2:00,5.71,7.98,56.9,25.81,38.42,0.73,2,3.05,0.24,0.021,3.57
2021-03-05 3:00,5.71,7.95,54.9,25.81,38.43,0.74,2,3.2,0.24,0.022,3.57
2021-03-05 4:00,5.65,7.97,56.95,25.87,38.23,0.73,2,3.52,0.207,0.023,3.58
2021-03-05 5:00,5.62,7.99,56.97,25.9,38.13,0.72,2,3.03,0.195,0.022,3.58
2021-03-05 6:00,5.67,7.99,56.97,25.89,38.16,0.72,2,3.61,0.189,0.02,3.58
2021-03-05 7:00,5.63,8.0,59.97,25.89,38.16,0.72,2,2.88,0.181,0.026,3.58
2021-03-05 8:00,5.65,7.99,51.255,25.87,38.23,0.73,2,2.71,0.192,0.02,3.58
2021-03-05 9:00,6.02,7.98,56.89,25.8,38.46,0.73,2,2.71,0.184,0.024,3.57
2021-03-05 10:00,5.81,7.96,56.82,25.71,38.75,0.74,2,2.85,0.186,0.022,3.56
2021-03-05 11:00,5.92,7.94,56.73,25.6,39.11,0.76,2,3.0,0.199,0.021,3.56
2021-03-05 12:00,6.0,7.95,53.67,25.52,39.37,0.76,2,2.8,0.163,0.02,3.54
2021-03-05 13:00,6.29,7.93,62.084,25.23,40.35,0.79,2,2.8,0.163,0.02,3.52
2021-03-05 14:00,6.44,7.93,58.38,25.09,40.86,0.8,1,2.8,0.163,0.02,3.52
2021-03-05 15:00,6.62,7.94,58.4064,24.91,41.48,0.81,2,3.0,0.0,0.022,3.5
2021-03-05 16:00,7.42,7.94,56.16,24.91,41.48,0.81,0,3.01,0.242,0.023,3.5
2021-03-05 17:00,6.44,8.02,56.38,25.09,40.85,0.77,0,2.35,0.204,0.028,3.52
2021-03-05 18:00,6.44,8.02,54.4067,25.09,40.85,0.77,2,1.4,0.168,0.024,3.52
2021-03-05 19:00,5.97,8.02,56.69,25.55,39.27,0.74,2,1.52,0.166,0.024,3.55
2021-03-05 20:00,5.87,8.01,56.77,25.65,38.94,0.74,2,1.92,0.153,0.02,3.56
2021-03-05 21:00,5.76,7.9,56.86,25.76,38.59,0.76,2,2.6,0.147,0.022,3.56
2021-03-05 22:00,5.8,7.9,56.83,25.72,38.72,0.76,2,1.84,0.146,0.023,3.56
2021-03-05 23:00,5.81,7.89,56.82,25.71,38.76,0.76,2,2.02,0.15,0.02,3.56
2021-03-06 0:00,5.91,7.9,56.74,25.61,39.08,0.77,2,1.55,0.145,0.025,3.56
2021-03-06 1:00,6.68,7.87,56.77,25.64,38.99,0.77,2,1.59,0.168,0.023,3.56
2021-03-06 2:00,5.61,7.91,51.066,25.61,39.08,0.77,2,1.94,0.156,0.022,3.56
2021-03-06 3:00,5.95,7.89,58.9784,25.57,39.22,0.77,1,2.12,0.166,0.022,3.56
2021-03-06 4:00,6.05,7.88,56.63,25.47,39.55,0.78,2,2.23,0.183,0.022,3.54
2021-03-06 5:00,6.93,7.87,56.57,25.39,39.81,0.79,2,2.42,0.193,0.023,3.54
2021-03-06 6:00,5.86,7.9,56.78,25.66,38.92,0.76,2,2.11,0.198,0.022,3.56
2021-03-06 7:00,5.84,7.89,56.8,25.68,38.85,0.77,2,2.57,0.227,0.021,3.56
2021-03-06 8:00,5.82,7.87,56.81,25.7,38.79,0.77,2,2.11,0.213,0.02,3.56
2021-03-06 9:00,5.81,7.87,56.82,25.71,38.76,0.77,2,3.72,0.244,0.036,3.56
2021-03-06 10:00,5.82,7.87,54.82165,25.7,38.79,0.77,2,2.35,0.25,0.03,3.56
2021-03-06 11:00,5.9,7.86,56.75,25.62,39.05,0.78,1,3.02,0.299,0.024,3.56
2021-03-06 12:00,5.99,7.85,56.68,25.53,39.35,0.79,1,1.7,0.211,0.021,3.54
2021-03-06 13:00,6.07,7.84,54.62865,25.45,39.62,0.8,1,2.39,0.209,0.02,3.54
2021-03-06 14:00,6.93,7.87,56.57,25.39,39.81,0.79,1,2.26,0.217,0.022,3.54
2021-03-06 15:00,6.24,7.89,56.48,25.28,40.18,0.79,1,1.8,0.217,0.02,3.54
2021-03-06 16:00,6.29,7.89,56.44,25.23,40.35,0.79,1,1.66,0.217,0.021,3.52
2021-03-06 17:00,6.36,7.87,56.39,25.17,40.59,0.81,1,1.69,0.0,0.022,3.52
2021-03-06 18:00,6.82,7.9,54.66725,25.5,39.44,0.78,1,1.91,0.186,0.019,3.54
2021-03-06 19:00,5.9,7.89,53.75,25.62,39.05,0.77,1,2.36,0.192,0.02,3.56
2021-03-06 20:00,6.07,7.88,56.61,25.45,39.61,0.78,1,2.7,0.165,0.022,3.54
2021-03-06 21:00,6.49,7.86,56.52,25.33,40.02,0.8,1,1.96,0.17,0.024,3.54
2021-03-06 22:00,6.0,7.9,56.67,25.52,39.38,0.77,2,2.09,0.202,0.021,3.54
2021-03-06 23:00,5.89,7.92,59.0304,25.63,39.02,0.76,2,2.32,0.207,0.021,3.56
2021-03-07 0:00,6.0,7.91,56.67,25.52,39.38,0.77,1,2.9,0.185,0.021,3.54
2021-03-07 1:00,5.91,7.9,56.74,25.61,39.08,0.77,1,2.77,0.181,0.022,3.56
2021-03-07 2:00,5.89,7.9,56.76,25.63,39.02,0.77,1,2.34,0.17,0.021,3.56
2021-03-07 3:00,5.88,7.92,56.77,25.64,38.98,0.76,1,2.57,0.162,0.021,3.56
2021-03-07 4:00,5.85,7.93,56.79,25.67,38.88,0.76,2,0.0,0.239,0.021,3.56
2021-03-07 5:00,5.81,7.93,59.0928,25.71,38.75,0.75,1,2.53,0.219,0.024,3.56
2021-03-07 6:00,5.79,7.92,56.84,25.73,38.69,0.75,1,2.6,0.189,0.021,3.56
2021-03-07 7:00,5.73,7.92,56.89,25.79,38.49,0.75,2,2.47,0.211,0.023,3.56
2021-03-07 8:00,5.72,7.91,54.89885,25.8,38.46,0.75,2,3.03,0.232,0.021,3.57
2021-03-07 9:00,5.72,7.89,56.89,25.8,38.46,0.76,1,2.67,0.267,0.022,3.57
2021-03-07 10:00,5.7,7.89,56.91,25.82,38.4,0.76,2,3.39,0.238,0.023,3.57
2021-03-07 11:00,6.0,7.88,59.1864,25.82,38.4,0.76,1,2.7,0.242,0.023,3.57
2021-03-07 12:00,5.83,7.86,56.8,25.69,38.82,0.77,2,2.9,0.285,0.024,3.56
2021-03-07 13:00,5.12,7.87,56.73,25.6,39.12,0.78,1,2.69,0.253,0.023,3.56
2021-03-07 14:00,6.0,7.88,56.67,25.52,39.38,0.78,1,3.08,0.269,0.023,3.54
2021-03-07 15:00,6.11,7.88,56.58,25.41,39.74,0.79,1,2.69,0.235,0.022,3.54
2021-03-07 16:00,6.49,7.89,61.963,25.04,41.02,0.81,1,2.77,0.241,0.023,3.52
2021-03-07 17:00,7.0,7.87,55.9,24.55,42.83,0.86,1,2.21,0.241,0.021,3.48
2021-03-07 18:00,6.71,7.9,56.12,24.83,41.8,0.83,1,1.88,0.241,0.019,3.5
2021-03-07 19:00,6.67,7.91,56.15,24.86,41.66,0.82,1,0.0,0.276,0.019,3.5
2021-03-07 20:00,6.53,7.92,56.25,25.0,41.17,0.81,1,1.89,0.219,0.021,3.51
2021-03-07 21:00,6.49,7.92,56.33,25.04,41.02,0.8,2,2.13,0.178,0.025,3.52
2021-03-07 22:00,6.43,7.91,61.743,24.83,41.73,0.82,2,2.13,0.185,0.022,3.5
2021-03-07 23:00,6.59,7.9,50.58,24.94,41.38,0.82,2,1.76,0.194,0.022,3.5
2021-03-08 0:00,7.11,7.93,56.31,25.02,41.08,0.8,2,2.19,0.223,0.021,3.52
2021-03-08 1:00,5.75,7.92,56.24,24.98,41.24,0.81,1,1.69,0.221,0.021,3.5
2021-03-08 2:00,6.52,7.9,56.26,25.01,41.14,0.81,2,2.05,0.222,0.02,3.51
2021-03-08 3:00,6.54,7.91,56.25,24.99,41.21,0.81,2,2.16,0.194,0.018,3.5
2021-03-08 4:00,6.52,7.93,56.26,25.01,41.13,0.8,2,2.24,0.196,0.02,3.51
2021-03-08 5:00,6.17,7.93,56.39,25.1,40.83,0.8,2,2.1,0.175,0.02,3.52
2021-03-08 6:00,6.34,7.93,54.426,25.18,40.52,0.79,2,2.24,0.159,0.02,3.52
2021-03-08 7:00,6.12,7.94,54.59005,25.4,39.77,0.77,2,1.87,0.177,0.02,3.54
2021-03-08 8:00,6.02,7.93,56.65,25.5,39.44,0.77,2,1.78,0.15,0.02,3.54
2021-03-08 9:00,6.12,7.93,56.57,25.4,39.78,0.77,1,2.78,0.166,0.021,3.54
2021-03-08 10:00,5.78,7.92,56.46,25.48,39.51,0.77,2,2.27,0.19,0.024,3.54
2021-03-08 11:00,6.46,7.91,56.6,25.43,39.61,0.78,2,2.7,0.152,0.024,3.54
2021-03-08 12:00,6.11,7.91,56.58,25.41,39.74,0.78,1,2.66,0.166,0.024,3.54
2021-03-08 13:00,6.17,7.89,56.53,25.35,39.95,0.79,1,3.8,0.152,0.0,3.54
2021-03-08 14:00,6.32,7.88,56.42,25.2,40.45,0.8,1,5.22,0.187,0.033,3.52
2021-03-08 15:00,6.42,7.88,56.39,25.11,40.8,0.81,2,4.63,0.207,0.033,3.52
2021-03-08 16:00,7.36,7.89,55.63,24.22,44.13,0.83,1,3.97,0.201,0.023,3.45
2021-03-08 17:00,7.64,7.94,55.42,23.96,45.17,0.89,2,3.35,0.0,0.021,3.43
2021-03-08 18:00,7.68,7.95,55.4,23.92,45.32,0.89,2,2.6,0.28,0.018,3.43
2021-03-08 19:00,7.65,7.95,53.42,23.95,45.21,0.88,2,2.06,0.28,0.017,3.43
2021-03-08 20:00,7.59,7.96,55.46,24.0,44.98,0.88,2,2.31,0.28,0.018,3.44
2021-03-08 21:00,8.17,7.97,55.62,24.2,44.16,0.86,2,1.76,0.0,0.018,3.45
2021-03-08 22:00,6.7,7.97,56.12,24.84,41.76,0.81,2,1.28,0.351,0.017,3.5
2021-03-08 23:00,6.97,7.96,52.92,24.58,42.71,0.83,1,1.6,0.319,0.018,3.48
2021-03-09 0:00,6.61,7.96,58.4376,24.92,41.45,0.8,2,1.64,0.308,0.018,3.5
2021-03-09 1:00,6.49,7.98,58.5832,25.04,41.01,0.79,2,1.35,0.252,0.017,3.52
2021-03-09 2:00,6.13,7.98,56.36,25.14,40.69,0.78,2,1.21,0.181,0.017,3.52
2021-03-09 3:00,6.28,7.98,62.095,25.24,40.31,0.71,2,1.37,0.175,0.0,3.52
2021-03-09 4:00,6.21,7.98,58.76,25.31,40.07,0.77,2,1.91,0.16,0.017,3.54
2021-03-09 5:00,6.24,7.97,54.5032,25.28,40.18,0.77,1,2.22,0.188,0.019,3.53
2021-03-09 6:00,6.38,7.95,58.6248,25.15,40.65,0.79,1,2.84,0.189,0.017,3.52
2021-03-09 7:00,6.32,7.94,56.42,25.2,40.45,0.79,2,2.41,0.194,0.016,3.52
2021-03-09 8:00,6.37,7.94,56.38,25.16,40.62,0.79,1,1.47,0.177,0.016,3.52
2021-03-09 9:00,6.44,7.94,58.6352,25.09,40.86,0.79,1,2.34,0.219,0.016,3.52
2021-03-09 10:00,6.11,7.94,56.38,25.16,40.62,0.79,2,2.33,0.234,0.0,3.52
2021-03-09 11:00,6.37,7.94,56.38,25.16,40.62,0.79,1,1.84,0.216,0.019,3.52
2021-03-09 12:00,6.42,7.93,56.39,25.11,40.79,0.8,1,1.92,0.194,0.02,3.52
2021-03-09 13:00,6.48,7.91,56.33,25.05,40.98,0.81,1,2.1,0.238,0.018,3.52
2021-03-09 14:00,6.81,7.92,56.04,24.73,42.15,0.83,1,2.11,0.171,0.017,3.49
2021-03-09 15:00,6.65,7.96,56.15,24.88,41.58,0.8,2,1.45,0.154,0.019,3.5
2021-03-09 16:00,7.51,7.96,55.52,24.08,44.68,0.87,1,1.36,0.137,0.019,3.44
2021-03-09 17:00,7.31,8.13,53.67,24.26,43.93,0.8,2,1.54,0.157,0.018,3.46
2021-03-09 18:00,7.13,8.1,55.8,24.42,43.28,0.8,1,1.55,0.0,0.018,3.47
2021-03-09 19:00,7.73,8.1,53.6347,24.15,44.37,0.82,1,1.53,0.161,0.019,3.46
2021-03-09 20:00,7.33,8.09,52.65,24.24,44.01,0.82,1,0.71,0.147,0.018,3.46
2021-03-09 21:00,7.36,8.06,55.63,24.22,44.12,0.83,1,0.58,0.147,0.016,3.45
2021-03-09 22:00,7.24,8.06,55.72,24.32,43.68,0.82,2,0.76,0.147,0.018,3.46
2021-03-09 23:00,6.98,8.06,58.1464,24.57,42.74,0.8,2,1.06,0.0,0.017,3.48
2021-03-10 0:00,6.8,8.06,56.05,24.74,42.1,0.79,2,1.95,0.249,0.016,3.51
2021-03-10 1:00,7.01,8.05,55.89,24.54,42.85,0.8,2,1.71,0.261,0.02,3.48
2021-03-10 2:00,6.76,8.05,54.1172,24.78,41.95,0.79,1,1.15,0.252,0.021,3.5
2021-03-10 3:00,6.42,8.05,61.754,24.85,41.68,0.78,2,1.6,0.261,0.018,3.5
2021-03-10 4:00,6.62,8.05,56.18,24.92,41.48,0.78,1,2.26,0.254,0.018,3.5
2021-03-10 5:00,7.27,8.04,54.22335,24.92,41.44,0.78,1,1.96,0.244,0.019,3.5
2021-03-10 6:00,7.36,8.04,56.23,24.97,41.26,0.78,1,2.32,0.227,0.019,3.5
2021-03-10 7:00,6.47,8.05,58.604,25.06,40.94,0.77,1,2.74,0.211,0.017,3.52
2021-03-10 8:00,6.5,8.05,56.32,25.03,41.04,0.77,1,2.79,0.231,0.018,3.52
2021-03-10 9:00,6.91,8.04,56.19,24.92,41.44,0.78,1,2.49,0.237,0.019,3.5
2021-03-10 10:00,6.68,8.02,56.14,24.85,41.85,0.79,1,2.25,0.251,0.019,3.5
2021-03-10 11:00,6.67,8.02,56.15,24.86,41.65,0.79,1,2.17,0.231,0.018,3.5
2021-03-10 12:00,6.61,8.05,56.19,24.92,41.44,0.78,1,2.0,0.212,0.018,3.5
2021-03-10 13:00,5.99,8.03,56.15,24.87,41.61,0.78,1,2.0,0.226,0.018,3.5
2021-03-10 14:00,6.94,8.03,56.24,24.98,41.23,0.78,1,1.72,0.241,0.018,3.5
2021-03-10 15:00,6.53,8.06,56.25,25.0,41.16,0.77,1,1.23,0.211,0.018,3.51
2021-03-10 16:00,6.56,8.05,56.23,24.97,41.26,0.77,1,1.7,0.225,0.017,3.5
2021-03-10 17:00,7.12,8.05,61.391,24.44,43.24,0.81,1,1.79,0.225,0.016,3.47
2021-03-10 18:00,7.51,8.06,61.072,24.08,44.67,0.84,1,1.72,0.243,0.0,3.44
2021-03-10 19:00,6.39,8.08,56.15,24.88,41.57,0.77,2,1.31,0.252,0.016,3.5
2021-03-10 20:00,7.01,8.08,55.89,24.54,42.85,0.8,2,1.41,0.228,0.016,3.48
2021-03-10 21:00,6.98,8.06,58.72,24.32,43.68,0.82,1,2.26,0.248,0.015,3.46
2021-03-10 22:00,7.22,8.05,57.73,24.34,43.6,0.82,1,1.06,0.256,0.017,3.46
2021-03-10 23:00,5.46,8.08,59.41,25.19,40.47,0.75,1,1.31,0.256,0.015,3.5
2021-03-11 0:00,6.61,8.08,56.19,24.92,41.44,0.77,1,1.23,0.256,0.017,3.5
2021-03-11 1:00,7.0,8.05,53.9,24.55,42.81,0.8,1,0.66,0.0,0.018,3.48
2021-03-11 2:00,6.9,8.05,55.97,24.65,42.45,0.8,2,0.96,0.203,0.017,3.48
2021-03-11 3:00,7.16,8.04,58.0112,24.4,43.39,0.82,2,3.03,0.197,0.018,3.46
2021-03-11 4:00,7.15,8.04,58.79,24.41,43.35,0.82,1,1.72,0.196,0.015,3.46
2021-03-11 5:00,7.17,8.04,61.347,24.39,43.43,0.82,1,0.91,0.174,0.016,3.46
2021-03-11 6:00,6.83,8.05,55.83,24.47,43.14,0.81,1,1.48,0.178,0.016,3.47
2021-03-11 7:00,7.66,8.05,55.81,24.44,43.24,0.81,2,1.27,0.192,0.018,3.47
2021-03-11 8:00,7.06,8.06,55.85,24.49,43.03,0.81,2,1.12,0.192,0.018,3.48
2021-03-11 9:00,7.57,8.05,55.69,24.3,43.79,0.82,1,0.46,0.216,0.016,3.46
2021-03-11 10:00,7.26,8.03,55.7,24.31,43.75,0.83,2,0.58,0.215,0.016,3.46
2021-03-11 11:00,7.15,8.04,55.59,24.17,44.3,0.84,1,0.79,0.207,0.017,3.45
2021-03-11 12:00,7.38,8.06,55.84,24.48,43.1,0.81,2,1.33,0.223,0.016,3.47
2021-03-11 13:00,7.03,8.06,55.87,24.52,42.92,0.8,2,0.96,0.219,0.019,3.48
2021-03-11 14:00,6.73,8.08,56.1,24.81,41.85,0.78,2,0.24,0.223,0.016,3.5
2021-03-11 15:00,6.76,8.08,58.08,24.78,41.96,0.78,2,0.8,0.212,0.018,3.5
2021-03-11 16:00,7.0,8.09,56.12,24.84,41.75,0.77,1,0.54,0.219,0.018,3.5
2021-03-11 17:00,7.08,8.07,56.07,24.76,42.03,0.78,2,0.88,0.231,0.02,3.5
2021-03-11 18:00,6.83,8.06,56.02,24.71,42.2,0.79,2,1.23,0.227,0.02,3.49
2021-03-11 19:00,7.03,8.05,55.87,24.52,42.92,0.81,2,0.93,0.241,0.021,3.48
2021-03-11 20:00,7.19,8.05,55.76,24.37,43.5,0.82,2,1.21,0.214,0.019,3.46
2021-03-11 21:00,6.62,8.07,55.99,24.37,43.5,0.82,2,0.33,0.231,0.018,3.47
2021-03-11 22:00,6.79,8.08,56.05,24.75,42.06,0.78,2,0.95,0.221,0.019,3.49
2021-03-11 23:00,7.02,8.07,55.88,24.53,42.88,0.8,1,1.05,0.208,0.02,3.48
2021-03-12 0:00,7.86,8.05,56.08,24.78,41.96,0.79,2,1.33,0.183,0.02,3.5
2021-03-12 1:00,6.76,8.06,56.08,24.78,41.96,0.78,2,1.0,0.183,0.0,3.5
2021-03-12 2:00,7.06,8.07,54.1172,24.78,41.96,0.78,2,1.62,0.183,0.021,3.5
2021-03-12 3:00,6.7,8.06,56.12,24.84,41.75,0.78,2,1.42,0.0,0.02,3.5
2021-03-12 4:00,6.67,8.06,54.18475,24.86,41.64,0.78,2,1.4,0.261,0.019,3.5
2021-03-12 5:00,6.65,8.09,54.15,24.88,41.57,0.77,2,2.0,0.253,0.019,3.5
2021-03-12 6:00,6.74,8.09,54.12685,24.8,41.89,0.77,1,1.73,0.255,0.019,3.5
2021-03-12 7:00,6.78,8.1,58.07,24.74,42.03,0.77,2,2.16,0.26,0.02,3.5
2021-03-12 8:00,6.78,8.1,56.07,24.74,42.03,0.77,2,1.93,0.238,0.022,3.5
2021-03-12 9:00,6.94,8.08,55.94,24.61,42.59,0.79,2,1.98,0.249,0.022,3.48
2021-03-12 10:00,7.0,8.06,55.9,24.55,42.81,0.8,2,1.99,0.233,0.021,3.48
2021-03-12 11:00,7.7,8.03,55.7,24.31,43.75,0.83,2,1.67,0.226,0.022,3.46
2021-03-12 12:00,6.9,8.05,55.78,24.4,43.39,0.82,2,1.43,0.227,0.021,3.46
2021-03-12 13:00,7.03,8.08,55.87,24.52,42.92,0.8,2,1.52,0.25,0.021,3.48
2021-03-12 14:00,7.29,8.05,55.68,24.28,43.86,0.83,2,1.31,0.241,0.02,3.46
2021-03-12 15:00,6.84,8.09,50.418,24.7,42.24,0.78,2,1.68,0.246,0.02,3.48
2021-03-12 16:00,6.55,8.08,50.418,24.73,42.13,0.78,2,1.21,0.233,0.021,3.49
2021-03-12 17:00,6.78,8.09,54.10755,24.76,42.03,0.78,2,1.76,0.233,0.019,3.5
2021-03-12 18:00,6.83,8.07,56.02,24.71,42.2,0.79,2,1.26,0.239,0.02,3.49
2021-03-12 19:00,6.85,8.05,56.01,24.69,42.28,0.79,2,1.85,0.255,0.022,3.48
2021-03-12 20:00,6.87,8.05,55.99,24.67,42.35,0.79,2,1.5,0.272,0.019,3.48
2021-03-12 21:00,6.52,8.05,50.463,24.76,42.03,0.79,2,1.92,0.245,0.02,3.5
2021-03-12 22:00,6.68,8.05,56.14,24.85,41.68,0.78,2,1.73,0.246,0.021,3.5
2021-03-12 23:00,6.36,8.03,56.15,24.87,41.61,0.78,2,1.77,0.224,0.022,3.5
2021-03-13 0:00,6.73,8.04,56.1,24.81,41.86,0.79,2,2.25,0.222,0.022,3.5
2021-03-13 1:00,7.12,8.03,56.11,24.82,41.82,0.79,2,1.94,0.222,0.019,3.5
2021-03-13 2:00,7.06,8.06,56.15,24.87,41.61,0.78,2,2.13,0.2,0.02,3.5
2021-03-13 3:00,6.63,8.06,56.17,24.9,41.51,0.77,2,2.1,0.2,0.02,3.5
2021-03-13 4:00,6.63,8.04,56.17,24.9,41.51,0.78,2,1.86,0.2,0.021,3.5
2021-03-13 5:00,6.62,8.03,56.18,24.92,41.48,0.78,2,2.22,0.0,0.019,3.5
2021-03-13 6:00,6.63,8.03,56.17,24.9,41.51,0.78,2,2.3,0.252,0.02,3.5
2021-03-13 7:00,6.64,8.04,56.16,24.89,41.54,0.78,2,2.24,0.245,0.022,3.5
2021-03-13 8:00,7.1,8.04,50.508,24.84,41.75,0.78,2,2.48,0.247,0.02,3.5
2021-03-13 9:00,6.83,8.04,56.02,24.71,42.21,0.79,2,2.1,0.235,0.022,3.49
2021-03-13 10:00,7.41,8.03,55.91,24.56,42.78,0.81,2,2.12,0.243,0.021,3.48
2021-03-13 11:00,6.83,8.02,55.83,24.47,43.14,0.82,2,2.3,0.0,0.02,3.47
2021-03-13 12:00,6.39,8.02,53.8084,24.37,43.5,0.83,2,2.62,0.242,0.022,3.46
2021-03-13 13:00,7.19,8.01,55.76,24.37,43.5,0.83,2,2.53,0.248,0.021,3.46
2021-03-13 14:00,7.08,8.0,58.0736,24.48,43.1,0.82,2,1.9,0.276,0.02,3.48
2021-03-13 15:00,7.16,7.99,55.78,24.4,43.39,0.83,2,2.46,0.262,0.02,3.46
2021-03-13 16:00,7.03,7.99,61.457,24.52,42.92,0.82,2,2.47,0.261,0.019,3.48
2021-03-13 17:00,6.99,8.0,55.91,24.56,42.78,0.82,2,2.0,0.236,0.021,3.48
2021-03-13 18:00,7.06,7.99,52.85,24.49,43.03,0.83,2,2.35,0.237,0.02,3.48
2021-03-13 19:00,7.11,7.97,53.81,24.45,43.21,0.84,2,1.84,0.244,0.02,3.47
2021-03-13 20:00,6.68,7.98,55.58,24.16,44.35,0.86,2,2.3,0.25,0.02,3.45
2021-03-13 21:00,7.24,7.99,53.72,24.32,43.68,0.84,2,1.62,0.234,0.019,3.46
2021-03-13 22:00,7.6,7.99,55.67,24.27,43.9,0.84,2,1.72,0.237,0.021,3.46
2021-03-13 23:00,7.74,7.98,55.35,23.87,45.55,0.88,2,1.45,0.253,0.021,3.43
2021-03-14 0:00,7.51,7.98,49.968,24.08,44.68,0.86,2,0.75,0.24,0.021,3.44
2021-03-14 1:00,7.14,8.0,53.83735,24.42,43.32,0.83,2,1.71,0.239,0.021,3.46
2021-03-14 2:00,7.34,8.01,55.65,24.23,44.05,0.84,2,1.66,0.231,0.02,3.45
2021-03-14 3:00,7.1,8.01,55.82,24.46,43.18,0.82,2,1.04,0.251,0.02,3.47
2021-03-14 4:00,7.21,8.02,55.74,24.35,43.57,0.83,2,1.72,0.249,0.021,3.46
2021-03-14 5:00,7.37,7.99,61.182,24.2,44.16,0.85,2,2.06,0.249,0.022,3.45
2021-03-14 6:00,7.37,8.0,55.62,24.2,44.16,0.85,2,1.96,0.249,0.02,3.45
2021-03-14 7:00,7.47,7.97,53.60575,24.11,44.53,0.86,2,1.64,0.0,0.021,3.44
2021-03-14 8:00,7.43,8.0,55.58,24.15,44.38,0.85,2,1.98,0.272,0.022,3.45
2021-03-14 9:00,7.44,8.01,55.57,24.14,44.42,0.85,2,1.56,0.239,0.023,3.45
2021-03-14 10:00,7.52,8.01,55.51,24.07,44.72,0.85,2,0.86,0.232,0.022,3.44
2021-03-14 11:00,7.54,8.01,55.5,24.05,44.79,0.86,2,1.51,0.232,0.021,3.44
2021-03-14 12:00,7.8,7.98,55.31,23.81,45.78,0.89,2,0.99,0.24,0.023,3.41
2021-03-14 13:00,7.76,7.98,55.15,23.61,46.62,0.9,2,2.09,0.234,0.021,3.41
2021-03-14 14:00,8.09,8.0,53.1,23.55,46.89,0.9,2,0.73,0.238,0.023,3.4
2021-03-14 15:00,7.15,8.01,59.2,23.68,46.35,0.89,2,2.15,0.233,0.021,3.41
2021-03-14 16:00,7.84,8.03,53.3452,23.77,45.92,0.87,2,1.7,0.246,0.021,3.42
2021-03-14 17:00,8.31,8.01,55.28,23.77,45.92,0.88,2,2.06,0.258,0.021,3.42
2021-03-14 18:00,8.19,8.02,55.03,23.46,47.28,0.9,2,1.65,0.239,0.021,3.4
2021-03-14 19:00,7.82,8.03,55.29,23.79,45.84,0.87,2,0.71,0.22,0.022,3.42
2021-03-14 20:00,8.47,8.05,57.5952,23.9,45.39,0.86,2,1.25,0.231,0.021,3.43
2021-03-14 21:00,7.47,8.04,55.36,23.88,45.5,0.86,2,0.82,0.236,0.021,3.43
2021-03-14 22:00,7.77,8.02,55.33,23.84,45.66,0.87,2,1.65,0.229,0.021,3.42
2021-03-14 23:00,8.22,8.02,58.01,23.43,47.39,0.91,2,1.41,0.238,0.021,3.39
2021-03-15 0:00,8.27,8.02,54.93,23.39,47.6,0.91,2,1.0,0.245,0.022,3.39
2021-03-15 1:00,8.42,8.03,51.87,23.26,48.19,0.92,2,1.96,0.248,0.021,3.38
2021-03-15 2:00,7.51,8.05,55.33,23.84,45.65,0.86,2,1.48,0.0,0.021,3.42
2021-03-15 3:00,7.69,8.06,55.39,23.91,45.35,0.85,2,1.63,0.204,0.021,3.43
2021-03-15 4:00,7.51,8.06,53.52,24.08,44.67,0.84,2,1.05,0.191,0.021,3.44
2021-03-15 5:00,7.41,8.06,55.59,24.17,44.3,0.83,2,1.37,0.247,0.022,3.45
2021-03-15 6:00,7.44,8.05,57.57,24.14,44.41,0.84,2,1.12,0.166,0.02,3.45
2021-03-15 7:00,7.46,8.02,58.55,24.12,44.49,0.85,2,2.01,0.166,0.022,3.44
2021-03-15 8:00,7.87,8.01,53.52855,24.02,44.9,0.86,2,2.16,0.166,0.024,3.44
2021-03-15 9:00,7.68,8.02,55.4,23.92,45.31,0.86,2,1.85,0.0,0.021,3.43
2021-03-15 10:00,7.55,8.01,55.3,23.8,45.81,0.88,2,2.12,0.132,0.022,3.42
2021-03-15 11:00,8.05,8.0,55.13,23.58,46.73,0.9,2,1.96,0.106,0.025,3.41
2021-03-15 12:00,8.26,8.02,54.94,23.4,47.57,0.91,2,1.49,0.115,0.023,3.39
2021-03-15 13:00,8.45,8.01,52.93025,23.23,48.31,0.93,2,1.74,0.104,0.022,3.38
2021-03-15 14:00,8.91,8.03,49.05,22.83,50.2,0.96,2,1.02,0.096,0.021,3.35
2021-03-15 15:00,8.73,8.06,54.99,23.42,47.47,0.89,2,1.49,0.094,0.021,3.39
2021-03-15 16:00,9.15,8.05,54.92,23.32,47.91,0.91,2,1.67,0.114,0.022,3.39
2021-03-15 17:00,8.21,8.05,55.02,23.44,47.35,0.9,2,1.72,0.131,0.019,3.39
2021-03-15 18:00,7.9,8.05,55.24,23.72,46.15,0.87,2,1.05,0.096,0.02,3.42
2021-03-15 19:00,7.84,8.06,55.28,23.77,45.92,0.86,2,1.41,0.151,0.021,3.42
2021-03-15 20:00,7.61,8.04,52.26,23.75,46.04,0.87,2,2.5,0.142,0.022,3.42
2021-03-15 21:00,7.63,8.03,55.24,23.73,46.11,0.88,2,1.8,0.142,0.022,3.42
2021-03-15 22:00,8.01,8.02,55.16,23.62,46.57,0.89,2,1.49,0.0,0.022,3.41
2021-03-15 23:00,8.02,8.01,57.15,23.61,46.61,0.89,2,1.87,0.0,0.021,3.41
2021-03-16 0:00,7.93,8.02,57.4288,23.7,46.27,0.88,2,1.9,0.134,0.023,3.41
2021-03-16 1:00,8.24,8.01,54.99,23.42,47.47,0.91,2,2.07,0.153,0.022,3.39
2021-03-16 2:00,8.31,8.04,57.148,23.36,47.75,0.91,3,1.61,0.137,0.022,3.39
2021-03-16 3:00,8.46,8.05,52.84,23.22,48.34,0.92,3,2.31,0.117,0.02,3.38
2021-03-16 4:00,8.31,8.06,54.95,23.36,47.75,0.9,3,1.93,0.134,0.021,3.39
2021-03-16 5:00,8.13,8.05,54.89,23.29,48.07,0.91,2,2.14,0.151,0.022,3.39
2021-03-16 6:00,8.21,8.06,55.02,23.44,47.35,0.89,3,1.83,0.117,0.023,3.39
2021-03-16 7:00,8.22,8.04,55.01,23.43,47.39,0.9,3,1.64,0.121,0.022,3.39
2021-03-16 8:00,8.33,8.05,52.14,23.6,46.65,0.88,3,2.19,0.149,0.021,3.41
2021-03-16 9:00,8.28,8.02,54.93,23.38,47.64,0.91,2,1.87,0.149,0.023,3.39
2021-03-16 10:00,8.09,8.01,54.92,23.32,47.91,0.92,3,1.94,0.149,0.022,3.39
2021-03-16 11:00,8.45,8.0,51.85,23.23,48.31,0.93,2,2.18,0.185,0.021,3.38
2021-03-16 12:00,8.65,7.99,54.68,23.06,49.14,0.95,2,2.06,0.235,0.021,3.37
2021-03-16 13:00,8.86,7.99,54.53,22.88,50.0,0.97,2,1.73,0.231,0.023,3.35
2021-03-16 14:00,8.96,8.01,51.43,22.79,50.41,0.97,2,2.1,0.228,0.0,3.35
2021-03-16 15:00,8.6,8.04,51.71,23.1,48.93,0.93,2,1.86,0.246,0.023,3.37
2021-03-16 16:00,8.63,8.05,56.8776,23.08,49.05,0.93,2,1.58,0.241,0.023,3.37
2021-03-16 17:00,7.65,8.06,54.85,23.23,48.3,0.91,3,1.74,0.188,0.022,3.38
2021-03-16 18:00,8.14,8.07,57.2728,23.51,47.08,0.88,3,1.61,0.197,0.02,3.4
2021-03-16 19:00,8.04,8.05,55.14,23.59,46.69,0.88,2,1.6,0.249,0.021,3.41
2021-03-16 20:00,8.26,8.05,55.2,23.67,46.38,0.88,2,1.58,0.245,0.02,3.41
2021-03-16 21:00,7.97,8.03,55.19,23.66,46.42,0.88,2,1.82,0.212,0.021,3.41
2021-03-16 22:00,7.9,8.03,55.24,23.72,46.15,0.88,2,1.44,0.179,0.021,3.42
2021-03-16 23:00,7.85,8.02,52.27,23.77,45.96,0.88,2,2.83,0.237,0.018,3.42
2021-03-17 0:00,7.88,8.02,55.25,23.74,46.08,0.88,2,2.06,0.202,0.021,3.42
2021-03-17 1:00,7.89,8.02,55.24,23.73,46.11,0.88,2,2.48,0.216,0.021,3.42
2021-03-17 2:00,8.01,8.0,55.16,23.62,46.58,0.9,2,2.27,0.238,0.021,3.41
2021-03-17 3:00,7.69,7.97,55.2,23.68,46.35,0.9,2,2.58,0.224,0.0,3.41
2021-03-17 4:00,7.88,7.97,53.25,23.74,46.08,0.9,2,3.13,0.21,0.024,3.42
2021-03-17 5:00,7.79,7.95,55.32,23.82,45.74,0.89,2,2.77,0.2,0.022,3.42
2021-03-17 6:00,7.54,7.99,55.5,24.05,44.79,0.86,2,2.57,0.185,0.021,3.44
2021-03-17 7:00,7.53,8.02,55.5,24.06,44.75,0.85,2,2.69,0.176,0.019,3.44
2021-03-17 8:00,7.58,8.04,55.47,24.01,44.93,0.85,2,2.43,0.188,0.021,3.44
2021-03-17 9:00,7.68,8.02,55.4,23.92,45.31,0.86,2,2.55,0.176,0.023,3.43
2021-03-17 10:00,7.82,8.0,55.29,23.79,45.85,0.88,2,2.59,0.187,0.02,3.42
2021-03-17 11:00,7.99,8.0,55.17,23.64,46.5,0.89,2,1.96,0.187,0.022,3.41
2021-03-17 12:00,8.13,8.01,55.07,23.51,47.04,0.9,2,2.04,0.187,0.0,3.4
2021-03-17 13:00,8.43,7.99,49.284,23.25,48.23,0.93,2,2.04,0.303,0.022,3.38
2021-03-17 14:00,8.44,7.98,54.86,23.24,48.27,0.94,2,2.17,0.238,0.019,3.38
2021-03-17 15:00,8.58,7.99,54.72,23.12,48.85,0.95,2,1.33,0.219,0.021,3.37
2021-03-17 16:00,9.16,8.05,54.34,22.62,51.25,0.97,2,1.08,0.213,0.021,3.33
2021-03-17 17:00,8.91,8.08,54.5,22.83,50.19,0.94,2,0.94,0.208,0.019,3.35
2021-03-17 18:00,9.23,8.07,54.63,23.0,49.37,0.93,2,1.27,0.222,0.019,3.36
2021-03-17 19:00,7.75,8.05,54.74,23.15,48.72,0.92,2,1.54,0.207,0.02,3.37
2021-03-17 20:00,8.53,8.05,54.76,23.16,48.64,0.92,2,1.26,0.221,0.019,3.37
2021-03-17 21:00,8.52,8.05,54.76,23.17,48.6,0.92,2,1.16,0.236,0.017,3.37
2021-03-17 22:00,8.52,8.03,54.76,23.17,48.61,0.93,2,1.25,0.218,0.019,3.37
2021-03-17 23:00,8.4,8.02,54.88,23.28,48.11,0.93,2,1.29,0.228,0.019,3.39
2021-03-18 0:00,8.43,8.03,54.86,23.25,48.23,0.92,2,1.39,0.194,0.019,3.38
2021-03-18 1:00,8.43,8.03,52.86,23.25,48.23,0.92,2,1.28,0.227,0.02,3.38
2021-03-18 2:00,8.35,8.04,57.1168,23.32,47.91,0.91,2,1.48,0.199,0.019,3.39
2021-03-18 3:00,7.97,8.06,59.19,23.66,46.42,0.87,2,1.62,0.236,0.02,3.41
2021-03-18 4:00,8.36,8.06,55.24,23.73,46.11,0.87,2,1.5,0.228,0.021,3.42
2021-03-18 5:00,7.83,8.06,57.5016,23.78,45.88,0.86,2,1.82,0.213,0.021,3.42
2021-03-18 6:00,7.92,8.03,53.2873,23.7,46.23,0.88,2,2.31,0.221,0.022,3.41
2021-03-18 7:00,7.89,8.0,57.24,23.73,46.12,0.89,2,1.67,0.236,0.021,3.42
2021-03-18 8:00,7.89,7.98,55.24,23.73,46.12,0.89,2,2.27,0.236,0.02,3.42
2021-03-18 9:00,8.09,8.01,53.1,23.55,46.89,0.9,2,2.96,0.236,0.021,3.4
2021-03-18 10:00,8.79,7.99,53.10395,23.46,47.28,0.91,2,1.56,0.231,0.021,3.4
2021-03-18 11:00,8.8,7.98,57.148,23.36,47.71,0.93,2,1.29,0.201,0.02,3.39
2021-03-18 12:00,8.54,7.96,51.75,23.15,48.69,0.95,2,1.2,0.0,0.021,3.37
2021-03-18 13:00,8.93,7.95,54.48,22.81,50.26,0.99,2,1.86,0.0,0.025,3.35
2021-03-18 14:00,9.28,7.98,54.25,22.52,51.76,1.01,2,1.06,0.0,0.024,3.33
2021-03-18 15:00,8.82,7.96,54.56,22.91,49.84,0.98,2,0.88,0.159,0.02,3.35
2021-03-18 16:00,8.54,7.98,54.75,23.15,48.69,0.95,2,2.54,0.053,0.0,3.37
2021-03-18 17:00,9.68,8.0,54.95,23.15,47.71,0.92,2,1.72,0.051,0.021,3.39
2021-03-18 18:00,8.86,8.0,54.53,22.88,50.0,0.97,2,1.51,0.053,0.02,3.35
2021-03-18 19:00,9.08,8.0,60.489,23.41,47.51,0.92,2,2.14,0.053,0.021,3.39
2021-03-18 20:00,8.49,8.0,54.78,23.41,48.49,0.94,2,1.68,0.067,0.019,3.37
2021-03-18 21:00,8.18,8.02,54.04,23.47,47.24,0.9,2,1.29,0.076,0.018,3.4
2021-03-18 22:00,8.17,8.01,54.05,23.48,47.2,0.91,2,2.1,0.088,0.019,3.4
2021-03-18 23:00,8.17,8.01,56.05,23.48,47.2,0.91,2,1.15,0.11,0.021,3.4
2021-03-19 0:00,8.21,8.0,55.01,23.44,47.36,0.91,2,0.97,0.114,0.02,3.39
2021-03-19 1:00,8.22,8.0,57.2104,23.43,47.4,0.91,2,2.14,0.12,0.023,3.39
2021-03-19 2:00,8.25,7.99,54.99,23.41,47.51,0.92,2,1.99,0.125,0.021,3.39
2021-03-19 3:00,8.16,7.96,55.05,23.49,47.17,0.92,2,1.68,0.099,0.019,3.4
2021-03-19 4:00,8.19,7.97,55.03,23.46,47.29,0.92,2,1.95,0.137,0.019,3.4
2021-03-19 5:00,8.66,7.95,55.05,23.48,47.21,0.93,2,2.34,0.123,0.022,3.4
2021-03-19 6:00,8.49,7.97,57.03,23.46,47.29,0.92,2,2.19,0.099,0.02,3.4
2021-03-19 7:00,8.57,7.95,52.81445,23.13,48.82,0.96,2,2.27,0.13,0.021,3.37
2021-03-19 8:00,8.78,7.95,56.7736,22.95,49.67,0.98,3,1.94,0.114,0.021,3.36
2021-03-19 9:00,8.95,7.96,54.47,22.8,50.37,0.98,3,2.52,0.112,0.021,3.35
2021-03-19 10:00,9.29,7.96,54.45,22.77,50.54,0.99,2,1.98,0.11,0.021,3.35
2021-03-19 11:00,9.1,7.97,52.46705,22.67,51.0,0.99,2,1.63,0.129,0.021,3.34
2021-03-19 12:00,9.21,7.98,54.3,22.58,51.47,0.99,2,1.56,0.097,0.019,3.34
2021-03-19 13:00,9.2,7.97,54.3,22.59,51.42,1.01,2,1.56,0.097,0.019,3.33
2021-03-19 14:00,9.51,7.96,48.69,22.33,52.75,1.04,2,1.56,0.097,0.019,3.31
2021-03-19 15:00,9.21,7.98,54.3,22.58,51.47,1.0,2,1.09,0.0,0.024,3.33
2021-03-19 16:00,9.11,7.99,54.37,22.66,51.04,0.99,2,1.3,0.0,0.02,3.33
2021-03-19 17:00,8.66,8.02,54.67,22.05,49.18,0.94,2,1.16,0.165,0.021,3.37
2021-03-19 18:00,9.22,8.01,54.64,23.01,49.33,0.95,2,1.7,0.133,0.024,3.36
2021-03-19 19:00,8.7,8.01,54.64,23.01,49.33,0.95,2,1.25,0.133,0.022,3.36
2021-03-19 20:00,8.67,8.03,54.66,23.04,49.22,0.94,2,1.11,0.102,0.022,3.37
2021-03-19 21:00,9.43,8.01,52.60215,22.85,50.16,0.97,2,1.54,0.105,0.022,3.35
2021-03-19 22:00,8.99,8.0,54.45,22.77,50.54,0.98,2,1.29,0.11,0.023,3.35
2021-03-19 23:00,9.08,7.99,54.39,22.69,50.91,0.99,2,1.59,0.112,0.021,3.34
2021-03-20 0:00,8.92,8.02,54.49,22.82,50.24,0.96,2,1.63,0.112,0.023,3.35
2021-03-20 1:00,8.67,8.01,56.8464,23.04,49.22,0.95,2,1.72,0.121,0.026,3.37
2021-03-20 2:00,8.73,8.0,54.62,22.99,49.46,0.96,2,1.54,0.123,0.024,3.36
2021-03-20 3:00,8.69,8.0,54.65,23.03,49.3,0.95,2,1.53,0.128,0.024,3.37
2021-03-20 4:00,9.56,8.02,54.65,23.03,49.3,0.95,2,1.85,0.13,0.023,3.37
2021-03-20 5:00,8.79,8.02,51.58,22.94,49.71,0.95,2,2.35,0.121,0.024,3.35
2021-03-20 6:00,8.61,8.02,54.7,23.09,48.97,0.94,2,2.09,0.125,0.023,3.37
2021-03-20 7:00,8.63,8.02,57.69,23.08,49.05,0.94,2,1.87,0.124,0.024,3.37
2021-03-20 8:00,9.02,8.01,52.71795,23.0,49.42,0.95,2,1.63,0.11,0.023,3.36
2021-03-20 9:00,8.69,8.02,54.65,23.03,49.3,0.95,2,2.37,0.112,0.022,3.37
2021-03-20 10:00,8.72,8.02,54.63,23.0,49.42,0.95,2,1.86,0.111,0.021,3.36
2021-03-20 11:00,8.71,8.01,54.63,23.0,49.38,0.95,2,1.77,0.085,0.022,3.36
2021-03-20 12:00,8.61,8.03,56.7,23.09,48.97,0.954,2,1.71,0.086,0.021,3.36
2021-03-20 13:00,8.71,8.01,54.63,23.0,49.38,0.95,2,2.27,0.091,0.023,3.36
2021-03-20 14:00,8.84,7.99,54.55,22.9,49.91,0.96,2,2.01,0.088,0.024,3.35
2021-03-20 15:00,8.76,8.0,54.6,22.96,49.58,0.96,2,2.09,0.095,0.023,3.36
2021-03-20 16:00,7.86,8.02,60.137,23.05,49.18,0.94,2,1.54,0.091,0.024,3.37
2021-03-20 17:00,8.66,8.03,54.67,23.05,49.17,0.94,2,2.15,0.087,0.025,3.37
2021-03-20 18:00,9.05,8.04,54.41,22.72,50.78,0.97,2,1.73,0.0,0.021,3.34
2021-03-20 19:00,8.56,8.06,54.74,23.14,48.76,0.92,2,2.15,0.151,0.022,3.37
2021-03-20 20:00,8.5,8.08,54.78,23.19,48.52,0.91,2,2.46,0.136,0.022,3.37
2021-03-20 21:00,8.47,8.08,54.83,23.21,48.38,0.91,2,2.25,0.143,0.023,3.39
2021-03-20 22:00,8.45,8.07,54.85,23.23,48.3,0.91,1,2.36,0.118,0.022,3.38
2021-03-20 23:00,8.27,8.01,54.76,23.16,48.65,0.94,2,2.72,0.137,0.023,3.37
2021-03-21 0:00,8.51,8.0,52.85305,23.18,48.57,0.94,2,2.79,0.134,0.02,3.37
2021-03-21 1:00,8.47,8.0,60.313,23.21,48.39,0.93,2,2.22,0.126,0.023,3.38
2021-03-21 2:00,9.08,7.98,54.73,23.13,48.81,0.95,4,2.14,0.124,0.023,3.37
2021-03-21 3:00,8.65,7.96,52.7662,23.06,48.14,0.96,2,2.83,0.127,0.022,3.37
2021-03-21 4:00,8.34,7.96,54.71,23.1,48.94,0.96,2,2.66,0.124,0.023,3.37
2021-03-21 5:00,8.38,8.0,57.096,23.29,48.03,0.93,2,1.78,0.117,0.022,3.39
2021-03-21 6:00,8.29,8.02,51.92,23.37,47.68,0.91,2,2.47,0.126,0.024,3.39
2021-03-21 7:00,8.25,8.0,54.99,23.41,47.51,0.92,2,3.21,0.131,0.024,3.39
2021-03-21 8:00,8.22,8.0,55.01,23.43,47.4,0.91,2,2.57,0.134,0.023,3.39
2021-03-21 9:00,8.22,7.99,55.01,23.43,47.4,0.92,2,2.66,0.136,0.023,3.39
2021-03-21 10:00,9.0,7.99,55.04,23.47,47.24,0.91,2,3.47,0.124,0.023,3.4
2021-03-21 11:00,8.5,7.98,55.02,23.45,47.32,0.92,2,2.51,0.131,0.024,3.39
2021-03-21 12:00,8.04,7.97,54.95,23.36,47.72,0.93,2,2.55,0.129,0.022,3.39
2021-03-21 13:00,8.35,7.97,54.92,23.32,47.91,0.93,2,3.03,0.118,0.023,3.39
2021-03-21 14:00,8.51,7.95,54.77,23.18,48.57,0.95,2,2.76,0.135,0.023,3.36
2021-03-21 15:00,8.72,7.95,54.63,23.0,49.42,0.97,2,2.42,0.128,0.023,3.36
2021-03-21 16:00,8.7,7.99,54.64,23.01,49.34,0.96,4,3.36,0.137,0.023,3.36
2021-03-21 17:00,8.67,8.01,54.66,23.04,49.22,0.95,3,2.67,0.124,0.024,3.37
2021-03-21 18:00,8.59,8.04,54.72,23.11,48.89,0.93,4,2.99,0.124,0.024,3.37
2021-03-21 19:00,8.43,8.03,54.86,23.25,48.23,0.92,3,3.1,0.124,0.023,3.38
2021-03-21 20:00,8.32,8.02,57.1376,23.35,47.79,0.91,3,4.3,0.24,0.024,3.39
2021-03-21 21:00,8.25,8.03,54.99,23.41,47.51,0.91,3,4.12,0.168,0.022,3.39
2021-03-21 22:00,7.36,8.02,55.04,23.47,47.24,0.9,3,3.8,0.164,0.023,3.4
2021-03-21 23:00,8.14,8.02,59.07,23.51,47.08,0.9,2,3.84,0.166,0.023,3.4
2021-03-22 0:00,8.16,8.0,55.05,23.49,47.16,0.9,2,4.05,0.17,0.024,3.4
2021-03-22 1:00,8.15,7.99,55.06,23.5,47.13,0.91,2,4.56,0.165,0.022,3.4
2021-03-22 2:00,8.11,7.98,53.16185,23.53,46.97,0.91,2,4.02,0.162,0.024,3.4
2021-03-22 3:00,8.94,7.98,53.07,23.51,47.05,0.91,2,3.88,0.153,0.024,3.4
2021-03-22 4:00,8.12,7.98,55.08,23.52,47.01,0.91,2,4.71,0.175,0.024,3.4
2021-03-22 5:00,8.03,7.96,55.14,23.6,46.66,0.91,1,4.0,0.157,0.024,3.41
2021-03-22 6:00,8.02,7.96,57.356,23.61,46.62,0.91,1,3.91,0.151,0.023,3.41
2021-03-22 7:00,7.64,7.97,55.24,23.72,46.16,0.9,2,4.36,0.173,0.025,3.42
2021-03-22 8:00,7.9,7.97,55.24,23.72,46.16,0.9,1,4.28,0.168,0.027,3.42
2021-03-22 9:00,8.0,7.95,55.17,23.63,46.55,0.91,1,5.32,0.162,0.026,3.41
2021-03-22 10:00,8.03,7.93,55.14,23.6,46.66,0.91,2,4.5,0.175,0.023,3.42
2021-03-22 11:00,8.11,7.92,55.09,23.53,46.97,0.93,2,4.96,0.164,0.024,3.4
2021-03-22 12:00,8.15,7.91,55.06,23.5,47.13,0.94,2,4.62,0.177,0.024,3.4
2021-03-22 13:00,8.28,7.91,52.93,23.38,47.65,0.95,1,4.25,0.164,0.023,3.39
2021-03-22 14:00,8.35,7.93,51.92,23.32,47.92,0.95,1,4.18,0.168,0.024,3.39
2021-03-22 15:00,8.44,7.91,54.92,23.32,47.92,0.95,1,4.14,0.17,0.024,3.39
2021-03-22 16:00,8.59,7.97,54.86,23.24,48.28,0.96,2,3.85,0.178,0.019,3.38
2021-03-22 17:00,9.16,8.01,54.53,22.88,50.0,0.95,2,3.69,0.17,0.018,3.35
2021-03-22 18:00,8.87,8.01,56.7112,22.87,50.04,0.96,2,3.2,0.177,0.019,3.35
2021-03-22 19:00,8.56,8.01,54.74,23.14,48.77,0.94,2,3.62,0.178,0.019,3.37
2021-03-22 20:00,8.29,8.03,54.92,23.37,47.68,0.91,2,3.38,0.178,0.019,3.39
2021-03-22 21:00,8.71,8.03,54.88,23.27,48.15,0.92,2,3.03,0.178,0.019,3.39
2021-03-22 22:00,8.55,8.04,54.74,23.15,48.73,0.93,2,2.62,0.0,0.018,3.37
2021-03-22 23:00,8.56,8.04,54.74,23.14,48.77,0.93,2,2.88,0.161,0.021,3.37
2021-03-23 0:00,8.54,8.04,54.75,23.15,48.69,0.93,2,3.39,0.162,0.017,3.37
2021-03-23 1:00,8.49,8.03,54.78,23.2,48.48,0.93,2,3.39,0.219,0.019,3.37
2021-03-23 2:00,8.15,8.01,52.9592,23.27,48.15,0.93,2,3.1,0.162,0.017,3.39
2021-03-23 3:00,8.46,8.0,54.84,23.22,48.35,0.93,2,3.2,0.176,0.019,3.38
2021-03-23 4:00,8.46,8.01,54.84,23.22,48.35,0.93,2,3.17,0.172,0.017,3.38
2021-03-23 5:00,8.46,8.01,54.84,23.22,48.35,0.93,1,2.61,0.165,0.017,3.38
2021-03-23 6:00,8.47,8.0,54.83,23.21,48.39,0.93,1,2.91,0.176,0.017,3.38
2021-03-23 7:00,8.5,8.0,54.78,23.19,48.53,0.94,1,3.05,0.168,0.016,3.37
2021-03-23 8:00,8.48,7.97,57.0232,23.21,48.43,0.94,2,3.15,0.169,0.018,3.38
2021-03-23 9:00,8.51,8.01,54.77,23.18,48.57,0.93,1,2.88,0.177,0.02,3.37
2021-03-23 10:00,8.54,8.01,54.75,23.15,48.69,0.94,1,2.7,0.19,0.016,3.37
2021-03-23 11:00,8.63,8.02,52.77585,23.08,49.05,0.94,1,2.08,0.185,0.017,3.37
2021-03-23 12:00,8.57,7.99,56.55,22.9,49.87,0.97,2,2.32,0.179,0.018,3.35
2021-03-23 13:00,8.97,7.98,54.55,22.9,49.87,0.97,2,3.31,0.197,0.018,3.35
2021-03-23 14:00,9.66,7.97,54.46,22.78,50.45,0.98,1,2.97,0.194,0.017,3.35
2021-03-23 15:00,9.21,7.96,54.3,22.58,51.47,1.01,2,2.05,0.215,0.017,3.33
2021-03-23 16:00,9.37,7.96,54.2,22.44,52.15,1.03,2,2.18,0.203,0.019,3.33
2021-03-23 17:00,9.64,7.97,59.422,22.22,53.32,1.05,2,2.56,0.199,0.017,3.31
2021-03-23 18:00,9.64,7.97,54.02,22.22,53.32,1.05,2,2.24,0.209,0.023,3.31
2021-03-23 19:00,9.71,7.95,53.98,22.16,53.63,1.06,2,2.8,0.221,0.023,3.31
2021-03-23 20:00,9.92,7.95,55.9936,21.99,54.56,1.08,2,2.89,0.216,0.021,3.29
2021-03-23 21:00,9.87,7.94,53.83,22.03,54.34,1.08,4,4.08,0.212,0.023,3.29
2021-03-23 22:00,10.15,7.92,53.88,22.05,54.25,1.09,4,4.2,0.212,0.022,3.29
2021-03-23 23:00,9.77,7.91,53.94,22.12,53.9,1.08,3,3.26,0.212,0.024,3.29
2021-03-24 0:00,9.82,7.91,56.91,22.07,54.13,1.09,3,3.53,0.0,0.024,3.29
2021-03-24 1:00,9.7,7.91,53.98,22.17,53.59,1.07,3,2.87,0.195,0.024,3.31
2021-03-24 2:00,9.71,7.91,53.98,22.16,53.64,1.08,3,3.29,0.18,0.0,3.31
2021-03-24 3:00,9.72,7.9,53.97,22.16,53.68,1.08,3,3.31,0.179,0.028,3.3
2021-03-24 4:00,9.68,7.89,52.11,22.19,53.51,1.08,3,2.81,0.183,0.026,3.31
2021-03-24 5:00,9.55,7.91,56.2432,22.29,52.93,1.06,3,3.18,0.169,0.024,3.31
2021-03-24 6:00,9.5,7.92,54.11,22.34,52.71,1.05,3,3.48,0.161,0.024,3.31
2021-03-24 7:00,9.5,7.92,54.11,22.34,52.71,1.05,3,3.03,0.158,0.022,3.31
2021-03-24 8:00,9.31,7.92,52.33195,22.49,51.9,1.04,3,3.2,0.153,0.022,3.33
2021-03-24 9:00,9.28,7.87,51.25,22.52,51.77,1.05,4,2.9,0.167,0.023,3.33
2021-03-24 10:00,9.19,7.88,56.4824,22.59,51.39,1.05,4,3.04,0.178,0.029,3.33
2021-03-24 11:00,9.09,7.91,56.5552,22.68,50.96,1.02,4,3.29,0.182,0.025,3.34
2021-03-24 12:00,8.26,7.92,54.32,22.61,51.34,1.02,3,3.22,0.202,0.023,3.33
2021-03-24 13:00,9.15,7.92,51.34,22.63,51.22,1.02,4,3.38,0.199,0.023,3.33
2021-03-24 14:00,9.28,7.92,54.28,22.52,51.77,1.03,4,3.64,0.192,0.022,3.33
2021-03-24 15:00,10.27,7.89,57.22,22.47,52.03,1.05,4,2.87,0.202,0.022,3.33
2021-03-24 16:00,9.4,7.88,54.18,22.42,52.28,1.06,3,3.55,0.213,0.025,3.31
2021-03-24 17:00,10.41,7.87,54.14,22.37,52.55,1.07,4,2.97,0.201,0.028,3.31
2021-03-24 18:00,9.21,7.88,51.3,22.58,51.48,1.04,4,3.34,0.202,0.027,3.33
2021-03-24 19:00,9.18,7.87,54.32,22.61,51.35,1.04,4,3.68,0.189,0.024,3.33
2021-03-24 20:00,9.62,7.86,51.03,22.24,51.35,1.04,3,3.68,0.193,0.026,3.32
2021-03-24 21:00,9.52,7.89,54.1,22.32,52.8,1.07,3,3.15,0.189,0.025,3.31
2021-03-24 22:00,9.84,7.86,56.89,22.06,54.22,1.11,3,3.49,0.175,0.026,3.29
2021-03-24 23:00,9.89,7.87,53.86,22.01,54.44,1.11,3,4.45,0.0,0.034,3.29
2021-03-25 0:00,8.74,7.88,52.0907,22.16,53.64,1.09,3,3.13,0.0,0.028,3.31
2021-03-25 1:00,8.82,7.87,53.92,22.09,54.04,1.1,3,3.21,0.0,0.025,3.29
2021-03-25 2:00,10.89,7.89,48.537,22.1,53.99,1.09,3,3.89,0.0,0.027,3.29
2021-03-25 3:00,9.8,7.9,53.92,22.09,54.04,1.09,3,4.14,0.177,0.026,3.29
2021-03-25 4:00,9.79,7.91,53.93,22.1,53.99,1.08,3,4.05,0.173,0.023,3.29
2021-03-25 5:00,9.71,7.91,53.98,22.16,53.64,1.08,3,3.63,0.158,0.025,3.31
2021-03-25 6:00,9.67,7.9,54.0,22.2,53.46,1.08,3,3.79,0.159,0.023,3.31
2021-03-25 7:00,9.63,7.92,54.03,22.23,53.28,1.06,3,3.88,0.197,0.025,3.31
2021-03-25 8:00,9.6,7.92,54.05,22.25,53.15,1.06,3,4.08,0.199,0.022,3.31
2021-03-25 9:00,8.54,7.95,54.05,22.25,53.15,1.05,2,3.76,0.174,0.021,3.31
2021-03-25 10:00,9.59,7.96,54.05,22.26,53.1,1.05,2,3.41,0.175,0.022,3.31
2021-03-25 11:00,9.45,7.99,54.15,22.38,53.49,1.02,2,3.42,0.202,0.023,3.31
2021-03-25 12:00,9.46,8.0,54.14,22.37,52.53,1.02,2,3.92,0.184,0.02,3.31
2021-03-25 13:00,9.52,7.99,59.51,22.32,52.79,1.03,2,3.13,0.214,0.021,3.31
2021-03-25 14:00,9.51,8.0,52.2065,22.33,52.75,1.02,2,2.56,0.183,0.0,3.31
2021-03-25 15:00,9.77,7.99,53.94,22.12,53.89,1.05,2,2.84,0.208,0.023,3.29
2021-03-25 16:00,9.76,7.99,59.334,22.12,53.89,1.05,2,3.23,0.211,0.023,3.29
2021-03-25 17:00,10.12,7.98,48.348,21.83,55.47,1.09,2,2.87,0.217,0.019,3.27
2021-03-25 18:00,10.75,7.97,53.7,21.81,55.56,1.09,2,2.89,0.229,0.021,3.27
2021-03-25 19:00,10.17,7.97,53.7,21.81,55.56,1.09,2,2.97,0.223,0.021,3.27
2021-03-26 0:00,10.04,7.95,53.77,21.89,55.1,1.09,2,3.44,0.219,0.021,3.28
2021-03-27 0:00,9.7,7.97,55.98,22.17,53.59,1.05,1,2.84,0.125,0.021,3.31
2021-03-27 5:00,9.66,7.97,54.01,22.2,53.41,1.05,2,3.54,0.147,0.021,3.31
2021-03-27 14:00,10.82,7.94,53.78,21.91,55.02,1.09,2,4.21,0.206,0.022,3.29
2021-03-27 16:00,10.02,7.93,55.78,21.91,55.02,1.1,2,3.22,0.201,0.022,3.29
2021-03-27 20:00,10.04,7.95,53.77,21.89,55.1,1.09,1,3.1,0.234,0.023,3.28
2021-03-31 12:00,11.93,7.92,49.64,20.44,64.31,1.3,1,2.96,0.14,0.017,3.18
2021-04-01 0:00,10.47,7.91,53.5,21.55,57.09,1.15,1,4.62,0.22,0.023,3.25
2021-04-01 1:00,10.49,7.89,53.49,21.54,57.19,1.16,1,3.82,0.226,0.024,3.25
2021-04-01 2:00,10.27,7.9,53.62,21.71,53.16,1.13,1,4.33,0.224,0.023,3.27
2021-04-01 3:00,10.87,7.91,53.75,21.87,55.25,1.11,1,3.33,0.201,0.024,3.28
2021-04-01 4:00,10.02,7.93,53.78,21.91,55.02,1.1,2,4.55,0.223,0.021,3.29
2021-04-01 5:00,10.02,7.94,55.9312,21.91,55.02,1.09,1,4.81,0.214,0.023,3.29
2021-04-01 6:00,10.04,7.95,53.77,21.89,55.1,1.09,1,4.31,0.23,0.019,3.28
2021-04-01 7:00,10.09,7.94,53.73,21.85,55.33,1.1,1,4.8,0.224,0.023,3.28
2021-04-01 8:00,10.24,7.93,53.64,21.73,56.02,1.12,1,5.1,0.205,0.021,3.27
2021-04-01 9:00,9.42,7.91,53.5,21.55,57.09,1.15,1,4.5,0.201,0.022,3.25
2021-04-01 10:00,10.8,7.9,58.63,21.29,58.65,1.19,1,4.98,0.2,0.023,3.24
2021-04-01 11:00,11.15,7.9,53.09,21.02,60.36,1.22,1,4.73,0.227,0.023,3.22
2021-04-01 11:00,11.62,7.9,52.82,20.67,62.71,1.27,1,3.28,0.133,0.017,3.19
2021-04-01 12:00,11.37,7.9,52.96,20.86,61.45,1.25,1,6.28,0.228,0.016,3.2
2021-04-01 13:00,11.82,7.89,56.7,20.52,63.74,1.3,1,6.28,0.228,0.016,3.18
2021-04-01 14:00,11.56,7.9,52.85,20.71,62.4,1.26,1,6.28,0.228,0.016,3.2
2021-04-01 15:00,11.06,7.91,53.14,21.09,59.91,1.21,1,6.28,0.228,0.016,3.24
2021-04-01 16:00,10.82,7.91,53.29,21.28,58.75,1.18,1,6.28,0.0,0.024,3.24
2021-04-01 17:00,10.38,7.9,51.6854,21.62,56.67,1.14,2,2.15,0.244,0.018,3.26
2021-04-01 18:00,10.37,7.91,53.56,21.63,56.62,1.14,1,2.2,0.201,0.02,3.26
2021-04-01 19:00,10.48,7.9,56.49,21.54,57.14,1.15,1,1.65,0.166,0.025,3.25
2021-04-01 20:00,10.5,7.89,53.48,21.53,57.23,1.16,1,1.6,0.147,0.02,3.25
2021-04-01 21:00,10.51,7.9,53.48,21.52,57.28,1.16,1,1.23,0.145,0.022,3.25
2021-04-01 22:00,10.63,7.9,48.06,21.42,57.84,1.17,1,1.27,0.147,0.022,3.25
2021-04-01 23:00,10.77,7.9,53.32,21.31,58.51,1.18,1,1.69,0.153,0.02,3.24
2021-04-02 0:00,10.91,7.9,53.23,21.21,59.18,1.19,1,1.44,0.144,0.021,3.23
2021-04-02 1:00,10.6,7.89,53.26,21.24,58.94,1.2,1,1.13,0.146,0.019,3.23
2021-04-02 2:00,10.75,7.89,53.33,21.33,58.41,1.19,1,1.22,0.163,0.023,3.24
2021-04-02 3:00,10.81,7.88,58.828,21.52,57.28,1.17,1,1.17,0.142,0.024,3.25
2021-04-02 4:00,10.33,7.86,53.39,21.66,56.44,1.16,1,1.49,0.166,0.022,3.27
2021-04-02 5:00,10.22,7.89,53.65,21.75,55.93,1.13,1,1.27,0.152,0.019,3.27
2021-04-02 6:00,10.2,7.89,53.67,21.77,55.84,1.13,1,1.25,0.137,0.022,3.27
2021-04-02 7:00,10.24,7.91,53.64,21.73,56.02,1.13,1,1.13,0.133,0.029,3.27
2021-04-02 8:00,10.37,7.91,53.56,21.63,56.62,1.14,1,1.12,0.101,0.02,3.26
2021-04-02 9:00,10.52,7.9,53.47,21.51,57.33,1.16,1,1.55,0.122,0.024,3.25
2021-04-02 10:00,10.75,7.89,53.33,21.33,58.41,1.19,1,1.62,0.115,0.024,3.24
2021-04-02 11:00,10.98,7.88,53.19,21.15,59.52,1.21,1,1.0,0.108,0.0,3.23
2021-04-02 12:00,11.55,7.87,53.03,20.95,60.85,1.25,1,2.35,0.104,0.018,3.21
2021-04-02 13:00,11.49,7.86,52.89,20.76,62.05,1.28,1,2.82,0.0,0.019,3.2
2021-04-02 14:00,11.21,7.9,53.06,20.98,60.65,1.23,1,3.11,0.0,0.022,3.22
2021-04-02 15:00,11.1,7.9,53.12,21.06,60.11,1.22,1,2.24,0.0,0.021,3.22
2021-04-02 16:00,10.87,7.9,53.26,21.24,58.99,1.19,1,2.74,0.0,0.02,3.23
2021-04-02 17:00,10.74,7.9,53.33,21.34,58.36,1.18,1,2.99,0.0,0.018,3.24
2021-04-02 18:00,10.41,7.91,53.58,21.6,56.79,1.14,2,2.73,0.106,0.02,3.26
2021-04-02 19:00,10.44,7.91,55.6608,21.58,56.95,1.15,1,3.1,0.093,0.018,3.26
2021-04-02 20:00,10.49,7.92,48.141,21.54,57.18,1.15,1,2.03,0.095,0.025,3.25
2021-04-02 21:00,10.53,7.91,53.46,21.5,57.37,1.16,1,2.51,0.16,0.021,3.25
2021-04-02 22:00,11.41,7.89,53.41,21.44,57.75,1.17,1,2.44,0.176,0.02,3.25
2021-04-02 23:00,10.84,7.89,53.27,21.26,58.84,1.19,1,2.51,0.2,0.021,3.23
2021-04-03 0:00,10.77,7.91,53.32,21.31,58.51,1.18,1,2.64,0.159,0.014,3.24
2021-04-03 1:00,11.13,7.89,51.1,21.04,60.26,1.22,1,3.17,0.171,0.018,3.22
2021-04-03 2:00,11.32,7.89,54.99,20.89,61.2,1.24,1,2.72,0.161,0.02,3.21
2021-04-03 3:00,11.14,7.9,53.1,21.03,60.31,1.22,1,3.02,0.162,0.019,3.22
2021-04-03 4:00,10.89,7.89,53.25,21.22,59.09,1.2,1,2.84,0.162,0.016,3.23
2021-04-03 5:00,10.67,7.92,53.38,21.39,58.07,1.47,1,2.32,0.186,0.022,3.25
2021-04-03 6:00,11.34,7.91,53.46,21.5,57.42,1.16,1,3.24,0.167,0.022,3.25
2021-04-03 7:00,10.51,7.9,53.48,21.52,57.28,1.16,1,2.89,0.144,0.014,3.25
2021-04-03 8:00,9.52,7.91,53.43,21.47,57.61,1.16,1,3.1,0.144,0.016,3.25
2021-04-03 9:00,10.7,7.91,58.696,21.37,58.16,1.17,1,3.19,0.153,0.022,3.24
2021-04-03 10:00,10.77,7.9,53.32,21.31,58.51,1.18,1,2.45,0.16,0.022,3.24
2021-04-03 11:00,10.8,7.92,53.3,21.29,58.65,1.18,1,2.43,0.151,0.0,3.24
2021-04-03 12:00,10.89,7.91,53.25,21.22,59.08,1.19,1,0.0,0.154,0.03,3.23
2021-04-03 13:00,10.99,7.92,51.32835,21.15,59.57,1.2,1,3.09,0.134,0.012,3.23
2021-04-03 14:00,10.19,7.92,51.32835,21.15,59.57,1.2,1,3.31,0.0,0.023,3.23
2021-04-03 15:00,10.65,7.91,53.23,21.21,59.18,1.19,1,2.79,0.121,0.019,3.23
2021-04-03 16:00,10.86,7.9,55.26,21.24,58.94,1.19,1,2.19,0.117,0.023,3.23
2021-04-03 17:00,10.77,7.9,55.32,21.31,58.51,1.18,1,2.58,0.106,0.023,3.24
2021-04-03 18:00,10.61,7.93,53.41,21.44,57.74,1.15,1,2.19,0.108,0.023,3.25
2021-04-03 19:00,10.59,7.9,50.42,21.45,57.65,1.17,1,2.16,0.106,0.019,3.25
2021-04-03 20:00,10.48,7.91,53.49,21.54,57.14,1.15,1,2.25,0.0,0.022,3.25
2021-04-03 21:00,10.51,7.9,53.48,21.52,57.28,1.16,1,3.01,0.105,0.013,3.25
2021-04-03 22:00,11.15,7.91,51.59855,21.51,57.33,1.15,1,3.08,0.099,0.021,3.25
2021-04-03 23:00,10.55,7.9,58.795,21.49,57.47,1.16,1,2.15,0.096,0.019,3.25
2021-04-04 0:00,10.54,7.9,53.46,21.5,57.42,1.16,1,3.14,0.106,0.018,3.25
2021-04-04 1:00,10.66,7.9,58.718,21.4,57.98,1.17,1,2.86,0.109,0.018,3.25
2021-04-04 2:00,10.44,7.9,55.36,21.37,58.16,1.18,1,2.22,0.117,0.02,3.24
2021-04-04 3:00,10.69,7.9,53.36,21.38,58.13,1.17,1,2.39,0.113,0.018,3.24
2021-04-04 4:00,9.75,7.9,53.45,21.49,57.47,1.16,1,2.61,0.114,0.021,3.25
2021-04-04 5:00,10.47,7.89,53.5,21.55,57.09,1.16,1,2.57,0.119,0.022,3.25
2021-04-04 6:00,11.25,7.89,53.49,21.54,57.19,1.16,1,2.53,0.138,0.027,3.25
2021-04-04 7:00,10.33,7.88,51.59,21.66,56.44,1.15,1,2.19,0.096,0.02,3.27
2021-04-04 8:00,9.61,7.88,53.58,21.6,56.79,1.16,1,2.97,0.097,0.031,3.26
2021-04-04 9:00,10.4,7.9,50.54,21.61,56.76,1.15,2,2.25,0.1,0.02,3.26
2021-04-04 10:00,10.52,7.92,53.47,21.51,57.32,1.15,1,2.87,0.104,0.022,3.25
2021-04-04 11:00,11.32,7.9,53.37,21.38,58.08,1.17,2,2.32,0.094,0.022,3.24
2021-04-04 12:00,11.6,7.9,53.3,21.29,58.65,1.19,1,2.26,0.093,0.0,3.24
2021-04-04 13:00,11.02,7.89,53.17,21.13,59.67,1.21,1,1.97,0.102,0.018,3.23
2021-04-04 14:00,11.9,7.88,53.12,21.06,60.11,1.23,1,2.99,0.101,0.02,3.22
2021-04-04 15:00,11.2,7.89,53.06,20.99,60.6,1.23,1,3.42,0.103,0.019,3.22
2021-04-04 16:00,11.12,7.89,53.11,21.05,60.21,1.22,1,3.88,0.103,0.019,3.22
2021-04-04 17:00,11.03,7.9,55.2864,21.11,59.77,1.21,1,3.15,0.104,0.026,3.22
2021-04-04 18:00,10.69,7.91,48.024,21.38,58.12,1.17,1,3.28,0.104,0.032,3.24
2021-04-04 19:00,10.45,7.92,53.51,21.57,57.0,1.14,2,3.06,0.115,0.028,3.26
2021-04-04 20:00,11.47,7.91,53.53,21.58,56.9,1.14,1,2.92,0.115,0.025,3.26
2021-04-04 21:00,10.4,7.91,53.54,21.61,56.76,1.14,2,2.69,0.115,0.026,3.26
2021-04-04 22:00,10.37,7.92,51.6854,21.63,56.62,1.13,2,2.71,0.0,0.025,3.26
2021-04-04 23:00,10.32,7.92,53.59,21.67,56.39,1.13,1,2.81,0.141,0.025,3.27
2021-04-05 0:00,10.34,7.9,48.222,21.65,56.49,1.14,1,2.61,0.112,0.023,3.27
2021-04-05 1:00,10.3,7.9,53.6,21.69,56.3,1.14,1,0.0,0.101,0.022,3.27
2021-04-05 2:00,10.26,7.9,53.63,21.72,56.12,1.13,1,2.93,0.098,0.023,3.27
2021-04-05 3:00,10.18,7.9,53.68,21.78,55.75,1.12,1,2.82,0.104,0.025,3.27
2021-04-05 4:00,10.18,7.9,53.68,21.78,55.75,1.12,1,2.85,0.108,0.024,3.27
2021-04-05 5:00,10.26,7.89,50.63,21.72,56.12,1.14,1,3.96,0.097,0.026,3.27
2021-04-05 6:00,10.22,7.88,53.65,21.75,55.93,1.14,1,3.36,0.106,0.023,3.27
2021-04-05 7:00,10.28,7.88,53.62,21.7,56.21,1.14,1,3.64,0.097,0.024,3.27
2021-04-05 8:00,10.38,7.89,53.56,21.62,56.67,1.15,1,3.81,0.094,0.024,3.26
2021-04-05 9:00,10.57,7.88,51.44,21.47,57.65,1.17,1,3.68,0.095,0.024,3.25
2021-04-05 10:00,10.71,7.87,58.685,21.36,58.22,1.19,1,3.93,0.097,0.023,3.24
2021-04-05 11:00,10.79,7.9,55.432,21.3,58.6,1.19,1,3.31,0.113,0.026,3.24
2021-04-05 12:00,10.88,7.91,53.25,21.23,59.04,1.19,1,2.97,0.098,0.024,3.23
2021-04-05 13:00,11.14,7.89,53.1,21.03,60.31,1.23,1,3.65,0.093,0.021,3.22
2021-04-05 14:00,11.4,7.88,52.94,20.83,61.6,1.26,1,3.93,0.122,0.023,3.2
2021-04-05 15:00,11.77,7.87,52.73,20.56,63.48,1.3,1,3.37,0.131,0.024,3.18
2021-04-05 16:00,11.9,7.87,52.66,20.46,64.16,1.32,1,3.42,0.131,0.024,3.18
2021-04-05 17:00,12.1,7.88,54.55,20.32,65.21,1.33,1,0.0,0.123,0.022,3.16
2021-04-05 18:00,13.06,7.88,52.68,20.48,64.0,1.31,1,3.39,0.135,0.034,3.18
2021-04-05 19:00,11.37,7.9,52.96,20.86,61.45,1.25,1,3.36,0.11,0.034,3.2
2021-04-05 20:00,11.17,7.87,53.08,21.01,60.46,1.24,1,3.19,0.182,0.0,3.22
2021-04-05 21:00,11.01,7.87,53.17,21.13,59.67,1.22,1,3.38,0.18,0.031,3.23
2021-04-05 22:00,10.9,7.87,53.23,21.21,59.14,1.21,1,3.4,0.18,0.026,3.23
2021-04-05 23:00,10.79,7.87,53.3,21.3,58.61,1.2,1,2.87,0.18,0.024,3.24
2021-04-06 0:00,10.68,7.86,53.37,21.38,58.08,1.19,1,3.59,0.0,0.025,3.24
2021-04-06 1:00,10.45,7.86,53.35,21.36,58.22,1.19,1,3.44,0.138,0.025,3.24
2021-04-06 2:00,10.61,7.86,48.069,21.44,57.75,1.18,1,3.25,0.135,0.028,3.25
2021-04-06 3:00,10.57,7.85,53.44,21.47,57.56,1.18,1,3.05,0.103,0.026,3.25
2021-04-06 4:00,10.57,7.84,53.44,21.47,57.56,1.19,1,3.31,0.103,0.025,3.25
2021-04-06 5:00,10.63,7.84,53.4,21.42,57.85,1.19,1,3.25,0.096,0.024,3.25
2021-04-06 6:00,11.2,7.83,53.44,21.47,57.56,1.19,1,3.24,0.0,0.023,3.25
2021-04-06 7:00,10.58,7.83,53.43,21.47,57.62,1.19,1,3.01,0.101,0.024,3.25
2021-04-06 8:00,10.67,7.83,53.38,21.39,58.04,1.2,1,2.39,0.103,0.026,3.25
2021-04-06 9:00,10.73,7.82,53.34,21.34,58.32,1.21,1,3.46,0.102,0.024,3.24
2021-04-06 10:00,11.62,7.81,58.52,21.17,59.43,1.24,1,2.83,0.193,0.0,3.23
2021-04-06 11:00,11.11,7.81,47.808,21.05,60.17,1.26,1,3.23,0.104,0.028,3.22
2021-04-06 12:00,10.41,7.81,53.06,20.98,60.66,1.27,1,3.03,0.108,0.02,3.22
2021-04-06 13:00,11.44,7.81,52.92,20.8,61.8,1.29,1,3.8,0.097,0.02,3.2
2021-04-06 14:00,11.62,7.81,52.82,20.67,62.72,1.31,1,3.59,0.106,0.023,3.19
2021-04-06 15:00,11.61,7.83,54.82,20.67,62.67,1.3,1,3.09,0.1,0.031,3.2
2021-04-06 16:00,11.95,7.84,52.63,20.42,64.42,1.34,1,2.69,0.106,0.029,3.18
2021-04-06 17:00,12.5,7.85,52.32,20.02,67.36,1.39,1,2.84,0.101,0.026,3.14
2021-04-06 18:00,12.38,7.9,52.39,20.11,66.7,1.36,1,3.04,0.104,0.028,3.16
2021-04-06 19:00,10.91,7.91,57.794,20.3,65.31,1.32,1,2.4,0.099,0.024,3.16
2021-04-06 20:00,12.13,7.9,47.277,20.29,65.37,1.33,1,2.52,0.096,0.022,3.16
2021-04-06 21:00,11.17,7.93,53.08,21.01,60.45,1.21,2,2.49,0.098,0.024,3.22
2021-04-06 22:00,11.62,7.9,52.82,20.67,62.71,1.27,1,2.35,0.0,0.022,3.19
2021-04-06 23:00,11.6,7.9,52.81,20.68,62.62,1.27,1,2.3,0.099,0.024,3.19
2021-04-07 0:00,11.55,7.92,52.86,20.72,62.35,1.26,1,2.36,0.095,0.0,3.2
2021-04-07 1:00,11.58,7.92,52.84,20.7,62.5,1.26,1,2.76,0.095,0.026,3.2
2021-04-07 2:00,11.57,7.92,52.85,20.7,62.45,1.26,1,2.51,0.0,0.025,3.2
2021-04-07 3:00,11.45,7.92,52.91,20.79,61.84,1.24,1,2.52,0.089,0.025,3.2
2021-04-07 4:00,11.42,7.92,52.93,20.82,61.69,1.24,1,2.86,0.091,0.024,3.2
2021-04-07 5:00,11.41,7.92,52.94,20.82,61.64,1.24,1,2.69,0.094,0.024,3.2
2021-04-07 6:00,12.56,7.91,52.93,20.82,61.69,1.25,1,2.89,0.085,0.024,3.2
2021-04-07 7:00,12.6,7.91,52.91,20.79,61.84,1.25,1,2.56,0.09,0.021,3.2
2021-04-07 8:00,12.23,7.91,55.86,20.73,62.3,1.26,1,2.53,0.091,0.0,3.2
2021-04-07 9:00,11.54,7.91,52.86,20.73,62.3,1.26,1,2.36,0.154,0.025,3.2
2021-04-07 10:00,11.48,7.93,52.9,20.77,61.99,1.24,1,2.97,0.164,0.021,3.2
2021-04-07 11:00,11.65,7.92,52.82,20.64,62.85,1.27,1,2.17,0.169,0.024,3.19
2021-04-07 12:00,12.99,7.92,54.8184,20.53,63.68,1.28,1,2.17,0.155,0.024,3.18
2021-04-08 14:00,12.4,7.91,52.38,20.1,66.8,1.35,2,2.75,0.088,0.02,3.16
2021-04-08 15:00,12.48,7.91,52.33,20.04,67.24,1.36,1,2.96,0.079,0.03,3.14
2021-04-08 16:00,12.73,7.92,52.2,19.96,68.61,1.39,1,2.76,0.07,0.022,3.14
2021-04-08 17:00,12.06,7.94,54.57,20.34,64.99,1.3,1,2.44,0.078,0.02,3.16
2021-04-08 18:00,12.16,7.93,52.68,20.49,63.94,1.28,1,2.8,0.093,0.023,3.18
2021-04-08 19:00,11.45,7.93,52.91,20.79,61.84,1.24,1,2.49,0.115,0.02,3.2
2021-04-08 20:00,11.34,7.91,52.98,20.88,61.3,1.24,1,2.25,0.129,0.027,3.21
2021-04-08 21:00,11.29,7.91,53.01,20.92,61.05,1.23,1,2.13,0.131,0.026,3.21
2021-04-08 22:00,11.32,7.9,52.99,20.89,61.2,1.24,1,1.81,0.127,0.027,3.21
2021-04-08 23:00,11.1,7.9,53.12,21.06,60.11,1.22,1,1.78,0.117,0.025,3.22
2021-04-09 0:00,11.18,7.89,53.07,21.0,60.5,1.23,1,1.8,0.127,0.026,3.22
2021-04-09 1:00,11.01,7.87,53.02,20.93,60.95,1.25,1,1.46,0.137,0.025,3.21
2021-04-09 2:00,11.88,7.89,58.366,20.98,60.65,1.23,1,1.87,0.139,0.026,3.22
2021-04-09 3:00,11.73,7.91,53.1,21.04,60.26,1.22,1,2.07,0.136,0.025,3.22
2021-04-09 4:00,11.09,7.9,56.13,21.07,60.06,1.22,1,1.71,0.136,0.023,3.22
2021-04-09 5:00,10.95,7.9,53.21,21.18,59.38,1.2,1,1.99,0.136,0.023,3.23
2021-04-09 6:00,11.01,7.9,47.853,21.13,59.67,1.21,1,2.28,0.0,0.023,3.23
2021-04-09 7:00,11.08,7.9,53.13,21.08,60.01,1.21,1,2.2,0.181,0.024,3.22
2021-04-09 8:00,11.2,7.89,53.06,20.99,60.6,1.23,1,2.07,0.176,0.024,3.22
2021-04-09 9:00,11.49,7.87,52.89,20.76,62.05,1.27,1,2.13,0.172,0.026,3.2
2021-04-09 10:00,11.73,7.88,52.75,20.59,63.28,1.29,1,2.1,0.149,0.02,3.18
2021-04-09 11:00,11.65,7.88,52.82,20.64,62.85,1.28,2,2.68,0.162,0.023,3.19
2021-04-09 12:00,11.56,7.91,52.85,20.71,62.4,1.26,2,2.43,0.16,0.024,3.2
2021-04-09 13:00,12.87,7.89,55.77,20.61,63.12,1.28,1,2.66,0.173,0.021,3.19
2021-04-09 14:00,11.73,7.87,49.75,20.59,63.28,1.3,2,2.33,0.174,0.02,3.18
2021-04-09 15:00,12.9,7.9,52.75,20.59,63.27,1.28,2,2.45,0.168,0.022,3.18
2021-04-09 16:00,11.63,7.91,56.66,20.47,64.1,1.3,1,2.2,0.174,0.024,3.18
2021-04-09 17:00,11.94,7.91,54.7456,20.43,64.36,1.3,1,2.36,0.182,0.02,3.18
2021-04-09 18:00,11.93,7.92,52.64,20.44,64.31,1.3,1,2.11,0.178,0.019,3.18
2021-04-09 19:00,13.07,7.94,52.67,20.48,64.05,1.28,1,2.6,0.17,0.019,3.18
2021-04-09 20:00,11.74,7.93,52.75,20.58,63.32,1.27,1,2.21,0.184,0.026,3.18
2021-04-09 21:00,11.64,7.93,58.091,20.65,62.81,1.26,1,1.61,0.187,0.027,3.19
2021-04-09 22:00,12.51,7.94,52.77,20.6,63.16,1.26,1,2.6,0.163,0.022,3.18
2021-04-09 23:00,12.09,7.94,52.94,20.82,61.64,1.23,1,1.92,0.187,0.023,3.2
2021-04-10 0:00,11.46,7.92,55.91,20.79,61.89,1.25,1,1.73,0.186,0.024,3.2
2021-04-10 1:00,12.03,7.93,55.97,20.87,61.34,1.23,1,1.9,0.171,0.022,3.21
2021-04-10 2:00,11.01,7.92,53.02,20.93,60.95,1.23,1,1.65,0.17,0.0,3.21
2021-04-10 3:00,11.22,7.92,53.05,20.97,60.7,1.22,1,1.52,0.17,0.024,3.22
2021-04-10 4:00,11.79,7.92,53.11,21.05,60.2,1.21,1,1.75,0.163,0.024,3.22
2021-04-10 5:00,11.28,7.91,51.1643,20.92,61.0,1.23,1,1.72,0.163,0.024,3.21
2021-04-10 6:00,11.28,7.91,53.02,20.92,61.0,1.23,1,1.45,0.163,0.024,3.21
2021-04-10 7:00,11.22,7.91,55.172,20.97,60.7,1.23,1,2.01,0.163,0.024,3.22
2021-04-10 8:00,11.55,7.91,51.0099,20.72,62.35,1.26,1,1.52,0.0,0.023,3.2
2021-04-10 9:00,12.37,7.89,52.56,20.34,65.05,1.33,1,1.76,0.206,0.025,3.16
2021-04-10 10:00,13.18,7.89,52.36,20.07,66.97,1.37,1,1.42,0.174,0.019,3.15
2021-04-10 11:00,12.51,7.88,52.32,20.02,67.41,1.38,1,2.14,0.187,0.023,3.14
2021-04-10 12:00,12.49,7.89,52.33,20.03,67.3,1.37,1,2.19,0.186,0.022,3.14
2021-04-10 13:00,12.42,7.88,52.37,20.08,66.92,1.37,1,2.26,0.17,0.021,3.15
2021-04-10 14:00,12.21,7.89,52.49,20.24,65.79,1.34,1,2.53,0.171,0.024,3.16
2021-04-10 15:00,13.09,7.88,52.41,20.13,66.54,1.36,1,1.99,0.167,0.022,3.16
2021-04-10 16:00,12.34,7.88,52.41,20.14,66.48,1.36,1,2.0,0.158,0.023,3.16
2021-04-10 17:00,12.44,7.86,52.36,20.07,67.03,1.38,1,2.29,0.145,0.021,3.14
2021-04-10 18:00,12.45,7.87,52.35,20.06,67.08,1.38,1,2.0,0.153,0.021,3.14
2021-04-10 19:00,11.13,7.88,52.39,20.12,66.65,1.36,1,2.8,0.154,0.026,3.16
2021-04-10 20:00,12.3,7.9,52.43,20.17,66.27,1.35,1,1.78,0.157,0.023,3.16
2021-04-10 21:00,12.28,7.88,52.44,20.18,66.16,1.35,1,2.48,0.151,0.024,3.16
2021-04-10 22:00,12.12,7.88,52.54,20.3,65.31,1.34,1,2.48,0.155,0.025,3.16
2021-04-10 23:00,12.08,7.87,50.56,20.33,65.1,1.34,1,2.75,0.153,0.022,3.16
2021-04-11 0:00,11.9,7.87,50.66,20.46,64.16,1.32,1,2.77,0.154,0.021,3.18
2021-04-11 1:00,12.97,7.86,52.72,20.54,63.59,1.31,1,2.64,0.154,0.023,3.18
2021-04-11 2:00,11.87,7.85,52.68,20.48,64.0,1.32,1,1.9,0.153,0.025,3.18
2021-04-11 3:00,12.58,7.86,50.8362,20.48,64.0,1.32,1,2.68,0.148,0.023,3.18
2021-04-11 4:00,11.71,7.86,50.92305,20.6,63.17,1.3,1,1.99,0.148,0.024,3.18
2021-04-11 5:00,12.38,7.86,52.78,20.62,63.02,1.3,1,2.48,0.144,0.023,3.19
2021-04-11 6:00,11.69,7.86,54.8912,20.61,63.07,1.3,1,1.86,0.137,0.021,3.19
2021-04-11 7:00,12.62,7.85,52.65,20.45,64.21,1.33,1,1.91,0.144,0.02,3.18
2021-04-11 8:00,12.1,7.83,54.652,20.32,65.21,1.36,1,2.65,0.144,0.024,3.16
2021-04-11 9:00,12.46,7.82,52.35,20.05,67.14,1.4,1,2.24,0.144,0.025,3.14
2021-04-11 10:00,13.03,7.86,52.04,19.65,70.31,1.45,1,2.51,0.0,0.02,3.12
2021-04-11 11:00,13.3,7.87,54.9,19.46,71.85,1.48,1,2.87,0.202,0.021,3.1
2021-04-11 12:00,13.24,7.87,51.93,19.51,71.5,1.47,1,3.01,0.186,0.029,3.11
2021-04-11 13:00,13.21,7.87,50.13175,19.53,71.34,1.47,1,3.31,0.187,0.024,3.11
2021-04-11 14:00,12.98,7.88,52.06,19.69,70.03,1.44,1,3.0,0.18,0.025,3.12
2021-04-11 15:00,13.19,7.87,52.12,19.75,69.52,1.43,1,3.26,0.171,0.024,3.12
2021-04-11 16:00,12.84,7.87,54.2256,19.79,69.23,1.42,1,2.94,0.169,0.024,3.13
2021-04-11 17:00,12.56,7.88,57.519,19.98,67.68,1.39,1,3.29,0.163,0.023,3.14
2021-04-11 18:00,12.41,7.87,54.4648,20.09,66.86,1.37,1,2.85,0.161,0.024,3.16
2021-04-11 19:00,12.59,7.88,52.44,20.17,66.21,1.36,1,2.61,0.165,0.023,3.16
2021-04-11 20:00,13.55,7.87,52.42,20.15,66.38,1.36,1,3.13,0.152,0.023,3.16
2021-04-11 21:00,12.25,7.86,52.46,20.02,66.0,1.36,1,2.75,0.176,0.028,3.16
2021-04-11 22:00,12.25,7.86,52.46,20.02,66.0,1.36,1,2.48,0.173,0.028,3.16
2021-04-11 23:00,12.22,7.85,49.48,20.23,65.85,1.36,1,2.58,0.15,0.02,3.16
2021-04-12 0:00,12.24,7.84,52.47,20.21,65.95,1.37,1,2.63,0.145,0.024,3.16
2021-04-12 1:00,12.1,7.84,52.55,20.32,65.21,1.35,1,2.63,0.18,0.028,3.16
2021-04-12 2:00,11.79,7.84,56.58,20.35,64.95,1.35,1,2.32,0.15,0.02,3.17
2021-04-12 3:00,11.74,7.84,52.6,20.39,64.69,1.34,1,2.78,0.163,0.025,3.18
2021-04-12 4:00,12.01,7.85,52.6,20.38,64.74,1.34,1,2.54,0.162,0.029,3.18
2021-04-12 5:00,12.85,7.85,52.58,20.35,64.95,1.34,1,2.88,0.146,0.022,3.18
2021-04-12 6:00,12.1,7.86,52.55,20.32,65.21,1.34,1,2.57,0.091,0.026,3.16
2021-04-12 7:00,12.2,7.86,52.49,20.24,65.74,1.35,1,2.94,0.115,0.019,3.16
2021-04-12 8:00,12.38,7.83,47.151,20.11,66.71,1.39,1,2.68,0.135,0.027,3.16
2021-04-12 9:00,12.5,7.83,50.4888,20.02,67.36,1.4,1,2.91,0.096,0.022,3.14
2021-04-12 10:00,13.05,7.84,52.03,19.64,70.42,1.46,1,2.9,0.098,0.04,3.12
2021-04-12 11:00,13.17,7.86,51.97,19.56,71.11,1.47,1,3.13,0.092,0.026,3.11
2021-04-12 12:00,12.7,7.86,52.22,19.88,68.46,1.41,1,3.42,0.189,0.025,3.14
2021-04-12 13:00,12.33,7.86,54.5168,20.15,66.43,1.37,1,3.23,0.214,0.037,3.16
2021-04-12 14:00,12.24,7.86,50.63355,20.21,65.95,1.36,1,3.0,0.1,0.025,3.16
2021-04-12 15:00,12.35,7.87,52.58,20.35,64.95,1.33,1,2.7,0.203,0.027,3.17
2021-04-12 16:00,11.25,7.87,52.58,20.35,64.95,1.33,1,2.9,0.202,0.023,3.17
2021-04-12 17:00,10.94,7.87,52.52,20.28,65.48,1.34,1,2.41,0.217,0.026,3.16
2021-04-12 18:00,12.5,7.87,52.49,20.24,65.74,1.35,1,2.26,0.194,0.021,3.16
2021-04-12 19:00,12.34,7.84,52.41,20.14,66.49,1.38,1,2.45,0.208,0.026,3.16
2021-04-12 20:00,12.41,7.89,52.37,20.09,66.86,1.36,1,2.51,0.193,0.023,3.16
2021-04-12 21:00,13.61,8.2,55.73,19.26,73.61,1.35,10,2.82,0.2,0.024,3.09
2021-04-12 22:00,13.6,8.19,53.8096,19.26,73.55,1.35,7,10.79,1.228,0.06,3.09
2021-04-12 23:00,14.3,8.14,51.8,19.34,72.91,1.36,6,9.71,1.28,0.069,3.1
2021-04-13 0:00,13.93,8.08,51.99,19.59,70.84,1.35,6,9.09,1.066,0.07,3.12
2021-04-13 1:00,12.47,7.77,52.34,20.05,67.2,1.43,5,9.68,1.141,0.064,3.14
2021-04-13 2:00,12.18,7.84,54.6,20.26,65.64,1.36,4,7.6,1.218,0.059,3.16
2021-04-13 3:00,12.16,7.84,52.51,20.27,65.53,1.36,3,2.57,1.091,0.035,3.16
2021-04-13 4:00,12.46,7.82,50.67215,20.27,65.53,1.37,3,2.54,0.304,0.033,3.16
2021-04-13 5:00,12.17,7.81,52.51,20.26,65.59,1.38,3,2.5,0.266,0.031,3.16
2021-04-13 6:00,12.13,7.84,50.69145,20.29,65.37,1.36,3,2.63,0.236,0.027,3.16
2021-04-13 7:00,12.15,7.86,52.52,20.28,65.48,1.35,2,2.68,0.248,0.032,3.16
2021-04-13 8:00,12.2,7.85,52.49,20.24,65.74,1.36,2,2.41,0.242,0.03,3.16
2021-04-13 9:00,12.48,7.84,52.33,20.04,67.25,1.4,2,2.53,0.243,0.029,3.14
2021-04-13 10:00,12.61,7.81,53.98,19.93,61.56,1.36,2,2.96,0.21,0.025,3.2
2021-04-13 11:00,12.76,7.81,53.89,19.82,62.31,1.38,2,2.87,0.2,0.026,3.19
2021-04-13 12:00,12.77,7.85,59.279,19.82,62.36,1.36,3,3.03,0.2,0.026,3.19
2021-04-13 13:00,13.04,7.85,53.72,19.62,63.72,1.39,3,4.05,0.2,0.035,3.18
2021-04-13 14:00,12.81,7.84,53.86,19.79,62.56,1.37,3,2.87,0.0,0.03,3.19
2021-04-13 15:00,12.6,7.87,52.10035,19.94,61.51,1.33,2,3.56,0.217,0.021,3.2
2021-04-13 16:00,12.6,7.87,53.99,19.94,61.51,1.33,2,2.61,0.202,0.031,3.2
2021-04-13 17:00,12.58,7.87,54.0,19.95,61.41,1.33,2,2.7,0.199,0.028,3.2
2021-04-13 18:00,12.29,7.87,54.22,20.16,59.97,1.3,2,3.05,0.191,0.03,3.22
2021-04-13 19:00,11.93,7.86,54.44,20.42,58.26,1.27,1,2.77,0.189,0.03,3.24
2021-04-13 20:00,11.72,7.86,54.58,20.58,57.28,1.24,1,2.43,0.141,0.024,3.25
2021-04-13 21:00,12.53,7.98,54.51,20.5,57.73,1.2,6,2.8,0.187,0.023,3.25
2021-04-13 22:00,12.47,8.61,59.477,20.03,60.72,1.01,7,3.37,0.189,0.027,3.21
2021-04-13 23:00,12.22,8.65,51.26,20.21,59.48,0.97,7,11.76,1.141,0.058,3.23
2021-04-14 0:00,12.97,8.62,51.25,20.19,59.5,0.99,6,11.05,0.851,0.048,3.31
2021-04-14 1:00,11.7,8.21,54.59,20.59,57.13,1.09,5,11.56,1.288,0.055,3.25
2021-04-14 2:00,11.7,7.92,52.59,20.59,57.18,1.21,2,10.04,1.31,0.044,3.25
2021-04-14 3:00,12.48,7.81,54.55,20.54,57.51,1.27,2,2.99,0.513,0.029,3.25
2021-04-14 4:00,11.75,7.83,52.6504,20.55,57.42,1.26,1,2.4,0.464,0.028,3.25
2021-04-14 5:00,11.82,7.83,54.51,20.5,57.74,1.27,1,2.56,0.208,0.028,3.25
2021-04-14 6:00,11.8,7.82,57.53,20.52,57.65,1.27,1,2.61,0.192,0.025,3.25
2021-04-14 7:00,11.76,7.8,51.55,20.55,57.47,1.27,1,2.46,0.203,0.025,3.25
2021-04-14 8:00,11.78,7.79,52.6311,20.53,57.56,1.28,1,2.44,0.205,0.027,3.25
2021-04-14 9:00,12.27,7.76,54.23,20.17,59.88,1.35,1,2.83,0.206,0.029,3.22
2021-04-14 10:00,11.62,7.74,53.8,19.72,63.07,1.43,1,2.34,0.193,0.027,3.19
2021-04-14 11:00,13.36,7.73,55.6816,19.4,65.39,1.49,2,3.3,0.206,0.023,3.16
2021-04-14 12:00,13.46,7.72,56.48,19.34,65.91,1.51,1,4.11,0.203,0.026,3.16
2021-04-14 13:00,13.57,7.72,53.42,19.26,66.5,1.53,1,3.95,0.2,0.029,3.15
2021-04-14 14:00,13.46,7.72,53.48,19.34,65.91,1.51,1,3.87,0.2,0.029,3.16
2021-04-14 15:00,13.27,7.74,50.59,19.47,64.91,1.48,1,3.84,0.2,0.027,3.17
2021-04-14 16:00,13.02,7.76,53.74,19.64,63.62,1.44,1,4.06,0.292,0.025,3.18
2021-04-14 17:00,12.94,7.74,53.79,19.7,63.23,1.44,1,3.64,0.223,0.032,3.18
2021-04-14 18:00,12.83,7.73,53.85,19.77,62.67,1.43,1,2.96,0.211,0.031,3.19
2021-04-14 19:00,12.36,7.8,54.17,20.11,68.32,1.34,1,2.7,0.224,0.028,3.22
2021-04-14 20:00,11.98,7.81,54.22,20.16,59.93,1.33,1,3.22,0.22,0.024,3.22
2021-04-14 21:00,12.24,7.8,52.25,20.19,59.73,1.33,1,2.85,0.208,0.025,3.22
2021-04-14 22:00,12.2,7.78,56.4408,20.22,59.54,1.33,1,2.68,0.208,0.026,3.23
2021-04-14 23:00,12.2,7.78,54.27,20.22,59.54,1.33,1,3.04,0.21,0.026,3.23
2021-04-15 0:00,12.13,7.77,54.31,20.27,59.21,1.33,1,2.9,0.208,0.025,3.23
2021-04-15 1:00,11.94,7.76,52.37055,20.22,59.55,1.34,1,2.22,0.236,0.026,3.23
2021-04-15 2:00,11.95,7.74,54.26,20.21,59.6,1.35,1,2.48,0.23,0.026,3.23
2021-04-15 3:00,12.35,7.75,54.18,20.11,60.27,1.36,1,2.81,0.23,0.027,3.22
2021-04-15 4:00,12.32,7.78,52.303,20.13,60.12,1.35,2,2.56,0.218,0.025,3.22
2021-04-15 5:00,12.32,7.8,54.2,20.13,60.12,1.34,2,3.0,0.233,0.027,3.22
2021-04-15 6:00,12.34,7.83,59.598,20.12,60.22,1.32,2,2.65,0.201,0.026,3.22
2021-04-15 7:00,12.26,7.84,56.3992,20.18,59.83,1.31,1,3.25,0.201,0.027,3.22
2021-04-15 8:00,12.27,7.84,54.23,20.17,59.88,1.31,1,3.1,0.201,0.025,3.22
2021-04-15 9:00,12.39,7.83,56.2848,20.09,60.48,1.33,1,2.43,0.201,0.028,3.21
2021-04-15 10:00,12.51,7.8,51.04,20.0,61.07,1.36,1,3.15,0.21,0.028,3.21
2021-04-15 11:00,12.35,7.8,53.98,19.93,61.56,1.37,1,3.16,0.218,0.021,3.2
2021-04-15 12:00,12.88,7.8,53.82,19.74,62.92,1.4,1,3.76,0.792,0.022,3.19
2021-04-15 13:00,14.06,7.82,55.6,19.47,64.86,1.43,1,3.76,0.792,0.022,3.17
2021-04-15 14:00,13.27,7.84,53.59,19.47,64.9,1.43,1,3.76,0.792,0.022,3.17
2021-04-15 15:00,13.05,7.85,53.72,19.62,63.77,1.39,1,2.39,0.792,0.03,3.18
2021-04-15 16:00,13.24,7.84,53.61,19.49,64.75,1.42,2,2.7,0.792,0.029,3.17
2021-04-15 17:00,13.28,7.85,53.58,19.46,64.96,1.42,2,2.17,0.579,0.029,3.17
2021-04-15 18:00,13.17,7.85,51.77225,19.53,64.38,1.41,2,2.05,0.479,0.029,3.17
2021-04-15 19:00,13.13,7.86,53.67,19.56,64.18,1.4,2,1.6,0.574,0.031,3.17
2021-04-15 20:00,13.16,7.85,53.65,19.54,64.33,1.41,1,1.67,0.537,0.032,3.17
2021-04-15 21:00,13.02,7.86,51.8591,19.64,63.61,1.39,2,1.67,0.483,0.03,3.18
2021-04-15 22:00,13.57,7.85,53.89,19.82,62.36,1.36,1,1.52,0.433,0.031,3.19
2021-04-15 23:00,12.45,7.84,54.08,20.04,60.77,1.33,1,1.48,0.48,0.031,3.21
2021-04-16 7:00,12.5,7.85,54.4128,20.02,67.36,1.39,2,1.49,0.365,0.034,3.14
2021-04-27 11:00,13.88,7.94,51.6,19.08,75.28,1.51,1,3.04,0.143,0.02,3.08
2021-04-27 19:00,13.93,7.94,51.57,19.04,75.58,1.52,1,3.52,0.19,0.019,3.07
2021-04-28 9:00,13.86,7.91,51.61,19.09,75.16,1.53,1,3.25,0.149,0.021,3.08
2021-04-28 10:00,14.0,7.91,51.54,19.0,76.01,1.54,1,3.08,0.157,0.019,3.07
2021-04-28 15:00,14.47,7.95,51.31,18.69,78.91,1.58,2,3.22,0.115,0.021,3.05
2021-04-29 14:00,15.05,7.9,51.03,18.32,82.67,1.69,2,3.29,0.145,0.023,3.03
2021-04-30 0:00,13.93,7.88,49.76505,19.04,75.59,1.55,1,2.65,0.212,0.029,3.07
2021-04-30 9:00,13.91,7.9,51.58,19.06,75.46,1.54,1,3.0,0.186,0.025,3.08
2021-05-01 0:00,16.29,7.92,53.55,19.02,75.83,1.54,1,2.31,0.127,0.028,3.07
2021-05-01 1:00,13.97,7.91,51.55,19.02,75.83,1.54,1,2.23,0.139,0.025,3.07
2021-05-01 2:00,14.0,7.91,48.54,19.0,76.01,1.54,1,2.2,0.142,0.027,3.07
2021-05-01 3:00,13.95,7.93,51.56,19.03,75.7,1.53,2,2.65,0.339,0.028,3.07
2021-05-01 4:00,13.93,7.94,51.57,19.04,75.58,1.52,2,2.32,0.314,0.026,3.07
2021-05-01 5:00,13.93,7.94,51.57,19.04,75.58,1.52,3,2.56,0.33,0.027,3.07
2021-05-01 6:00,14.71,7.94,51.6,19.08,75.28,1.51,2,2.44,0.33,0.025,3.08
2021-05-01 7:00,13.59,7.93,51.61,19.1,75.1,1.51,2,2.72,0.325,0.0,3.08
2021-05-01 8:00,13.78,7.93,53.716,19.14,74.67,1.51,2,2.39,0.325,0.02,3.08
2021-05-01 9:00,13.86,7.91,53.6744,19.09,75.16,1.53,2,2.86,0.321,0.028,3.08
2021-05-01 10:00,13.62,7.92,53.664,19.08,75.28,1.52,1,2.83,0.319,0.026,3.08
2021-05-01 11:00,13.98,7.9,51.55,19.01,75.89,1.55,2,2.83,0.322,0.022,3.07
2021-05-01 12:00,13.77,7.9,51.53,18.98,76.2,1.55,2,2.87,0.335,0.024,3.07
2021-05-01 13:00,13.91,7.9,55.58,19.06,75.46,1.54,2,3.26,0.378,0.032,3.08
2021-05-01 14:00,14.06,7.89,48.51,18.96,76.38,1.56,2,3.06,0.34,0.025,3.07
2021-05-01 15:00,14.43,7.9,49.5238,18.71,78.67,1.6,2,3.54,0.373,0.028,3.05
2021-05-01 16:00,14.44,7.93,51.32,18.71,78.73,1.59,3,3.19,0.322,0.027,3.05
2021-05-01 17:00,14.27,7.95,51.41,18.82,77.67,1.56,3,3.59,0.322,0.024,3.06
2021-05-01 18:00,14.15,7.94,51.47,18.9,76.93,1.55,3,3.86,0.322,0.03,3.07
2021-05-01 19:00,14.08,7.94,53.5,18.94,76.5,1.54,2,3.15,0.276,0.028,3.07
2021-05-01 20:00,14.0,7.94,51.54,19.0,76.01,1.53,2,3.03,0.206,0.027,3.07
2021-05-01 21:00,13.99,7.93,53.54,19.0,76.01,1.53,1,3.08,0.188,0.027,3.07
2021-05-01 22:00,13.75,7.93,46.377,18.99,76.07,1.53,1,2.88,0.204,0.027,3.07
2021-05-01 23:00,13.94,7.91,51.57,19.04,75.65,1.54,1,3.04,0.167,0.028,3.07
2021-05-02 0:00,13.9,7.9,51.59,19.06,75.4,1.54,1,2.78,0.18,0.027,3.08
2021-05-02 1:00,13.89,7.9,51.59,19.07,75.34,1.54,1,2.58,0.185,0.027,3.08
2021-05-02 2:00,13.93,7.88,49.57,19.04,75.59,1.55,1,2.97,0.177,0.026,3.07
2021-05-02 3:00,14.25,7.89,51.56,19.03,75.71,1.55,2,2.72,0.174,0.033,3.07
2021-05-02 4:00,12.72,7.9,51.78,19.32,73.13,1.49,2,3.0,0.176,0.027,3.1
2021-05-02 5:00,13.53,7.91,51.78,19.31,73.19,1.49,2,3.26,0.182,0.029,3.09
2021-05-02 6:00,13.53,7.93,51.78,19.31,73.18,1.48,2,3.37,0.171,0.027,3.09
2021-05-02 7:00,13.56,7.92,51.76,19.29,73.36,1.48,2,3.09,0.175,0.027,3.09
2021-05-02 8:00,13.58,7.92,51.75,19.28,73.48,1.49,1,3.29,0.167,0.028,3.09
2021-05-02 9:00,14.54,7.91,49.8712,19.18,74.32,1.51,1,3.05,0.17,0.024,3.09
2021-05-02 10:00,13.92,7.88,48.58,19.05,75.53,1.55,1,3.77,0.166,0.026,3.07
2021-05-02 11:00,14.07,7.88,51.51,18.95,76.44,1.57,1,3.1,0.173,0.024,3.07
2021-05-02 12:00,14.15,7.88,49.47,18.9,76.94,1.58,1,3.7,0.179,0.026,3.07
2021-05-02 13:00,14.37,7.87,51.36,18.76,78.31,1.61,1,3.27,0.174,0.026,3.05
2021-05-02 14:00,14.58,7.88,51.25,18.62,79.62,1.64,1,3.75,0.176,0.03,3.05
2021-05-02 15:00,15.24,7.92,50.94,18.2,83.93,1.7,1,3.69,0.182,0.028,3.01
2021-05-02 16:00,15.7,7.92,54.74,17.92,87.06,1.77,2,3.4,0.188,0.027,2.99
2021-05-02 17:00,15.61,7.95,50.78,17.98,86.43,1.74,3,3.34,0.19,0.027,3.0
2021-05-02 18:00,15.07,7.97,45.918,18.31,82.79,1.65,2,3.41,0.182,0.029,3.03
2021-05-02 19:00,14.68,7.97,51.21,18.55,80.25,1.6,2,3.41,0.18,0.026,3.04
2021-05-02 20:00,14.55,7.97,51.27,18.64,79.42,1.58,2,3.38,0.167,0.025,3.05
2021-05-02 21:00,14.47,7.96,51.31,18.69,78.91,1.58,1,2.83,0.338,0.028,3.05
2021-05-02 22:00,14.44,7.95,49.5238,18.71,78.72,1.58,1,3.05,0.246,0.026,3.05
2021-05-02 23:00,15.87,7.94,53.32,18.71,78.66,1.58,1,2.97,0.198,0.026,3.05
2021-05-03 0:00,14.4,7.93,51.34,18.73,78.47,1.58,1,2.58,0.216,0.026,3.05
2021-05-03 1:00,14.22,7.93,51.43,18.85,77.36,1.56,1,2.9,0.224,0.026,3.06
2021-05-03 2:00,14.17,7.93,51.46,18.89,77.05,1.56,1,2.44,0.289,0.028,3.07
2021-05-03 3:00,14.21,7.92,51.44,18.86,77.3,1.57,1,2.74,0.436,0.027,3.06
2021-05-03 4:00,14.04,7.92,51.52,18.97,76.25,1.54,1,3.05,0.495,0.026,3.07
2021-05-03 5:00,14.02,7.9,51.53,18.98,76.13,1.55,1,3.17,0.513,0.028,3.07
2021-05-03 6:00,14.0,7.91,53.6016,19.0,76.01,1.54,2,3.25,0.495,0.029,3.07
2021-05-03 7:00,14.1,7.91,46.341,18.93,76.62,1.56,2,3.09,0.56,0.029,3.07
2021-05-03 8:00,14.4,7.92,51.49,18.93,76.62,1.55,2,3.16,0.553,0.03,3.07
2021-05-03 9:00,14.21,7.9,51.44,18.86,77.3,1.58,1,2.94,0.549,0.028,3.06
2021-05-03 10:00,14.29,7.9,48.4,18.81,77.8,1.59,1,3.9,0.591,0.027,3.06
2021-05-03 11:00,15.26,7.89,49.5431,18.73,78.48,1.61,1,3.87,0.528,0.028,3.05
2021-05-03 12:00,13.54,7.89,51.37,18.78,78.12,1.6,2,3.84,0.447,0.028,3.05
2021-05-03 13:00,14.52,7.89,51.28,18.65,79.24,1.62,1,4.08,0.454,0.03,3.05
2021-05-03 14:00,14.67,7.88,51.21,18.56,80.2,1.65,1,3.65,0.441,0.029,3.04
2021-05-03 15:00,15.78,7.86,51.11,18.42,81.62,1.69,2,3.61,0.463,0.029,3.03
2021-05-03 16:00,16.27,7.92,52.48,17.58,91.07,1.85,1,3.63,0.392,0.03,2.97
2021-05-03 17:00,17.02,7.94,50.42,17.49,92.16,1.86,2,3.37,0.425,0.03,2.96
2021-05-03 18:00,15.42,7.92,50.86,18.09,85.14,1.73,3,3.63,0.441,0.032,3.01
2021-05-03 19:00,14.0,7.92,49.022,18.01,86.03,1.75,4,3.79,0.424,0.03,3.0
2021-05-03 20:00,15.51,7.92,52.8528,18.04,85.75,1.74,3,3.82,0.434,0.03,3.01
2021-05-03 21:00,17.02,7.92,50.84,18.06,75.48,1.73,2,3.51,0.434,0.035,3.01
2021-05-03 22:00,15.48,7.92,50.84,18.06,85.55,1.74,2,3.74,0.434,0.028,3.01
2021-05-03 23:00,16.41,7.92,50.84,18.06,85.55,1.74,2,3.15,0.43,0.029,3.01
2021-05-04 0:00,14.3,7.9,51.39,18.8,77.86,1.59,2,3.39,0.273,0.03,3.06
2021-05-04 1:00,14.17,7.9,51.46,18.89,77.06,1.57,2,3.46,0.245,0.031,3.07
2021-05-04 2:00,14.11,7.9,51.49,18.93,76.69,1.56,2,3.7,0.214,0.03,3.07
2021-05-04 3:00,14.14,7.89,51.47,18.91,76.87,1.57,2,3.29,0.165,0.031,3.07
2021-05-04 4:00,14.14,7.88,46.323,18.91,76.87,1.58,2,3.14,0.157,0.032,3.07
2021-05-04 5:00,14.11,7.88,46.341,18.93,76.69,1.58,2,3.77,0.158,0.029,3.07
2021-05-04 6:00,14.16,7.88,51.46,18.89,77.0,1.58,1,3.44,0.161,0.028,3.07
2021-05-04 7:00,14.2,7.88,46.296,18.87,77.24,1.59,2,3.92,0.159,0.031,3.06
2021-05-04 8:00,13.95,7.89,56.584,18.86,77.31,1.58,2,3.97,0.196,0.032,3.06
2021-05-04 9:00,14.49,7.87,51.3,18.67,79.05,1.63,2,3.74,0.234,0.029,3.05
2021-05-04 10:00,14.44,7.89,49.5238,18.71,78.73,1.61,2,3.91,0.22,0.031,3.05
2021-05-04 11:00,14.98,7.87,51.21,18.55,80.26,1.66,2,3.94,0.18,0.027,3.04
2021-05-04 12:00,15.64,7.87,51.17,18.51,80.71,1.67,2,4.0,0.206,0.033,3.03
2021-05-04 13:00,14.62,7.87,51.23,18.59,79.88,1.65,2,3.63,0.194,0.03,3.05
2021-05-04 14:00,14.8,7.84,49.35975,18.48,81.04,1.69,2,3.46,0.181,0.029,3.03
2021-05-04 15:00,14.94,7.85,51.08,18.39,81.95,1.7,2,3.81,0.203,0.029,3.03
2021-05-04 16:00,15.48,7.85,50.97,18.24,93.54,1.74,1,4.15,0.166,0.031,3.01
2021-05-04 17:00,14.77,7.87,56.276,18.5,80.84,1.67,2,3.53,0.158,0.031,3.03
2021-05-04 18:00,14.71,7.86,49.19,18.53,80.46,1.67,2,3.7,0.167,0.03,3.04
2021-05-04 19:00,14.61,7.86,51.24,18.6,79.82,1.65,2,3.14,0.168,0.032,3.05
2021-05-04 20:00,14.61,7.86,51.24,18.6,79.82,1.65,3,3.84,0.175,0.031,3.05
2021-05-04 21:00,14.87,7.86,51.26,18.62,79.56,1.65,3,3.92,0.17,0.031,3.05
2021-05-04 22:00,14.5,7.87,51.29,18.67,79.12,1.63,3,3.81,0.168,0.028,3.05
2021-05-04 23:00,14.89,7.85,54.25,18.61,79.69,1.65,2,4.14,0.159,0.027,3.05
2021-05-05 0:00,14.5,7.84,51.29,18.67,79.12,1.65,2,3.65,0.161,0.033,3.05
2021-05-05 1:00,14.52,7.82,51.28,18.65,79.25,1.66,2,3.64,0.717,0.029,3.05
2021-05-05 2:00,14.19,7.81,51.3,18.67,79.06,1.66,2,3.39,0.576,0.035,3.05
2021-05-05 3:00,15.27,7.81,51.33,18.73,78.55,1.65,2,3.38,0.551,0.033,3.05
2021-05-05 4:00,14.31,7.79,51.39,18.79,77.94,1.65,2,3.85,0.523,0.035,3.06
2021-05-05 5:00,14.34,7.78,51.37,18.78,78.13,1.66,2,3.51,0.453,0.034,3.05
2021-05-05 6:00,15.13,7.78,48.38,18.78,78.07,1.66,2,3.37,0.451,0.035,3.05
2021-05-05 7:00,14.24,7.78,53.4768,18.84,77.51,1.65,3,3.74,0.417,0.031,3.06
2021-05-05 8:00,14.25,7.79,48.42,18.83,77.57,1.64,2,3.88,0.419,0.034,3.06
2021-05-05 9:00,14.29,7.82,51.4,18.81,77.81,1.63,2,3.57,0.447,0.036,3.06
2021-05-05 10:00,14.65,7.86,51.36,18.76,78.17,1.62,3,3.55,0.506,0.027,3.05
2021-05-05 11:00,14.45,7.86,51.31,18.7,78.8,1.63,2,3.76,0.541,0.028,3.05
2021-05-05 12:00,14.63,7.85,51.23,18.58,79.95,1.66,2,3.86,0.528,0.025,3.05
2021-05-05 13:00,14.79,7.85,51.16,18.48,80.97,1.68,2,3.78,0.492,0.031,3.03
2021-05-05 14:00,14.81,7.88,51.15,18.47,81.1,1.67,2,4.23,0.516,0.028,3.03
2021-05-05 15:00,15.81,7.84,51.05,18.35,82.41,1.72,2,4.26,0.505,0.029,3.03
2021-05-05 16:00,15.14,7.84,50.99,18.26,83.27,1.74,2,3.71,0.493,0.03,3.01
2021-05-05 17:00,15.33,7.86,53.9,18.15,84.54,1.75,2,3.67,0.513,0.029,3.01
2021-05-05 18:00,15.94,7.9,52.7904,17.96,86.65,1.77,2,3.95,0.466,0.028,3.0
2021-05-05 19:00,15.65,7.91,50.76,17.95,86.71,1.77,2,3.71,0.438,0.027,2.99
2021-05-05 20:00,14.79,7.89,49.3694,18.48,80.97,1.66,2,4.34,0.417,0.027,3.03
2021-05-05 21:00,15.15,7.86,49.20535,18.26,83.34,1.73,2,3.84,0.421,0.033,3.01
2021-05-05 22:00,13.39,7.89,51.11,18.43,81.55,1.67,3,3.6,0.421,0.031,3.03
2021-05-05 23:00,15.62,7.91,49.3501,18.46,81.16,1.65,2,3.94,0.386,0.033,3.03
2021-05-06 0:00,14.77,7.94,49.3694,18.5,80.83,1.63,2,3.41,0.379,0.0,3.03
2021-05-06 1:00,14.77,7.95,51.16,18.5,80.83,1.62,2,3.51,0.379,0.028,3.03
2021-05-06 2:00,14.76,7.94,51.17,18.5,80.77,1.63,2,3.49,0.379,0.025,3.03
2021-05-06 3:00,14.75,7.94,56.287,18.51,80.7,1.62,1,3.72,0.234,0.026,3.03
2021-05-06 4:00,15.04,7.92,51.18,18.52,80.64,1.63,2,3.56,0.193,0.026,3.03
2021-05-06 5:00,14.75,7.9,51.17,18.51,80.71,1.65,2,3.38,0.313,0.026,3.03
2021-05-06 6:00,14.77,7.89,51.16,18.5,80.84,1.66,1,3.45,0.361,0.027,3.03
2021-05-06 7:00,14.51,7.89,54.16,18.5,80.84,1.66,1,3.47,0.341,0.027,3.03
2021-05-06 8:00,14.8,7.89,51.15,18.48,81.03,1.66,1,3.43,0.361,0.025,3.03
2021-05-06 9:00,14.89,7.9,48.11,18.42,81.62,1.67,1,3.88,0.394,0.025,3.03
2021-05-06 10:00,13.5,7.87,56.166,18.35,82.34,1.7,1,4.08,0.466,0.029,3.03
2021-05-06 11:00,15.03,7.89,51.04,18.33,82.54,1.69,2,4.03,0.45,0.026,3.03
2021-05-06 12:00,15.83,7.89,51.04,18.33,82.54,1.69,2,4.18,0.432,0.027,3.03
2021-05-06 13:00,15.26,7.87,56.034,18.19,84.07,1.72,2,4.03,0.468,0.024,3.01
2021-05-06 14:00,13.95,7.9,50.83,18.04,85.69,1.75,1,2.8,0.487,0.028,3.01
2021-05-06 15:00,15.97,7.9,50.75,17.94,86.85,1.78,1,3.12,0.47,0.026,2.99
2021-05-06 16:00,15.68,7.92,50.75,17.93,86.92,1.76,2,2.77,0.479,0.024,2.99
2021-05-06 17:00,15.75,7.91,52.7384,17.89,87.41,1.78,1,3.1,0.501,0.026,2.99
2021-05-06 18:00,15.68,7.92,50.75,17.93,86.92,1.76,2,2.83,0.484,0.026,2.99
2021-05-06 19:00,15.53,7.93,52.8424,18.03,85.89,1.74,2,2.66,0.506,0.025,3.01
2021-05-06 20:00,15.5,7.93,52.8632,18.04,85.68,1.73,2,2.82,0.497,0.0,3.01
2021-05-06 21:00,15.62,7.91,50.77,17.97,86.51,1.76,1,2.77,0.512,0.023,3.0
2021-05-06 22:00,15.34,7.91,50.9,18.14,84.6,1.72,2,2.8,0.509,0.028,3.01
2021-05-06 23:00,15.22,7.9,50.95,18.22,83.8,1.71,2,2.49,0.484,0.024,3.01
2021-05-07 0:00,15.14,7.9,49.20535,18.26,83.26,1.7,2,2.66,0.431,0.023,3.01
2021-05-07 1:00,15.12,7.87,53.0,18.28,83.14,1.72,3,2.9,0.452,0.024,3.03
2021-05-07 2:00,15.19,7.86,50.97,18.23,83.6,1.73,2,2.59,0.449,0.029,3.01
2021-05-07 3:00,15.28,7.83,50.93,18.18,84.21,1.76,2,2.26,0.449,0.025,3.01
2021-05-07 4:00,15.09,7.83,50.89,18.14,84.68,1.77,1,3.11,0.449,0.026,3.01
2021-05-07 5:00,16.23,7.83,50.91,18.16,84.41,1.77,2,2.66,0.35,0.026,3.01
2021-05-07 6:00,15.32,7.82,52.9464,18.15,84.48,1.77,1,2.83,0.283,0.03,3.01
2021-05-07 7:00,15.91,7.82,50.91,18.16,84.41,1.77,1,2.84,0.265,0.033,3.01
2021-05-07 8:00,15.29,7.81,53.92,18.17,84.28,1.78,2,3.34,0.255,0.024,3.01
2021-05-07 9:00,15.21,7.81,50.96,18.22,83.74,1.77,2,4.01,0.274,0.026,3.01
2021-05-07 10:00,15.11,7.81,53.196,18.47,81.11,1.71,3,3.59,0.297,0.029,3.03
2021-05-07 11:00,14.68,7.78,51.21,18.55,80.28,1.71,4,3.5,0.255,0.027,3.04
2021-05-07 12:00,14.74,7.76,51.18,18.52,80.66,1.73,4,3.7,0.285,0.037,3.03
2021-05-07 13:00,14.79,7.76,51.16,18.48,80.99,1.74,4,3.6,0.248,0.028,3.03
2021-05-07 14:00,14.78,7.76,51.16,18.49,80.92,1.74,4,3.19,0.282,0.028,3.03
2021-05-07 15:00,15.68,7.77,53.2064,18.48,80.98,1.73,4,3.8,0.271,0.029,3.03
2021-05-07 16:00,14.87,7.76,51.12,18.43,81.51,1.75,3,3.65,0.286,0.032,3.03
2021-05-07 17:00,13.4,7.75,51.11,18.42,81.64,1.76,3,3.93,0.294,0.032,3.03
2021-05-07 18:00,14.97,7.73,51.07,18.37,82.16,1.78,2,4.03,0.323,0.035,3.03
2021-05-07 19:00,14.69,7.75,51.08,18.38,82.03,1.77,3,3.8,0.33,0.036,3.03
2021-05-07 20:00,14.96,7.76,51.07,18.38,82.1,1.76,3,3.46,0.312,0.035,3.03
2021-05-07 21:00,13.42,7.77,51.1,18.41,81.77,1.75,2,3.47,0.359,0.035,3.03
2021-05-07 22:00,14.77,7.76,51.16,18.5,80.86,1.73,2,3.08,0.325,0.035,3.03
2021-05-07 23:00,15.01,7.73,51.19,18.53,80.47,1.74,2,3.14,0.351,0.034,3.04
2021-05-08 0:00,15.58,7.8,51.2,18.54,80.4,1.7,5,3.0,0.38,0.039,3.04
2021-05-08 1:00,14.68,7.87,51.21,18.55,80.26,1.66,4,3.19,0.332,0.031,3.04
2021-05-08 2:00,14.7,7.91,51.2,18.54,80.39,1.64,4,3.38,0.324,0.024,3.04
2021-05-08 3:00,14.68,7.92,51.21,18.55,80.26,1.63,4,3.41,0.256,0.025,3.04
2021-05-08 4:00,14.69,7.9,51.2,18.55,80.32,1.64,3,3.74,0.247,0.023,3.04
2021-05-08 5:00,14.71,7.89,49.39835,18.53,80.45,1.65,4,3.84,0.247,0.025,3.04
2021-05-08 6:00,14.99,7.86,46.08,18.55,80.33,1.66,3,3.78,0.247,0.026,3.04
2021-05-08 7:00,14.78,7.84,49.3694,18.49,80.91,1.69,2,3.9,0.354,0.028,3.03
2021-05-08 8:00,14.77,7.82,51.16,18.5,80.85,1.7,2,3.69,0.262,0.027,3.03
2021-05-08 9:00,14.87,7.8,51.12,18.43,81.5,1.72,2,4.32,0.262,0.027,3.03
2021-05-08 10:00,14.76,7.83,49.3308,18.44,81.43,1.7,4,4.46,0.271,0.028,3.03
2021-05-08 11:00,14.56,7.75,51.26,18.63,79.51,1.71,3,4.58,0.271,0.027,3.05
2021-05-08 12:00,14.71,7.74,51.18,18.51,80.67,1.74,3,4.78,0.274,0.035,3.03
2021-05-08 13:00,15.06,7.77,51.03,18.31,82.75,1.77,2,4.52,0.287,0.034,3.03
2021-05-08 14:00,14.96,7.81,51.07,18.38,82.09,1.73,4,4.69,0.26,0.028,3.03
2021-05-08 15:00,15.08,7.82,51.02,18.3,82.88,1.74,3,4.51,0.264,0.031,3.03
2021-05-08 16:00,16.86,7.79,50.9,18.15,84.55,1.8,2,4.43,0.277,0.03,3.01
2021-05-08 17:00,15.31,7.84,48.91,18.16,84.41,1.76,2,4.13,0.236,0.028,3.01
2021-05-08 18:00,15.29,7.85,50.92,18.17,84.27,1.75,2,3.98,0.244,0.026,3.01
2021-05-08 19:00,15.1,7.84,51.01,18.29,83.01,1.73,2,4.34,0.24,0.027,3.03
2021-05-08 20:00,15.01,7.84,53.05,18.35,82.41,1.72,2,4.32,0.226,0.029,3.03
2021-05-08 21:00,15.04,7.81,53.0816,18.33,82.62,1.74,3,4.15,0.228,0.033,3.03
2021-05-08 22:00,15.11,7.78,51.0,18.28,83.08,1.77,3,3.84,0.204,0.031,3.03
2021-05-08 23:00,15.15,7.77,50.99,18.26,83.35,1.78,3,4.22,0.209,0.029,3.01
2021-05-09 0:00,14.97,7.81,51.07,18.37,82.15,1.73,5,4.04,0.197,0.036,3.03
2021-05-09 1:00,14.92,7.84,51.09,18.4,81.82,1.71,3,3.85,0.183,0.032,3.03
2021-05-09 2:00,15.14,7.89,46.017,18.45,81.29,1.67,4,3.94,0.146,0.027,3.03
2021-05-09 3:00,14.8,7.92,51.15,18.48,81.03,1.64,4,3.51,0.136,0.025,3.03
2021-05-09 4:00,14.7,7.92,51.2,18.54,80.38,1.63,4,3.55,0.125,0.027,3.04
2021-05-09 5:00,14.68,7.9,51.21,18.55,80.26,1.64,3,3.52,0.125,0.023,3.04
2021-05-09 6:00,14.72,7.89,49.19,18.53,80.52,1.65,3,3.48,0.127,0.024,3.03
2021-05-09 7:00,16.24,7.88,51.17,18.5,80.78,1.66,3,3.7,0.127,0.025,3.03
2021-05-09 8:00,14.79,7.88,51.16,18.48,80.97,1.66,2,3.63,0.129,0.023,3.03
2021-05-09 9:00,15.06,7.84,51.03,18.31,82.74,1.73,3,4.2,0.316,0.02,3.03
2021-05-09 10:00,16.19,7.85,50.88,18.11,84.95,1.77,3,4.31,0.237,0.027,3.01
2021-05-09 11:00,15.5,7.86,50.83,18.04,85.69,1.78,2,4.22,0.26,0.027,3.01
2021-05-09 12:00,15.61,7.85,50.78,17.98,86.45,1.8,3,3.99,0.26,0.026,3.0
2021-05-09 13:00,16.72,7.83,50.7,17.87,87.54,1.83,3,4.09,0.244,0.026,2.99
2021-05-09 14:00,15.81,7.85,50.68,17.85,87.82,1.83,3,4.06,0.255,0.026,2.99
2021-05-09 15:00,16.07,7.86,50.57,17.7,89.65,1.86,3,4.36,0.225,0.025,2.98
2021-05-09 16:00,16.19,7.88,50.51,17.63,90.5,1.86,3,3.93,0.241,0.026,2.97
2021-05-09 17:00,16.51,7.88,52.3952,17.44,92.83,1.91,3,3.94,0.236,0.028,2.96
2021-05-09 18:00,14.96,7.9,48.56845,17.38,93.64,1.92,2,4.07,0.235,0.024,2.96
2021-05-09 19:00,16.35,7.95,50.45,17.53,91.65,1.84,2,3.9,0.231,0.024,2.97
2021-05-09 20:00,16.43,7.95,50.54,17.66,90.06,1.81,2,4.26,0.219,0.026,2.98
2021-05-09 21:00,16.13,7.93,50.54,17.66,90.06,1.82,2,4.54,0.225,0.024,2.98
2021-05-09 22:00,16.22,7.92,50.5,17.61,90.71,1.84,2,3.95,0.218,0.03,2.97
2021-05-09 23:00,15.92,7.94,50.63,17.78,88.57,1.79,3,4.4,0.198,0.024,2.99
2021-05-10 0:00,15.91,7.93,54.64,17.79,88.5,1.79,3,3.99,0.209,0.029,2.99
2021-05-10 1:00,15.62,7.93,50.77,17.97,86.51,1.75,3,4.07,0.222,0.027,3.0
2021-05-10 2:00,16.34,7.92,53.81,18.02,85.96,1.74,4,4.52,0.229,0.029,3.01
2021-05-10 3:00,15.44,7.92,50.85,18.08,85.28,1.73,3,4.3,0.22,0.028,3.01
2021-05-10 4:00,15.46,7.9,50.84,18.07,85.41,1.74,3,4.7,0.22,0.022,3.01
2021-05-10 5:00,15.24,7.89,50.94,18.2,83.93,1.72,3,4.83,0.238,0.024,3.01
2021-05-10 6:00,15.28,7.87,50.93,18.18,84.2,1.74,3,4.14,0.26,0.034,3.01
2021-05-10 7:00,15.27,7.88,45.837,18.18,84.13,1.73,3,4.6,0.234,0.025,3.01
2021-05-10 8:00,14.98,7.85,51.06,18.36,82.21,1.71,3,4.45,0.252,0.029,3.03
2021-05-10 9:00,14.73,7.84,51.18,18.52,80.59,1.68,3,4.3,0.252,0.03,3.03
2021-05-10 10:00,14.68,7.83,51.21,18.55,80.27,1.68,3,4.43,0.252,0.025,3.04
2021-05-10 11:00,14.92,7.79,51.09,18.4,81.83,1.74,2,3.99,0.347,0.033,3.03
2021-05-10 12:00,15.02,7.79,51.05,18.34,82.49,1.75,2,4.41,0.249,0.028,3.03
2021-05-10 13:00,14.75,7.82,51.17,18.51,80.72,1.69,3,3.93,0.263,0.028,3.03
2021-05-10 14:00,14.79,7.87,51.16,18.48,80.97,1.67,5,4.26,0.231,0.022,3.03
2021-05-10 15:00,14.93,7.87,51.09,18.4,81.88,1.69,3,4.56,0.271,0.03,3.03
2021-05-10 16:00,14.94,7.87,51.08,18.39,81.95,1.69,4,4.32,0.236,0.028,3.03
2021-05-10 17:00,14.86,7.9,51.12,18.44,81.42,1.66,4,4.65,0.256,0.024,3.03
2021-05-10 18:00,14.83,7.9,53.1856,18.46,81.23,1.66,3,4.65,0.264,0.028,3.03
2021-05-10 19:00,14.84,7.9,51.13,18.45,81.29,1.66,3,4.64,0.271,0.032,3.03
2021-05-10 20:00,14.75,7.89,49.37905,18.51,80.71,1.65,3,3.85,0.253,0.03,3.03
2021-05-10 21:00,14.67,7.87,51.21,18.56,80.2,1.65,3,4.51,0.241,0.028,3.04
2021-05-10 22:00,15.48,7.85,48.21,18.55,80.27,1.67,3,4.12,0.289,0.038,3.04
2021-05-10 23:00,14.68,7.84,51.21,18.55,80.27,1.67,3,4.3,0.29,0.027,3.04
2021-05-11 0:00,16.28,7.84,51.15,18.48,81.04,1.69,3,4.44,0.287,0.031,3.03
2021-05-11 1:00,14.77,7.85,53.16,18.5,80.85,1.68,3,4.01,0.269,0.029,3.03
2021-05-11 2:00,14.83,7.85,51.14,18.46,81.23,1.69,3,4.17,0.282,0.029,3.03
2021-05-11 3:00,14.78,7.86,51.16,18.49,80.91,1.67,4,4.18,0.277,0.03,3.03
2021-05-11 4:00,14.81,7.89,51.15,18.47,81.1,1.66,4,4.59,0.28,0.028,3.03
2021-05-11 5:00,14.82,7.88,51.14,18.46,81.16,1.67,4,4.03,0.285,0.033,3.03
2021-05-11 6:00,14.83,7.88,56.254,18.46,81.23,1.67,3,4.86,0.265,0.026,3.03
2021-05-11 7:00,14.88,7.88,51.11,18.43,81.56,1.67,3,4.18,0.289,0.034,3.03
2021-05-11 8:00,14.97,7.87,45.963,18.37,82.15,1.7,3,4.47,0.27,0.028,3.03
2021-05-11 9:00,13.82,7.84,50.89,18.14,84.68,1.77,3,4.69,0.294,0.029,3.01
2021-05-11 10:00,15.77,7.82,50.7,17.87,87.54,1.84,3,4.44,0.308,0.032,2.99
2021-05-11 11:00,16.12,7.81,50.54,17.67,90.01,1.9,2,4.63,0.308,0.034,2.98
2021-05-11 12:00,16.04,7.83,50.58,17.71,89.44,1.87,3,4.44,0.308,0.036,2.98
2021-05-11 13:00,15.78,7.85,50.69,17.87,87.61,1.82,5,4.49,0.337,0.036,2.99
2021-05-11 14:00,15.61,7.9,49.0027,17.98,86.44,1.77,5,4.36,0.283,0.034,3.0
2021-05-11 15:00,15.41,7.92,50.87,18.1,85.07,1.73,6,4.22,0.315,0.03,3.01
2021-05-11 16:00,15.33,7.92,50.9,18.15,84.53,1.72,5,4.2,0.317,0.031,3.01
2021-05-11 17:00,15.02,7.92,50.93,18.18,84.2,1.71,4,4.19,0.3,0.029,3.01
2021-05-11 18:00,15.27,7.93,50.93,18.18,84.13,1.7,4,3.96,0.261,0.029,3.01
2021-05-11 19:00,15.17,7.91,50.98,18.25,83.46,1.7,3,3.87,0.253,0.032,3.01
2021-05-11 20:00,14.37,7.89,50.98,18.25,83.47,1.71,4,3.97,0.268,0.029,3.01
2021-05-11 21:00,15.11,7.88,51.0,18.28,83.07,1.71,3,3.88,0.244,0.033,3.03
2021-05-11 22:00,15.12,7.87,49.0,18.28,83.14,1.72,3,3.73,0.219,0.032,3.03
2021-05-11 23:00,15.07,7.85,51.02,18.31,82.81,1.72,3,3.84,0.238,0.03,3.03
2021-05-12 0:00,15.03,7.85,51.04,18.33,82.54,1.72,3,4.33,0.24,0.029,3.03
2021-05-12 1:00,15.0,7.83,51.06,18.35,82.35,1.72,4,4.06,0.243,0.03,3.03
2021-05-12 2:00,14.92,7.9,51.09,18.4,81.81,1.67,5,4.31,0.24,0.03,3.03
2021-05-12 3:00,14.9,7.87,51.1,18.41,81.69,1.69,5,4.3,0.219,0.031,3.03
2021-05-12 4:00,14.86,7.9,51.12,18.44,81.42,1.66,5,4.48,0.244,0.031,3.03
2021-05-12 5:00,14.6,7.87,51.12,18.44,81.43,1.68,5,4.52,0.233,0.028,3.03
2021-05-12 6:00,15.09,7.87,51.16,18.48,80.97,1.67,0,4.54,0.237,0.029,3.03
2021-05-12 7:00,14.82,7.89,54.14,18.46,81.16,1.66,4,4.48,0.263,0.0,3.03
2021-05-12 8:00,14.92,7.88,51.09,18.4,81.82,1.68,4,6.41,0.314,0.026,3.03
2021-05-12 9:00,13.56,7.88,51.02,18.31,82.8,1.7,3,5.04,0.335,0.0,3.03
2021-05-12 10:00,15.21,7.87,52.96,18.22,83.73,1.73,4,5.15,0.322,0.035,3.01
2021-05-12 11:00,16.76,7.88,50.94,18.2,83.93,1.73,5,4.69,0.309,0.034,3.01
2021-05-12 12:00,15.31,7.89,50.91,18.16,84.4,1.73,3,4.52,0.339,0.036,3.01
2021-05-12 13:00,15.3,7.91,50.92,18.17,84.33,1.72,7,4.45,0.339,0.035,3.01
2021-05-12 14:00,15.24,7.92,49.1571,18.2,83.93,1.7,7,4.37,0.339,0.035,3.01
2021-05-12 15:00,15.2,7.91,50.96,18.23,83.66,1.7,6,4.78,0.372,0.038,3.01
2021-05-12 16:00,15.05,7.9,51.03,18.32,82.67,1.69,6,4.65,0.334,0.036,3.03
2021-05-12 17:00,15.1,7.9,51.01,18.29,83.0,1.7,5,4.11,0.261,0.035,3.03
2021-05-12 18:00,15.09,7.89,51.01,18.3,82.93,1.7,5,3.98,0.307,0.035,3.03
2021-05-12 19:00,15.0,7.89,51.06,18.35,82.34,1.69,5,4.07,0.362,0.031,3.03
2021-05-12 20:00,14.99,7.88,51.06,18.36,82.28,1.69,6,4.17,0.399,0.031,3.03
2021-05-12 21:00,14.94,7.88,51.08,18.39,81.95,1.68,5,3.69,0.375,0.03,3.03
2021-05-12 22:00,14.95,7.87,51.08,18.38,82.01,1.69,5,3.74,0.454,0.029,3.03
2021-05-12 23:00,14.89,7.87,51.11,18.42,81.62,1.68,5,3.86,0.437,0.027,3.03
2021-05-13 0:00,14.98,7.87,53.1024,18.36,82.21,1.7,4,3.97,0.464,0.029,3.03
2021-05-13 1:00,14.89,7.9,51.11,18.42,81.62,1.67,5,3.77,0.476,0.026,3.03
2021-05-13 2:00,14.94,7.89,51.08,18.39,81.95,1.68,6,4.22,0.459,0.027,3.03
2021-05-13 3:00,14.99,7.89,54.06,18.36,82.27,1.69,6,4.21,0.486,0.024,3.03
2021-05-13 4:00,15.04,7.9,53.04,18.33,82.6,1.69,5,4.42,0.445,0.023,3.03
2021-05-13 5:00,13.58,7.9,51.01,18.3,82.93,1.69,6,4.74,0.43,0.027,3.03
2021-05-13 6:00,15.14,7.89,47.99,18.26,83.27,1.71,5,3.96,0.428,0.023,3.01
2021-05-13 7:00,15.19,7.88,47.97,18.23,83.6,1.72,6,4.58,0.438,0.025,3.01
2021-05-13 8:00,15.24,7.87,50.94,18.2,83.94,1.73,5,4.9,0.435,0.026,3.01
2021-05-13 9:00,15.29,7.87,50.92,18.17,84.27,1.74,4,4.87,0.421,0.028,3.01
2021-05-13 10:00,15.34,7.86,52.936,18.14,84.61,1.75,7,4.85,0.403,0.029,3.01
2021-05-13 11:00,15.34,7.85,47.9,18.14,84.61,1.76,5,4.83,0.428,0.03,3.01
2021-05-13 12:00,15.42,7.87,52.8944,18.09,85.15,1.76,6,4.15,0.373,0.031,3.01
2021-05-13 13:00,15.05,7.9,50.91,18.16,84.4,1.72,5,4.15,0.373,0.031,3.01
2021-05-13 14:00,15.78,7.92,49.0606,18.06,85.55,1.74,5,4.15,0.373,0.031,3.01
2021-05-13 15:00,15.3,7.93,50.92,18.17,84.33,1.7,7,4.15,0.373,0.03,3.01
2021-05-13 16:00,15.3,7.92,50.92,18.17,84.34,1.7,5,3.0,0.373,0.025,3.01
2021-05-13 17:00,15.43,7.94,50.86,18.09,85.2,1.72,6,2.34,0.24,0.027,3.01
2021-05-13 18:00,15.65,7.95,50.76,17.95,86.71,1.74,7,2.89,0.189,0.025,2.99
2021-05-13 19:00,15.56,7.93,50.8,18.01,86.09,1.74,6,2.68,0.169,0.023,3.0
2021-05-13 20:00,15.53,7.92,50.81,18.03,85.89,1.74,6,2.53,0.181,0.024,3.01
2021-05-13 21:00,15.47,7.91,50.84,18.06,85.48,1.74,6,2.64,0.182,0.023,3.01
2021-05-13 22:00,16.32,7.91,50.84,18.1,85.01,1.73,6,2.8,0.189,0.023,3.01
2021-05-13 23:00,15.33,7.91,50.9,18.15,84.53,1.72,6,3.02,0.194,0.025,3.01
2021-05-14 0:00,15.36,7.91,48.89,18.13,84.74,1.73,5,3.25,0.19,0.025,3.01
2021-05-14 1:00,15.35,7.91,45.801,18.14,84.67,1.72,8,2.33,0.18,0.024,3.01
2021-05-14 2:00,14.76,7.91,51.05,18.34,82.47,1.68,8,3.26,0.174,0.0,3.03
2021-05-14 3:00,15.29,7.89,50.92,18.17,84.27,1.73,9,3.36,0.201,0.026,3.01
2021-05-14 4:00,15.3,7.86,53.92,18.17,84.34,1.75,6,3.61,0.198,0.028,3.01
2021-05-14 5:00,15.22,7.88,50.95,18.22,83.8,1.72,8,3.76,0.222,0.028,3.01
2021-05-14 6:00,14.13,7.83,51.09,18.4,81.89,1.71,6,3.7,0.231,0.025,3.03
2021-05-14 7:00,15.55,7.87,45.846,18.2,84.0,1.73,7,3.77,0.219,0.028,3.01
2021-05-14 8:00,15.23,7.85,50.95,18.21,83.87,1.74,6,3.46,0.208,0.028,3.01
2021-05-14 9:00,15.42,7.85,50.86,18.09,85.15,1.77,6,3.71,0.219,0.026,3.01
2021-05-14 10:00,15.6,7.84,47.78,17.98,86.38,1.8,5,3.72,0.223,0.026,3.0
2021-05-14 11:00,15.7,7.84,50.74,17.92,87.07,1.82,6,3.61,0.207,0.025,2.99
2021-05-14 12:00,15.82,7.86,54.68,17.84,87.89,1.82,6,3.33,0.223,0.0,2.99
2021-05-14 13:00,16.83,7.89,50.24,17.26,95.2,1.96,6,3.7,0.214,0.0,2.95
2021-05-14 14:00,15.85,7.91,53.66,17.83,88.09,1.79,7,3.66,0.206,0.0,2.99
2021-05-14 15:00,15.74,7.92,47.72,17.9,87.34,1.77,7,3.98,0.212,0.0,2.99
2021-05-14 16:00,15.64,7.92,50.64,17.8,88.44,1.8,6,3.84,0.212,0.028,2.99
2021-05-14 17:00,16.44,7.97,50.41,17.48,98.3,1.84,6,3.68,0.212,0.027,2.96
2021-05-14 18:00,17.29,7.95,50.46,17.55,94.36,1.84,7,3.97,0.567,0.021,2.97
2021-05-14 19:00,15.94,7.93,53.62,17.77,88.72,1.79,6,3.49,0.397,0.021,2.99
2021-05-14 20:00,15.79,7.92,52.7176,17.86,87.67,1.78,6,3.5,0.462,0.02,2.99
2021-05-14 21:00,15.81,7.9,52.68,17.85,87.81,1.79,7,3.78,0.486,0.021,2.99
2021-05-14 22:00,16.95,7.88,50.87,18.1,85.08,1.75,6,3.61,0.592,0.022,3.01
2021-05-14 23:00,15.51,7.86,50.82,18.04,85.76,1.78,5,3.49,0.569,0.022,3.01
2021-05-15 0:00,15.65,7.88,50.76,17.95,86.72,1.78,6,4.17,0.396,0.024,2.99
2021-05-15 1:00,16.08,7.88,52.56,17.69,89.72,1.85,6,3.76,0.435,0.022,2.98
2021-05-15 2:00,15.58,7.88,52.8216,17.99,86.24,1.77,8,3.74,0.488,0.021,3.0
2021-05-15 3:00,15.69,7.88,50.74,17.93,87.0,1.79,11,4.36,0.465,0.023,2.99
2021-05-15 4:00,15.9,7.87,50.64,17.8,88.45,1.83,7,5.14,0.494,0.021,2.99
2021-05-15 5:00,16.04,7.89,50.58,17.71,89.43,1.83,8,5.04,0.491,0.025,2.98
2021-05-15 6:00,16.24,7.84,50.85,18.08,85.29,1.78,7,4.55,0.605,0.023,3.01
2021-05-15 7:00,15.8,7.86,50.69,17.86,87.75,1.82,6,4.81,0.496,0.024,2.99
2021-05-15 8:00,15.86,7.91,50.66,17.82,88.16,1.8,8,4.43,0.599,0.021,2.99
2021-05-15 9:00,15.86,7.9,50.66,17.82,88.16,1.8,6,4.6,0.541,0.021,2.99
2021-05-15 10:00,15.93,7.9,50.63,17.78,88.65,1.81,10,4.49,0.561,0.023,2.99
2021-05-15 11:00,16.09,7.88,50.56,17.68,89.79,1.85,9,4.54,0.663,0.024,2.98
2021-05-15 12:00,15.89,7.9,50.65,17.8,88.37,1.81,6,4.56,0.62,0.025,2.99
2021-05-15 13:00,16.05,7.88,50.58,17.71,89.5,1.84,5,4.28,0.476,0.024,2.98
2021-05-15 14:00,15.87,7.91,50.65,17.81,88.23,1.8,6,4.49,0.509,0.02,2.99
2021-05-15 15:00,15.76,7.9,50.71,17.89,87.48,1.79,6,4.8,0.532,0.024,2.99
2021-05-15 16:00,15.75,7.92,52.71,17.89,87.41,1.77,6,4.96,0.597,0.025,2.99
2021-05-15 17:00,15.99,7.92,48.829,17.74,89.07,1.81,7,4.51,0.684,0.021,2.98
2021-05-15 18:00,15.83,7.92,50.67,17.84,87.95,1.78,8,4.5,0.684,0.025,2.99
2021-05-15 19:00,16.34,7.91,55.495,17.54,91.58,1.87,5,4.67,0.684,0.021,2.97
2021-05-15 20:00,16.21,7.95,54.39,17.46,92.52,1.86,5,4.48,0.278,0.023,2.96
2021-05-15 21:00,16.67,7.96,50.31,17.35,94.0,1.88,8,4.06,0.152,0.021,2.96
2021-05-15 22:00,16.63,7.98,55.363,17.37,93.69,1.86,10,4.56,0.137,0.018,2.96
2021-05-15 23:00,16.52,7.96,50.37,17.43,92.89,1.86,7,4.92,0.131,0.016,2.96
2021-05-16 0:00,16.5,7.93,50.83,18.04,85.68,1.73,6,4.44,0.154,0.021,3.01
2021-05-16 1:00,17.65,7.92,50.32,17.36,93.85,1.91,5,4.32,0.203,0.022,2.96
2021-05-16 2:00,17.38,7.93,48.58775,17.4,93.33,1.89,8,4.32,0.243,0.02,2.96
2021-05-16 3:00,16.86,7.92,48.23,17.24,95.42,1.94,6,5.1,0.154,0.018,2.95
2021-05-16 4:00,17.12,7.95,50.25,17.26,95.12,1.91,7,4.34,0.156,0.022,2.95
2021-05-16 5:00,16.65,7.95,50.32,17.36,93.85,1.89,6,4.3,0.214,0.018,2.96
2021-05-16 6:00,16.63,7.96,50.33,17.37,93.7,1.88,7,3.75,0.405,0.021,2.96
2021-05-16 7:00,16.72,7.94,50.29,17.32,94.37,1.9,6,4.49,0.385,0.021,2.95
2021-05-16 8:00,16.25,7.91,50.49,17.59,90.93,1.85,6,4.37,0.392,0.023,2.97
2021-05-16 9:00,16.27,7.9,50.48,17.58,91.08,1.86,5,4.16,0.379,0.021,2.97
2021-05-16 10:00,16.47,7.88,52.4056,17.46,92.53,1.91,7,4.12,0.375,0.019,2.96
2021-05-16 11:00,15.13,7.86,50.25,17.27,95.06,1.97,7,4.24,0.322,0.022,2.95
2021-05-16 12:00,17.44,7.93,47.12,17.08,97.56,1.98,6,3.98,0.317,0.02,2.94
2021-05-16 13:00,18.25,7.95,50.08,17.04,98.17,1.98,6,4.37,0.312,0.023,2.94
2021-05-16 14:00,16.95,7.97,50.19,17.17,96.09,1.92,8,4.18,0.237,0.021,2.94
2021-05-16 15:00,17.84,7.91,50.24,17.26,95.2,1.94,7,4.66,0.285,0.021,2.95
2021-05-16 16:00,16.96,7.95,55.209,17.18,96.18,1.93,6,4.56,0.294,0.024,2.94
2021-05-16 17:00,17.01,8.01,50.17,17.15,96.54,1.9,7,4.37,0.264,0.023,2.94
2021-05-16 18:00,16.82,7.99,50.25,17.26,95.11,1.89,6,4.15,0.175,0.021,2.95
2021-05-16 19:00,17.42,7.98,55.275,17.26,95.11,1.89,7,4.31,0.178,0.019,2.95
2021-05-16 20:00,16.88,7.97,47.22,17.23,95.57,1.91,7,4.63,0.178,0.019,2.94
2021-05-16 21:00,16.88,7.98,48.4623,17.23,95.56,1.9,7,4.67,0.178,0.02,2.94
2021-05-16 22:00,17.89,7.99,47.22,17.23,95.56,1.9,7,4.3,0.46,0.018,2.94
2021-05-16 23:00,16.84,7.98,52.24,17.25,95.26,1.9,6,4.71,0.297,0.02,2.95
2021-05-17 0:00,16.81,7.96,50.25,17.27,95.04,1.91,6,4.51,0.314,0.019,2.95
2021-05-17 1:00,16.85,7.95,50.23,17.24,95.34,1.92,6,4.5,0.258,0.022,2.95
2021-05-17 2:00,16.92,7.93,50.21,17.2,95.88,1.94,6,4.4,0.316,0.019,2.94
2021-05-17 3:00,17.49,7.95,50.3,17.34,94.15,1.89,7,4.54,0.316,0.022,2.95
2021-05-17 4:00,16.72,7.94,50.29,17.32,94.37,1.9,6,4.55,0.336,0.021,2.95
2021-05-17 5:00,16.54,7.96,50.36,17.42,93.03,1.86,8,4.57,0.281,0.021,2.96
2021-05-17 6:00,16.55,7.96,54.36,17.42,93.11,1.87,7,4.61,0.206,0.02,2.96
2021-05-17 7:00,16.51,7.98,45.342,17.44,92.81,1.85,7,4.31,0.185,0.02,2.96
2021-05-17 8:00,16.39,7.96,50.43,17.51,91.94,1.84,6,4.28,0.185,0.021,2.97
2021-05-17 9:00,18.06,7.96,50.42,17.49,92.15,1.85,5,4.55,0.227,0.022,2.96
2021-05-17 10:00,16.43,7.95,52.4264,17.49,92.23,1.85,5,4.45,0.292,0.022,2.96
2021-05-17 11:00,16.47,7.94,50.39,17.46,92.52,1.87,5,4.44,0.296,0.024,2.96
2021-05-17 12:00,16.4,7.94,47.42,17.5,92.01,1.86,7,4.74,0.385,0.022,2.97
2021-05-17 13:00,16.43,7.93,48.64565,17.49,82.23,1.87,0,0.0,0.0,0.0,2.96
2021-05-17 14:00,16.46,7.91,50.4,17.47,92.46,1.88,5,4.17,0.38,0.031,2.96
2021-05-17 15:00,16.48,7.92,52.4056,17.46,92.6,1.88,5,4.17,0.38,0.031,2.96
2021-05-17 16:00,16.46,7.92,50.4,17.47,92.45,1.88,6,2.62,0.38,0.031,2.96
2021-05-17 17:00,16.56,7.91,50.36,17.41,93.19,1.9,5,2.68,0.38,0.027,2.96
2021-05-17 18:00,16.16,7.93,50.53,17.64,90.28,1.83,7,3.59,0.341,0.02,2.97
2021-05-17 19:00,16.01,7.9,48.81935,17.73,89.22,1.82,7,3.31,0.292,0.024,2.97
2021-05-17 20:00,16.15,7.91,50.53,17.65,90.21,1.84,5,3.36,0.259,0.025,2.97
2021-05-17 21:00,17.13,7.9,50.53,17.64,90.29,1.85,5,3.01,0.224,0.024,2.97
2021-05-17 22:00,15.9,7.89,50.53,17.64,90.29,1.85,8,4.05,0.246,0.019,2.97
2021-05-17 23:00,16.08,7.9,50.56,17.69,89.71,1.83,7,3.97,0.267,0.023,2.98
2021-05-18 0:00,16.09,7.89,50.56,17.68,89.79,1.84,5,4.12,0.232,0.03,2.98
2021-05-18 1:00,16.16,7.87,50.53,17.64,90.29,1.87,5,3.59,0.293,0.027,2.97
2021-05-18 2:00,16.2,7.87,50.51,17.62,90.58,1.87,6,3.37,0.262,0.028,2.97
2021-05-18 3:00,16.31,7.85,50.46,17.55,91.37,1.9,6,3.01,0.245,0.026,2.97
2021-05-18 4:00,16.15,7.89,50.53,17.65,90.22,1.85,6,3.25,0.2,0.026,2.97
2021-05-18 5:00,17.15,7.87,50.52,17.63,90.43,1.87,11,3.48,0.208,0.023,2.97
2021-05-18 6:00,16.17,7.86,50.52,17.64,90.36,1.87,6,3.35,0.182,0.028,2.97
2021-05-18 7:00,16.28,7.89,50.48,17.57,91.15,1.87,8,3.64,0.264,0.024,2.97
2021-05-18 8:00,16.25,7.9,55.539,17.59,90.93,1.86,9,3.54,0.264,0.028,2.97
2021-05-18 9:00,16.31,7.9,50.46,17.55,91.36,1.87,9,3.41,0.226,0.023,2.97
2021-05-18 10:00,17.95,7.9,50.46,17.55,91.44,1.87,8,3.68,0.239,0.02,2.97
2021-05-18 11:00,17.33,7.88,52.45,17.53,91.66,1.89,8,3.71,0.226,0.026,2.97
2021-05-18 12:00,18.22,7.87,50.36,17.41,93.2,1.93,7,3.86,0.234,0.025,2.96
2021-05-18 13:00,16.77,7.85,50.27,17.29,94.76,1.97,7,4.33,0.342,0.0,2.95
2021-05-18 14:00,16.93,7.84,50.2,17.2,95.97,2.01,7,3.69,0.223,0.028,2.94
2021-05-18 15:00,16.99,7.85,50.18,17.16,96.42,2.01,7,3.92,0.194,0.028,2.94
2021-05-18 16:00,21.25,7.94,49.27,15.91,115.67,2.35,7,3.86,0.173,0.027,2.85
2021-05-18 17:00,16.81,7.9,50.25,17.27,95.05,1.95,7,3.75,0.204,0.028,2.95
2021-05-18 18:00,16.65,7.9,48.5588,17.36,93.86,1.92,8,4.12,0.204,0.026,2.96
2021-05-18 19:00,16.4,7.91,50.42,17.5,92.02,1.88,8,3.91,0.204,0.024,2.97
2021-05-18 20:00,16.19,7.89,50.51,17.63,90.5,1.86,8,3.52,0.382,0.019,2.97
2021-05-18 21:00,16.17,7.89,45.468,17.64,90.36,1.85,7,3.95,0.31,0.023,2.97
2021-05-18 22:00,16.07,7.88,50.57,17.7,89.65,1.85,7,3.31,0.293,0.029,2.98
2021-05-18 23:00,16.06,7.85,50.57,17.7,89.58,1.86,7,3.42,0.308,0.029,2.98
2021-05-19 0:00,16.05,7.82,50.58,17.71,89.51,1.88,7,3.69,0.341,0.025,2.98
2021-05-19 3:00,16.24,7.77,50.49,17.6,90.88,1.94,7,3.37,0.343,0.029,2.97
2021-05-19 4:00,16.11,7.83,48.78075,17.67,89.94,1.88,7,3.29,0.339,0.02,2.98
2021-05-19 5:00,15.86,7.83,47.53,17.64,90.3,1.89,8,3.67,0.371,0.027,2.97
2021-05-19 6:00,16.17,7.84,50.52,17.64,90.37,1.89,7,3.92,0.4,0.026,2.97
2021-05-19 7:00,16.19,7.85,55.561,17.63,90.51,1.88,8,3.7,0.382,0.028,2.97
2021-05-19 8:00,16.14,7.85,50.54,17.65,90.15,1.88,8,3.84,0.4,0.025,2.98
2021-05-19 9:00,16.34,7.83,50.45,17.54,91.59,1.92,6,3.89,0.399,0.025,2.97
2021-05-19 10:00,16.4,7.84,50.42,17.5,92.03,1.92,7,3.88,0.356,0.028,2.97
2021-05-19 11:00,16.56,7.83,50.36,17.41,93.2,1.95,7,3.97,0.361,0.028,2.96
2021-05-19 12:00,16.93,7.79,50.33,17.37,93.73,1.99,5,3.47,0.41,0.029,2.96
2021-05-19 13:00,16.87,7.8,52.23,17.23,95.52,2.02,7,3.78,0.402,0.028,2.94
2021-05-19 14:00,17.7,7.79,49.91,16.79,102.04,2.17,7,3.76,0.417,0.034,2.92
2021-05-19 15:00,18.35,7.89,44.694,16.44,107.35,2.21,6,3.61,0.393,0.029,2.89
2021-05-19 16:00,18.3,7.91,49.58,16.33,109.12,2.24,5,3.32,0.392,0.027,2.88
2021-05-19 17:00,18.38,7.9,50.03,16.97,99.11,2.03,6,3.73,0.347,0.028,2.92
2021-05-19 18:00,16.66,7.84,48.54915,17.35,93.94,1.96,7,3.52,0.356,0.028,2.96
2021-05-19 19:00,18.12,7.87,52.4056,17.46,92.54,1.91,7,3.46,0.37,0.031,2.96
2021-05-19 20:00,16.2,7.85,50.51,17.62,90.58,1.88,7,3.38,0.37,0.028,2.97
2021-05-19 21:00,16.14,7.83,50.54,17.65,90.15,1.89,8,3.21,0.37,0.028,2.98
2021-05-19 22:00,16.89,7.84,52.5824,17.68,89.8,1.87,8,3.31,0.402,0.028,2.98
2021-05-19 23:00,16.02,7.86,50.59,17.73,89.29,1.85,7,2.93,0.307,0.022,2.98
2021-05-20 0:00,16.07,7.85,50.57,17.7,89.65,1.87,7,3.5,0.269,0.027,2.98
2021-05-20 1:00,16.15,7.84,50.53,17.65,90.22,1.88,6,3.45,0.271,0.027,2.97
2021-05-20 2:00,16.11,7.82,52.572,17.67,89.94,1.89,6,3.22,0.281,0.031,2.98
2021-05-20 3:00,16.38,7.83,50.56,17.69,89.73,1.88,7,3.48,0.267,0.028,2.98
2021-05-20 4:00,16.16,7.79,50.53,17.64,90.3,1.92,7,3.45,0.264,0.03,2.97
2021-05-20 5:00,16.19,7.78,47.51,17.63,90.52,1.93,8,3.26,0.273,0.025,2.97
2021-05-20 6:00,16.31,7.79,50.46,17.55,91.38,1.94,8,3.6,0.263,0.03,2.97
2021-05-20 7:00,16.28,7.84,50.48,17.57,91.16,1.9,9,3.29,0.23,0.024,2.97
2021-05-20 8:00,16.02,7.86,50.59,17.73,89.29,1.85,8,3.77,0.244,0.02,2.98
2021-05-20 9:00,15.79,7.84,48.58,17.71,89.51,1.87,7,4.0,0.27,0.026,2.98
2021-05-20 10:00,16.05,7.85,50.58,17.71,89.51,1.86,7,3.68,0.31,0.028,2.98
2021-05-20 11:00,16.05,7.86,53.58,17.71,89.51,1.86,7,3.64,0.259,0.028,2.98
2021-05-20 12:00,16.21,7.85,50.51,17.61,90.65,1.89,5,3.46,0.276,0.027,2.97
2021-05-20 13:00,16.09,7.87,55.616,17.68,89.79,1.85,6,3.43,0.271,0.026,2.98
2021-05-20 14:00,16.03,7.87,50.58,17.72,89.36,1.85,6,3.68,0.25,0.028,2.98
2021-05-20 15:00,16.05,7.86,50.58,17.71,89.51,1.86,6,3.68,0.261,0.027,2.98
2021-05-20 16:00,16.0,7.83,48.829,17.74,89.16,1.87,7,3.17,0.309,0.03,2.98
2021-05-20 17:00,15.91,7.82,52.6656,17.79,88.52,1.86,7,3.7,0.295,0.03,2.99
2021-05-20 18:00,15.6,7.83,50.66,17.82,88.17,1.85,7,3.92,0.289,0.027,2.99
2021-05-20 19:00,15.91,7.82,53.64,17.79,88.52,1.86,6,3.86,0.304,0.03,2.99
2021-05-20 20:00,15.84,7.83,50.67,17.83,88.03,1.84,7,3.22,0.289,0.03,2.99
2021-05-20 21:00,15.82,7.83,47.68,17.84,87.89,1.84,7,3.66,0.276,0.026,2.99
2021-05-20 22:00,16.84,7.82,50.65,17.8,88.38,1.86,6,3.47,0.276,0.029,2.99
2021-05-20 23:00,16.14,7.82,50.67,17.83,88.03,1.85,7,2.57,0.276,0.033,2.99
2021-05-21 0:00,15.82,7.81,54.68,17.84,87.89,1.85,7,3.19,0.357,0.029,2.99
2021-05-21 1:00,15.89,7.78,50.65,17.8,88.39,1.88,6,2.81,0.253,0.027,2.99
2021-05-21 2:00,15.93,7.74,50.63,17.78,88.68,1.92,5,2.22,0.249,0.031,2.99
2021-05-21 3:00,15.89,7.76,50.65,17.8,88.39,1.9,6,2.59,0.224,0.03,2.99
2021-05-21 4:00,15.86,7.73,52.6864,17.82,88.19,1.91,5,2.92,0.222,0.027,2.99
2021-05-21 5:00,15.79,7.71,50.69,17.86,87.7,1.91,5,3.21,0.236,0.031,2.99
2021-05-21 6:00,15.82,7.72,50.68,17.84,87.91,1.91,5,2.92,0.235,0.031,2.99
2021-05-21 7:00,15.0,7.75,50.68,17.86,87.76,1.89,6,2.9,0.237,0.029,2.99
2021-05-21 8:00,15.79,7.77,50.69,17.86,87.69,1.88,6,3.44,0.245,0.033,2.99
2021-05-21 9:00,15.72,7.79,50.73,17.91,87.22,1.85,6,3.66,0.219,0.026,2.99
2021-05-21 10:00,15.68,7.79,50.75,17.93,86.94,1.85,7,3.5,0.238,0.0,2.99
2021-05-21 11:00,15.8,7.78,50.68,17.86,87.76,1.87,5,3.32,0.201,0.033,2.99
2021-05-21 12:00,15.75,7.79,50.71,17.89,87.43,1.86,7,3.71,0.201,0.028,2.99
2021-05-21 13:00,15.79,7.79,48.69,17.86,87.69,1.86,5,3.83,0.206,0.028,2.99
2021-05-21 14:00,15.82,7.79,48.9062,17.84,87.9,1.87,6,3.54,0.211,0.03,2.99
2021-05-21 15:00,15.92,7.78,50.63,17.78,88.6,1.89,5,2.89,0.203,0.034,2.99
2021-05-21 16:00,15.96,7.76,50.61,17.76,88.89,1.91,5,3.49,0.208,0.028,2.99
2021-05-21 17:00,15.9,7.79,50.64,17.8,88.46,1.88,6,3.59,0.206,0.029,2.99
2021-05-21 18:00,15.91,7.79,48.64,17.79,88.53,1.88,6,4.02,0.234,0.031,2.99
2021-05-21 19:00,17.89,7.8,54.61,17.76,88.88,1.88,6,4.08,0.234,0.031,2.99
2021-05-21 20:00,15.87,7.81,50.65,17.81,88.24,1.86,6,3.85,0.275,0.032,2.99
2021-05-21 21:00,15.86,7.8,48.8869,17.82,88.18,1.87,5,3.16,0.239,0.035,2.99
2021-05-21 22:00,15.85,7.81,50.66,17.83,88.1,1.86,5,3.44,0.203,0.026,2.99
2021-05-21 23:00,15.85,7.83,50.66,17.83,88.1,1.85,6,3.32,0.219,0.035,2.99
2021-05-22 0:00,15.86,7.82,50.66,17.82,88.17,1.85,5,3.66,0.219,0.031,2.99
2021-05-22 1:00,15.88,7.84,50.65,17.81,88.31,1.84,5,3.29,0.219,0.031,2.99
2021-05-22 2:00,15.12,7.85,50.63,17.78,88.59,1.84,5,2.84,0.342,0.028,2.99
2021-05-22 3:00,15.9,7.85,50.64,17.8,88.45,1.84,5,3.19,0.246,0.029,2.99
2021-05-22 4:00,15.8,7.84,52.7176,17.86,87.75,1.83,5,3.13,0.25,0.032,2.99
2021-05-22 5:00,15.77,7.83,50.7,17.87,87.54,1.83,5,3.29,0.244,0.023,2.99
2021-05-22 6:00,15.8,7.81,50.68,17.86,87.76,1.85,5,3.45,0.247,0.032,2.99
2021-05-22 7:00,15.85,7.81,53.66,17.83,88.1,1.86,4,3.3,0.253,0.033,2.99
2021-05-22 8:00,15.98,7.78,50.61,17.75,89.02,1.9,4,3.68,0.257,0.026,2.98
2021-05-22 9:00,15.82,7.79,50.56,17.69,89.73,1.91,4,3.79,0.259,0.027,2.98
2021-05-22 10:00,16.25,7.77,45.441,17.59,90.95,1.95,4,3.16,0.276,0.026,2.97
2021-05-22 11:00,16.34,7.8,50.45,17.54,91.6,1.94,4,4.12,0.289,0.026,2.97
2021-05-22 12:00,16.43,7.84,48.41,17.48,92.25,1.93,4,3.91,0.265,0.029,2.96
2021-05-22 13:00,16.58,7.86,50.35,17.4,93.35,1.94,4,4.15,0.265,0.027,2.96
2021-05-22 14:00,16.69,7.85,54.3,17.34,94.17,1.96,4,3.77,0.266,0.028,2.95
2021-05-22 15:00,16.89,7.83,50.22,17.22,95.67,2.01,4,4.01,0.253,0.029,2.94
2021-05-22 16:00,17.19,7.81,47.09,17.05,97.96,2.07,4,3.3,0.262,0.029,2.94
2021-05-22 17:00,17.63,7.81,49.94,16.83,101.48,2.15,4,3.44,0.261,0.028,2.92
2021-05-22 18:00,17.71,7.83,54.901,16.78,102.11,2.15,4,3.2,0.263,0.03,2.92
2021-05-22 19:00,18.98,7.85,49.73,16.53,105.94,2.21,5,3.16,0.244,0.03,2.9
2021-05-22 20:00,17.35,7.9,50.03,16.96,99.19,2.03,5,3.28,0.268,0.029,2.92
2021-05-22 21:00,17.96,7.85,52.81,16.65,104.13,2.17,4,3.3,0.293,0.026,2.9
2021-05-22 22:00,17.95,7.9,49.82,16.65,104.04,2.14,5,3.02,0.263,0.033,2.9
2021-05-22 23:00,17.87,7.91,49.85,16.7,103.38,2.11,5,3.42,0.27,0.03,2.9
2021-05-23 0:00,17.43,7.91,50.0,16.91,99.81,2.04,5,3.77,0.248,0.022,2.92
2021-05-23 1:00,17.05,7.91,50.05,16.99,98.87,2.02,5,3.8,0.319,0.032,2.93
2021-05-23 2:00,15.55,7.9,50.06,17.0,98.64,2.02,4,3.45,0.319,0.03,2.93
2021-05-23 3:00,16.99,7.9,48.4237,17.16,96.41,1.97,5,3.69,0.319,0.03,2.94
2021-05-23 4:00,16.64,7.9,50.32,17.36,93.78,1.92,4,3.2,0.348,0.028,2.96
2021-05-23 5:00,16.43,7.9,52.4264,17.49,92.24,1.89,4,3.05,0.337,0.023,2.96
2021-05-23 7:00,18.04,7.85,50.42,17.5,92.03,1.92,4,3.32,0.244,0.026,2.97
2021-05-23 8:00,17.37,7.83,50.35,17.4,93.28,1.95,4,3.75,0.28,0.023,2.96
2021-05-23 9:00,16.53,7.8,52.26,17.28,94.92,2.01,4,3.81,0.301,0.025,2.95
2021-05-23 10:00,16.8,7.86,50.26,17.27,94.99,1.97,4,4.01,0.275,0.026,2.95
2021-05-23 11:00,16.89,7.9,50.22,17.22,95.66,1.96,5,3.84,0.278,0.028,2.94
2021-05-23 12:00,17.22,7.89,50.08,17.04,98.18,2.02,5,4.16,0.275,0.026,2.94
2021-05-23 13:00,20.2,7.93,52.0416,16.98,98.95,2.01,4,4.33,0.274,0.028,2.93
2021-05-23 14:00,17.72,7.95,50.0,16.92,99.73,2.01,4,3.67,0.258,0.024,2.92
2021-05-23 15:00,17.36,7.95,50.03,16.96,99.26,2.0,4,3.93,0.245,0.024,2.92
2021-05-23 16:00,17.32,7.94,50.04,16.98,98.95,2.0,4,3.54,0.238,0.024,2.93
2021-05-23 17:00,17.32,7.91,50.04,16.98,98.95,2.02,4,3.38,0.247,0.025,2.93
2021-05-23 18:00,17.16,7.89,48.11,17.07,97.72,2.01,4,3.15,0.291,0.025,2.94
2021-05-23 19:00,17.01,7.85,50.17,17.15,96.58,2.01,4,3.28,0.283,0.026,2.94
2021-05-23 20:00,17.05,7.81,52.156,17.13,96.89,2.05,4,3.09,0.293,0.027,2.94
2021-05-23 21:00,17.1,7.8,50.13,17.1,97.27,2.06,4,2.96,0.288,0.027,2.94
2021-05-23 22:00,17.21,7.81,50.09,17.04,98.12,2.07,4,3.34,0.273,0.026,2.94
2021-05-23 23:00,17.19,7.8,50.09,17.05,97.96,2.08,2,3.52,0.246,0.027,2.94
2021-05-24 0:00,17.95,7.82,50.2,17.2,95.97,2.02,2,3.11,0.286,0.031,2.94
2021-05-24 1:00,16.94,7.85,50.2,17.19,96.04,2.0,3,3.56,0.246,0.024,2.94
2021-05-24 2:00,17.05,7.84,50.15,17.13,96.88,2.03,2,3.37,0.303,0.026,2.94
2021-05-24 3:00,16.99,7.84,50.18,17.16,96.42,2.02,3,3.57,0.294,0.03,2.94
2021-05-24 4:00,16.99,7.84,50.18,17.16,96.42,2.02,2,3.27,0.294,0.026,2.94
2021-05-24 5:00,16.94,7.82,55.22,17.19,96.05,2.02,2,3.34,0.294,0.025,2.94
2021-05-24 6:00,16.95,7.83,50.19,17.19,96.14,2.02,2,3.37,0.441,0.029,2.94
2021-05-24 7:00,16.85,7.81,50.23,17.24,95.37,2.01,2,3.07,0.302,0.029,2.95
2021-05-24 8:00,16.94,7.77,48.2,17.19,96.06,2.06,2,2.94,0.317,0.024,2.94
2021-05-24 9:00,17.06,7.75,47.15,17.12,96.97,2.09,2,3.33,0.33,0.027,2.94
2021-05-24 10:00,17.6,7.76,49.95,16.84,101.25,2.18,2,3.63,0.319,0.026,2.92
2021-05-24 11:00,18.52,7.78,49.71,16.51,106.28,2.27,3,3.61,0.325,0.028,2.9
2021-05-24 12:00,17.82,7.83,49.87,16.72,103.0,2.16,3,3.55,0.343,0.029,2.92
2021-05-24 13:00,17.63,7.85,49.94,16.83,101.47,2.12,5,3.57,0.354,0.026,2.92
2021-05-24 14:00,18.56,7.84,49.89,16.76,102.51,2.15,2,4.13,0.366,0.029,2.92
2021-05-24 15:00,17.89,7.86,49.84,16.68,103.56,2.15,2,4.11,0.324,0.025,2.9
2021-05-24 16:00,17.84,7.84,49.76,16.57,105.28,2.21,2,4.4,0.334,0.028,2.9
2021-05-24 17:00,18.1,7.87,49.76,16.57,105.27,2.18,2,3.41,0.351,0.028,2.9
2021-05-24 18:00,17.88,7.86,47.84,16.69,103.48,2.15,2,3.27,0.346,0.027,2.9
2021-05-24 19:00,15.73,7.85,47.97,16.89,100.2,2.09,2,3.67,0.347,0.027,2.92
2021-05-24 20:00,17.34,7.84,50.03,16.97,99.12,2.07,2,3.22,0.331,0.025,2.92
2021-05-24 21:00,17.77,7.79,49.97,16.89,100.13,2.13,2,3.15,0.387,0.03,2.92
2021-05-24 22:00,17.37,7.78,55.011,16.95,99.34,2.12,3,2.92,0.329,0.031,2.92
2021-05-24 23:00,17.24,7.81,52.0728,17.02,98.35,2.08,4,3.63,0.316,0.026,2.93
2021-05-25 0:00,18.53,7.8,51.9688,16.88,100.2,2.12,2,3.15,0.335,0.024,2.92
2021-05-25 1:00,17.57,7.83,44.973,16.86,101.0,2.12,2,3.68,0.342,0.026,2.92
2021-05-25 2:00,17.37,7.85,48.25965,16.95,99.33,2.07,3,3.84,0.354,0.024,2.92
2021-05-25 3:00,17.57,7.84,49.97,16.86,100.99,2.11,2,3.22,0.344,0.029,2.92
2021-05-25 4:00,17.9,7.86,49.95,16.84,101.23,2.11,2,3.93,0.317,0.025,2.92
2021-05-25 5:00,17.34,7.87,50.03,16.97,99.12,2.05,2,3.66,0.346,0.025,2.92
2021-05-25 6:00,15.38,7.86,48.3851,17.11,97.18,2.02,2,3.3,0.346,0.03,2.94
2021-05-25 7:00,16.47,7.89,52.0728,17.01,98.49,2.02,2,3.34,0.346,0.029,2.93
2021-05-25 8:00,18.01,7.87,50.01,16.93,99.66,2.06,2,3.15,0.399,0.03,2.92
2021-05-25 9:00,17.59,7.84,46.96,16.85,101.15,2.12,2,3.01,0.313,0.027,2.92
2021-05-25 10:00,17.79,7.82,49.88,16.74,102.76,2.17,2,3.3,0.278,0.02,2.92
2021-05-25 11:00,17.2,7.82,51.792,16.62,104.46,2.2,1,3.49,0.333,0.024,2.9
2021-05-25 12:00,17.88,7.87,44.856,16.69,103.47,2.15,4,3.78,0.343,0.024,2.9
2021-05-25 13:00,18.78,7.87,49.91,16.78,102.18,2.12,6,4.26,0.33,0.026,2.92
2021-05-25 14:00,17.63,7.84,46.94,16.83,101.49,2.12,6,4.84,0.363,0.027,2.92
2021-05-25 15:00,17.96,7.83,49.93,16.81,101.91,2.14,6,4.15,0.36,0.025,2.92
2021-05-25 16:00,17.82,7.82,49.87,16.72,103.0,2.17,3,4.17,0.365,0.031,2.92
2021-05-25 17:00,18.31,7.83,51.7816,16.62,104.54,2.2,2,4.93,0.37,0.027,2.9
2021-05-25 18:00,18.12,7.84,49.75,16.56,105.44,2.21,2,5.34,0.33,0.039,2.9
2021-05-25 19:00,17.65,7.85,49.93,16.82,101.63,2.12,3,3.76,0.342,0.031,2.92
2021-05-25 20:00,17.36,7.84,50.03,16.96,99.28,2.08,3,4.47,0.371,0.034,2.92
2021-05-25 21:00,18.45,7.81,45.009,16.93,99.67,2.11,3,3.82,0.363,0.035,2.92
2021-05-25 22:00,15.63,7.79,50.01,16.95,99.34,2.11,4,3.72,0.359,0.034,2.92
2021-05-25 23:00,17.3,7.78,50.05,16.99,98.82,2.11,4,5.05,0.394,0.029,2.93
2021-05-26 0:00,17.42,7.77,47.0,16.92,99.76,2.14,2,3.61,0.414,0.037,2.92
2021-05-26 1:00,17.72,7.8,48.25,16.92,99.75,2.12,4,4.09,0.386,0.036,2.92
2021-05-26 2:00,17.41,7.85,50.01,16.93,99.67,2.08,3,4.23,0.347,0.029,2.92
2021-05-26 3:00,17.4,7.87,52.0104,16.94,99.58,2.06,3,3.97,0.316,0.027,2.92
2021-05-26 4:00,19.2,7.88,49.98,16.9,99.95,2.06,2,4.05,0.373,0.033,2.92
2021-05-26 5:00,17.45,7.89,49.98,16.9,99.95,2.05,3,4.03,0.322,0.029,2.92
2021-05-26 6:00,17.18,7.88,52.98,16.91,99.87,2.06,3,3.74,0.303,0.032,2.92
2021-05-26 7:00,17.44,7.87,49.98,16.91,99.88,2.07,2,3.69,0.329,0.024,2.92
2021-05-26 8:00,17.58,7.84,49.96,16.85,101.07,2.12,2,3.48,0.329,0.025,2.92
2021-05-26 9:00,18.07,7.82,54.879,16.75,102.6,2.16,2,4.03,0.329,0.03,2.92
2021-05-26 10:00,17.98,7.78,49.8,16.64,104.3,2.23,2,3.52,0.284,0.038,2.9
2021-05-26 11:00,18.46,7.79,49.62,16.38,108.29,2.31,2,4.52,0.377,0.029,2.88
2021-05-26 12:00,18.31,7.8,49.56,16.3,109.56,2.33,2,4.27,0.373,0.028,2.88
2021-05-26 13:00,18.17,7.87,49.73,16.53,105.85,2.2,3,3.84,0.371,0.029,2.9
2021-05-26 14:00,18.02,7.89,49.79,16.61,104.61,2.15,2,3.61,0.342,0.026,2.9
2021-05-26 15:00,17.79,7.89,49.88,16.74,102.74,2.12,4,4.19,0.352,0.027,2.92
2021-05-26 16:00,17.94,7.86,46.82,16.66,103.96,2.16,2,4.45,0.342,0.026,2.9
2021-05-26 17:00,17.93,7.89,49.82,16.66,103.88,2.14,3,4.44,0.369,0.029,2.9
2021-05-26 18:00,17.88,7.87,54.824,16.69,103.47,2.15,3,4.89,0.365,0.026,2.9
2021-05-26 19:00,17.73,7.83,47.9,16.77,102.27,2.15,3,3.56,0.387,0.026,2.92
2021-05-26 20:00,19.46,7.77,49.92,16.79,101.96,2.19,2,4.61,0.391,0.031,2.92
2021-05-26 21:00,17.82,7.71,49.87,16.72,103.02,2.26,12,3.81,0.427,0.034,2.92
2021-05-26 22:00,17.78,7.67,54.758,16.6,104.81,2.33,8,13.55,1.88,0.111,2.9
2021-05-26 23:00,17.76,7.65,49.89,16.76,102.54,2.29,7,12.26,0.695,0.092,2.92
2021-05-27 0:00,17.89,7.52,52.84,16.68,103.61,2.42,6,12.2,1.717,0.088,2.9
2021-05-27 1:00,17.45,7.72,49.98,16.9,99.98,2.18,5,12.51,1.707,0.088,2.92
2021-05-27 2:00,17.41,7.84,48.25965,16.93,99.67,2.08,4,4.3,1.004,0.049,2.92
2021-05-27 3:00,16.57,7.82,50.01,16.95,99.34,2.09,4,3.79,0.959,0.039,2.92
2021-05-27 4:00,17.39,7.84,50.01,16.94,99.51,2.08,4,3.76,0.438,0.044,2.92
2021-05-27 5:00,17.37,7.86,50.01,16.95,99.33,2.06,4,4.3,0.393,0.046,2.92
2021-05-27 6:00,17.59,7.85,48.05,17.0,98.73,2.06,3,4.58,0.351,0.037,2.93
2021-05-27 7:00,17.01,7.84,48.41405,17.15,96.58,2.02,4,4.36,0.36,0.036,2.94
2021-05-27 8:00,17.98,7.81,50.19,17.18,96.2,2.03,3,4.56,0.422,0.04,2.94
2021-05-27 9:00,16.99,7.79,50.18,17.16,96.43,2.05,2,3.45,0.389,0.042,2.94
2021-05-27 10:00,17.1,7.76,48.37545,71.1,97.28,2.09,2,3.4,0.389,0.036,2.94
2021-05-27 11:00,17.25,7.74,50.19,17.19,96.14,2.08,2,3.53,0.389,0.035,2.94
2021-05-27 12:00,17.5,7.72,49.96,16.87,100.38,2.19,2,4.12,0.584,0.04,2.92
2021-05-27 13:00,17.81,7.73,51.87,16.73,102.93,2.24,3,4.16,0.5,0.037,2.92
2021-05-27 14:00,17.56,7.76,49.97,16.87,100.93,2.17,4,3.99,0.436,0.036,2.92
2021-05-27 15:00,18.06,7.78,49.89,16.76,102.52,2.19,4,5.31,0.444,0.034,2.92
2021-05-27 16:00,17.52,7.83,48.20175,16.86,100.51,2.11,4,5.06,0.423,0.034,2.92
2021-05-27 17:00,18.21,7.83,52.0104,16.93,99.67,2.09,4,4.52,0.408,0.034,2.92
2021-05-27 18:00,18.19,7.81,45.009,16.94,99.52,2.1,3,4.24,0.406,0.031,2.92
2021-05-27 19:00,17.29,7.81,50.05,17.0,98.74,2.09,3,3.91,0.424,0.04,2.93
2021-05-27 20:00,17.13,7.79,50.12,17.09,97.5,2.07,3,4.0,0.414,0.039,2.94
2021-05-27 21:00,17.35,7.85,50.03,16.96,99.2,2.07,3,3.69,0.394,0.033,2.92
2021-05-27 22:00,17.85,7.95,49.97,16.87,100.81,2.03,6,13.18,1.518,0.068,2.92
2021-05-27 23:00,17.58,7.99,54.956,16.85,101.04,2.01,7,12.68,1.841,0.077,2.92
2021-05-28 0:00,17.34,7.93,50.03,16.97,99.1,2.01,6,13.22,1.885,0.077,2.92
2021-05-28 1:00,17.13,7.68,52.1248,17.09,97.52,2.15,7,12.67,1.811,0.068,2.94
2021-05-28 2:00,17.01,7.73,50.17,17.15,96.59,2.1,6,12.58,1.382,0.075,2.94
2021-05-28 3:00,17.04,7.81,50.16,17.14,96.81,2.04,5,4.2,1.082,0.037,2.94
2021-05-28 4:00,16.9,7.77,50.11,17.07,97.74,2.09,4,4.66,1.067,0.039,2.94
2021-05-28 5:00,17.13,7.83,50.12,17.09,97.5,2.05,4,4.57,0.582,0.04,2.94
2021-05-28 6:00,17.46,7.84,50.23,17.24,95.44,1.99,5,4.15,0.456,0.033,2.95
2021-05-28 7:00,16.75,7.86,50.28,17.3,94.61,1.96,4,4.86,0.426,0.037,2.95
2021-05-28 8:00,16.83,7.84,50.26,17.27,94.99,1.98,3,4.47,0.365,0.034,2.95
2021-05-28 9:00,16.72,7.83,50.29,17.32,94.39,1.98,3,3.95,0.408,0.037,2.95
2021-05-28 10:00,16.4,7.79,55.462,17.5,92.04,1.96,3,4.62,0.394,0.031,2.97
2021-05-28 11:00,16.49,7.77,50.39,17.45,92.7,1.98,2,4.22,0.401,0.038,2.96
2021-05-28 12:00,16.81,7.75,48.25,17.27,95.08,2.05,3,3.56,0.401,0.038,2.95
2021-05-28 13:00,17.77,7.74,49.89,16.75,102.61,2.22,2,4.33,0.401,0.034,2.92
2021-05-28 14:00,18.08,7.73,49.76,16.58,105.13,2.29,2,4.61,0.502,0.038,2.9
2021-05-28 15:00,18.01,7.74,49.79,16.62,104.56,2.27,2,4.61,0.502,0.038,2.9
2021-05-28 16:00,17.92,7.77,51.8232,16.67,103.82,2.23,4,4.61,0.502,0.032,2.9
2021-05-28 17:00,17.74,7.83,49.9,16.77,102.35,2.15,3,3.46,0.487,0.032,2.92
2021-05-28 18:00,17.54,7.82,49.94,16.85,100.67,2.12,3,3.0,0.314,0.034,2.92
2021-05-28 19:00,17.25,7.81,50.07,17.02,98.43,2.08,3,3.3,0.232,0.032,2.93
2021-05-28 20:00,17.2,7.78,50.09,17.05,98.04,2.09,3,3.2,0.227,0.037,2.94
2021-05-28 21:00,17.6,7.83,50.05,16.99,98.81,2.07,2,3.18,0.259,0.037,2.93
2021-05-28 22:00,17.71,8.08,46.91,16.78,102.05,1.97,7,3.36,0.252,0.028,2.92
2021-05-28 23:00,18.51,8.09,49.98,16.9,99.98,1.92,8,12.62,1.461,0.084,2.92
2021-05-29 0:00,17.4,8.02,50.01,16.94,99.55,1.96,8,12.42,0.952,0.076,2.92
2021-05-29 1:00,17.36,7.95,48.27895,16.96,99.26,2.0,8,12.81,1.709,0.062,2.92
2021-05-29 2:00,16.94,7.7,50.09,17.05,98.06,2.15,8,12.97,1.851,0.07,2.94
2021-05-29 3:00,16.99,7.77,50.18,17.16,96.44,2.07,5,12.78,1.803,0.08,2.94
2021-05-29 4:00,18.06,7.79,50.16,17.14,96.81,2.06,5,3.76,0.648,0.044,2.94
2021-05-29 5:00,17.04,7.77,50.16,17.14,96.82,2.07,4,4.72,0.299,0.031,2.94
2021-05-29 6:00,17.05,7.76,50.15,17.13,96.89,2.08,4,3.81,0.244,0.042,2.94
2021-05-29 7:00,16.28,7.78,50.14,17.11,97.12,2.07,3,3.94,0.255,0.033,2.94
2021-05-29 8:00,17.4,7.79,50.13,17.1,97.27,2.07,3,4.27,0.262,0.031,2.94
2021-05-29 9:00,16.5,7.75,50.05,16.99,98.82,2.13,3,4.89,0.261,0.032,2.93
2021-05-29 10:00,17.74,7.72,49.9,16.77,102.37,2.23,3,4.8,0.259,0.036,2.92
2021-05-29 11:00,18.39,7.69,47.9026,16.42,107.72,2.38,2,4.66,0.268,0.035,2.89
2021-05-29 12:00,18.99,7.71,47.42,16.1,112.87,2.48,2,4.98,0.266,0.038,2.87
2021-05-29 13:00,19.24,7.69,52.33,15.98,115.09,2.55,2,5.03,0.283,0.039,2.86
2021-05-29 14:00,21.1,7.68,51.324,16.01,114.56,2.55,2,4.67,0.302,0.041,2.86
2021-05-29 15:00,19.7,7.84,49.13,15.73,119.16,2.51,3,4.81,0.301,0.04,2.84
2021-05-29 16:00,18.24,7.82,49.6,16.36,108.63,2.3,4,6.07,0.334,0.035,2.88
2021-05-29 17:00,18.7,7.79,49.83,16.68,103.65,2.21,4,5.11,0.334,0.037,2.9
2021-05-29 18:00,17.67,7.79,49.93,16.8,101.8,2.17,3,4.97,0.334,0.035,2.92
2021-05-29 19:00,17.57,7.78,49.97,16.86,101.0,2.16,3,5.0,0.367,0.035,2.92
2021-05-29 20:00,17.47,7.77,49.97,16.89,100.13,2.14,3,5.25,0.288,0.033,2.92
2021-05-29 21:00,17.51,7.74,49.96,16.87,100.45,2.17,3,4.96,0.273,0.036,2.92
2021-05-29 22:00,17.46,7.7,49.98,16.9,100.06,2.2,2,4.5,0.292,0.041,2.92
2021-05-29 23:00,18.36,7.69,50.04,16.98,98.99,2.18,2,4.66,0.288,0.038,2.93
2021-05-30 0:00,17.2,7.68,50.09,17.05,98.06,2.17,2,4.83,0.3,0.036,2.94
2021-05-30 1:00,17.14,7.67,45.108,17.08,97.6,2.16,2,4.19,0.319,0.042,2.94
2021-05-30 2:00,17.95,7.65,52.1144,17.07,97.68,2.18,2,4.33,0.29,0.039,2.94
2021-05-30 3:00,17.15,7.68,50.11,17.07,97.67,2.16,3,4.31,0.313,0.032,2.94
2021-05-30 4:00,16.26,7.73,52.156,17.12,96.98,2.11,4,4.39,0.304,0.042,2.94
2021-05-30 5:00,17.12,7.75,50.12,17.09,97.43,2.1,3,4.25,0.293,0.041,2.94
2021-05-30 6:00,17.38,7.77,50.14,17.11,97.12,2.08,4,4.43,0.275,0.034,2.94
2021-05-30 7:00,17.17,7.76,48.1,17.06,97.82,2.1,3,4.29,0.278,0.038,2.94
2021-05-30 8:00,17.29,7.76,48.29825,17.0,98.75,2.12,3,4.58,0.28,0.041,2.93
2021-05-30 9:00,15.78,7.75,49.95,16.86,100.61,2.17,3,4.93,0.283,0.034,2.92
2021-05-30 10:00,18.18,7.75,49.72,16.53,105.96,2.29,3,4.8,0.28,0.034,2.9
2021-05-30 11:00,18.44,7.74,49.62,16.39,108.13,2.35,2,4.85,0.301,0.034,2.88
2021-05-30 12:00,18.73,7.72,49.51,16.24,110.61,2.42,2,4.88,0.301,0.037,2.88
2021-05-30 13:00,19.18,7.7,49.35,16.01,114.56,2.53,2,5.09,0.305,0.038,2.86
2021-05-30 14:00,19.55,7.71,52.18,15.8,117.8,2.59,2,5.32,0.311,0.036,2.85
2021-05-30 15:00,19.34,7.7,51.26,15.9,115.9,2.56,2,5.16,0.304,0.038,2.85
2021-05-30 16:00,18.62,7.73,49.56,16.29,109.66,2.39,3,5.0,0.298,0.039,2.88
2021-05-30 17:00,18.02,7.76,48.04735,16.61,104.64,2.25,3,4.87,0.291,0.038,2.9
2021-05-30 18:00,17.95,7.78,51.8024,16.65,104.06,2.22,2,4.55,0.292,0.035,2.9
2021-05-30 19:00,18.71,7.79,44.937,16.82,101.64,2.17,3,4.19,0.292,0.035,2.92
2021-05-30 20:00,17.37,7.76,50.01,16.95,99.35,2.13,3,4.26,0.292,0.034,2.92
2021-05-30 21:00,17.09,7.74,50.14,17.11,97.2,2.1,3,4.22,0.393,0.035,2.94
2021-05-30 22:00,17.25,7.69,45.063,17.02,98.45,2.17,2,4.44,0.306,0.035,2.93
2021-05-30 23:00,17.48,7.67,49.97,16.88,100.22,2.22,2,4.62,0.321,0.042,2.92
2021-05-31 0:00,17.22,7.66,51.9688,16.88,100.23,2.23,2,4.77,0.279,0.032,2.92
2021-05-31 1:00,18.04,7.73,49.78,16.6,104.8,2.28,2,4.17,0.29,0.034,2.9
2021-05-31 2:00,18.37,7.75,49.65,16.43,107.54,2.33,3,4.68,0.309,0.036,2.89
2021-05-31 3:00,18.39,7.76,49.64,16.42,107.71,2.32,3,4.4,0.282,0.031,2.89
2021-05-31 4:00,17.99,7.75,49.8,16.63,104.39,2.25,3,4.54,0.311,0.029,2.9
2021-05-31 5:00,18.06,7.72,48.02805,16.59,104.97,2.29,3,4.71,0.308,0.031,2.9
2021-05-31 6:00,17.82,7.76,49.87,16.72,103.01,2.22,4,4.46,0.326,0.038,2.92
2021-05-31 7:00,18.13,7.76,49.74,16.55,105.54,2.27,3,4.46,0.306,0.03,2.9
2021-05-31 8:00,18.19,7.76,49.72,16.52,106.04,2.28,3,4.42,0.313,0.033,2.9
2021-05-31 9:00,18.41,7.75,49.64,16.41,107.88,2.33,3,4.29,0.325,0.033,2.89
2021-05-31 10:00,18.37,7.79,44.685,16.43,107.53,2.29,3,4.61,0.312,0.031,2.89
2021-05-31 11:00,18.58,7.73,49.57,16.32,109.32,2.38,3,4.95,0.332,0.034,2.88
2021-05-31 13:00,19.92,7.71,49.16,15.77,118.45,2.61,2,4.58,0.311,0.031,2.84
2021-05-31 14:00,20.26,7.7,49.07,15.62,121.7,2.7,2,4.34,0.337,0.035,2.83
2021-05-31 15:00,19.52,7.71,49.13,15.7,120.01,2.65,3,4.17,0.327,0.033,2.84
2021-05-31 16:00,20.06,7.67,51.0952,15.71,119.81,2.68,3,4.2,0.324,0.033,2.84
2021-05-31 17:00,21.34,7.78,49.01,15.53,123.29,2.66,4,4.36,0.317,0.034,2.83
2021-05-31 18:00,19.51,7.84,49.2,15.82,117.42,2.47,4,4.09,0.316,0.031,2.85
2021-05-31 19:00,19.08,7.81,49.38,16.06,113.65,2.42,3,4.19,0.321,0.031,2.86
2021-05-31 20:00,18.23,7.83,47.87365,16.36,108.54,2.29,3,4.11,0.308,0.03,2.88
2021-05-31 21:00,19.33,7.78,47.9605,16.5,106.45,2.28,3,4.03,0.308,0.029,2.9
2021-05-31 22:00,18.2,7.75,49.72,16.52,106.12,2.29,4,4.02,0.308,0.031,2.9
2021-05-31 23:00,18.06,7.76,51.77,16.59,104.96,2.26,4,4.33,0.386,0.034,2.9
2021-06-01 0:00,18.01,7.78,49.79,16.62,104.55,2.24,4,4.07,0.288,0.029,2.9
2021-06-01 1:00,18.0,7.75,44.811,16.62,104.47,2.26,3,4.22,0.292,0.029,2.9
2021-06-01 2:00,18.1,7.7,49.76,16.57,105.3,2.31,3,4.37,0.297,0.03,2.9
2021-06-01 3:00,18.35,7.7,51.7712,16.6,104.89,2.31,3,4.26,0.321,0.038,2.9
2021-06-01 4:00,17.95,7.72,49.81,16.65,104.07,2.27,4,4.1,0.309,0.029,2.9
2021-06-01 5:00,18.26,7.74,46.81,16.65,104.15,2.26,4,4.47,0.325,0.03,2.9
2021-06-01 6:00,18.08,7.73,49.76,16.58,105.13,2.29,4,5.0,0.325,0.036,2.9
2021-06-01 7:00,18.23,7.75,49.71,16.5,106.37,2.3,5,4.58,0.315,0.027,2.9
2021-06-01 8:00,18.01,7.78,49.79,16.62,104.55,2.24,4,5.07,0.326,0.031,2.9
2021-06-01 9:00,17.98,7.78,49.8,16.64,104.3,2.23,4,5.23,0.324,0.031,2.9
2021-06-01 10:00,19.62,7.74,51.6984,16.51,106.29,2.3,4,4.64,0.331,0.033,2.9
2021-06-01 11:00,18.33,7.75,49.67,16.45,107.2,2.32,4,5.14,0.32,0.032,2.89
2021-06-01 12:00,18.54,7.72,49.59,16.34,108.98,2.38,4,4.67,0.313,0.033,2.88
2021-06-01 13:00,18.94,7.72,49.44,16.13,112.43,2.46,4,5.11,0.318,0.031,2.87
2021-06-01 14:00,19.73,7.75,51.1888,15.86,116.7,2.53,4,4.94,0.349,0.032,2.85
2021-06-01 15:00,20.31,7.81,48.95,15.45,125.01,2.68,4,4.39,0.374,0.032,2.83
2021-06-01 16:00,21.03,7.84,49.0,15.11,132.14,2.81,4,4.34,0.366,0.033,2.79
2021-06-01 17:00,21.26,7.86,43.767,15.0,134.49,2.85,5,4.42,0.332,0.03,2.79
2021-06-01 18:00,19.3,7.87,49.3,15.95,115.6,2.41,5,4.24,0.332,0.029,2.86
2021-06-01 19:00,19.54,7.83,44.667,16.39,108.03,2.27,4,4.36,0.302,0.029,2.89
2021-06-01 20:00,18.24,7.82,54.67,16.5,106.44,2.25,4,4.42,0.314,0.029,2.9
2021-06-01 21:00,16.27,7.81,54.736,16.58,105.12,2.23,4,4.27,0.31,0.031,2.9
2021-06-01 22:00,18.14,7.77,47.9991,16.55,105.62,2.27,4,4.19,0.319,0.03,2.9
2021-06-01 23:00,18.67,7.79,47.8061,16.27,110.08,2.35,4,4.17,0.319,0.032,2.88
2021-06-02 0:00,17.03,7.81,49.44,16.14,112.24,2.39,4,4.28,0.319,0.031,2.87
2021-06-02 1:00,18.54,7.78,49.59,16.34,108.97,2.33,4,4.14,0.391,0.029,2.88
2021-06-02 2:00,18.2,7.76,49.72,16.52,106.12,2.29,4,4.3,0.303,0.031,2.9
2021-06-02 3:00,17.78,7.77,49.78,16.6,104.8,2.25,4,4.36,0.301,0.029,2.9
2021-06-02 4:00,18.14,7.73,49.74,16.55,105.63,2.3,4,4.42,0.31,0.038,2.9
2021-06-02 5:00,17.9,7.72,49.83,16.68,103.66,2.26,5,4.51,0.276,0.03,2.9
2021-06-02 6:00,17.81,7.73,54.857,16.73,102.93,2.24,4,4.42,0.299,0.031,2.92
2021-06-02 7:00,17.8,7.72,49.87,16.73,102.85,2.25,4,4.7,0.308,0.035,2.92
2021-06-02 8:00,18.09,7.69,49.76,16.58,105.22,2.32,4,4.21,0.268,0.031,2.9
2021-06-02 9:00,18.33,7.69,52.67,16.45,107.21,2.37,4,4.4,0.295,0.031,2.89
2021-06-02 10:00,18.15,7.73,49.64,16.41,107.88,2.35,4,4.4,0.293,0.031,2.89
2021-06-02 11:00,19.17,7.72,47.7289,16.16,111.82,2.45,4,4.44,0.321,0.034,2.87
2021-06-02 12:00,19.09,7.73,49.38,16.05,113.75,2.49,4,4.39,0.317,0.033,2.86
2021-06-02 13:00,19.69,7.72,51.0952,15.73,119.09,2.62,4,4.51,0.326,0.034,2.84
2021-06-02 14:00,19.92,7.69,49.08,15.64,121.33,2.7,4,4.22,0.319,0.035,2.83
2021-06-02 15:00,20.35,7.69,50.8872,15.43,125.42,2.8,3,4.38,0.322,0.034,2.82
2021-06-02 16:00,20.58,7.68,50.3258,15.32,127.67,2.86,3,3.97,0.331,0.034,2.81
2021-06-02 17:00,21.26,7.76,48.63,15.0,134.51,2.94,4,3.91,0.307,0.034,2.79
2021-06-02 18:00,22.66,7.86,51.27,14.5,146.2,3.12,4,4.02,0.332,0.033,2.76
2021-06-02 19:00,22.51,7.93,49.6975,14.45,147.95,3.1,4,4.07,0.323,0.034,2.75
2021-06-02 20:00,19.51,7.88,49.2,15.82,117.41,2.44,4,4.61,0.367,0.031,2.85
2021-06-02 21:00,18.65,7.77,54.494,16.28,109.91,2.36,4,4.12,0.348,0.029,2.88
2021-06-02 22:00,18.22,7.73,49.71,16.51,106.29,2.31,4,3.52,0.386,0.032,2.9
2021-06-02 23:00,18.31,7.7,54.637,16.46,107.04,2.35,4,3.87,0.32,0.033,2.89
2021-06-03 0:00,18.27,7.71,49.69,16.48,106.71,2.34,4,3.88,0.426,0.031,2.9
2021-06-03 1:00,18.64,7.69,49.55,16.28,109.84,2.43,4,3.86,0.426,0.033,2.88
2021-06-03 2:00,18.61,7.71,49.56,16.3,109.58,2.41,4,3.99,0.426,0.031,2.88
2021-06-03 3:00,18.46,7.67,49.62,16.38,108.31,2.41,4,4.19,0.381,0.03,2.88
2021-06-03 4:00,18.21,7.66,49.71,16.51,106.22,2.37,4,4.48,0.259,0.031,2.9
2021-06-03 5:00,18.15,7.64,49.74,16.54,105.72,2.37,4,4.06,0.304,0.03,2.9
2021-06-03 6:00,18.3,7.61,49.68,16.46,106.97,2.43,4,3.83,0.333,0.033,2.9
2021-06-03 7:00,18.57,7.63,49.58,16.32,109.25,2.46,4,4.56,0.318,0.032,2.88
2021-06-03 8:00,18.71,7.62,49.52,16.25,110.45,2.5,4,4.45,0.361,0.0,2.88
2021-06-03 9:00,18.76,7.62,51.5,16.22,110.88,2.51,4,4.59,0.337,0.035,2.88
2021-06-03 10:00,18.73,7.63,49.51,16.24,110.62,2.5,4,4.21,0.329,0.031,2.88
2021-06-03 11:00,18.59,7.68,47.57,16.31,109.42,2.43,4,4.58,0.323,0.031,2.88
2021-06-03 12:00,18.28,7.69,49.69,16.47,106.8,2.36,6,4.6,0.322,0.032,2.9
2021-06-03 13:00,17.49,7.76,46.96,16.88,100.29,2.15,1,4.57,0.339,0.03,2.92
2021-06-03 14:00,17.44,7.77,54.978,16.91,99.89,2.14,1,0.0,0.0,0.0,2.92
2021-06-03 15:00,15.71,7.77,49.98,16.9,99.97,2.14,1,7.33,0.495,0.0,2.92
2021-06-03 16:00,17.44,7.76,49.98,16.91,99.9,2.15,1,6.26,0.403,0.0,2.92
2021-06-03 17:00,17.4,7.76,50.01,16.94,99.6,2.14,1,5.52,0.396,0.0,2.92
2021-06-03 18:00,17.16,7.76,50.0,16.92,99.76,2.14,1,5.49,0.427,0.036,2.92
2021-06-03 19:00,17.8,7.77,49.87,16.73,102.84,2.21,1,5.66,0.435,0.033,2.92
2021-06-03 20:00,18.49,7.73,44.982,16.91,99.9,2.17,0,5.0,0.445,0.035,2.92
2021-06-03 21:00,19.22,7.74,49.97,16.89,100.14,2.17,1,5.46,0.448,0.036,2.92
2021-06-03 22:00,17.28,7.75,52.0624,17.0,98.67,2.13,1,5.38,0.504,0.033,2.93
2021-06-03 23:00,17.3,7.75,52.052,16.99,98.82,2.13,0,5.51,0.464,0.036,2.93
2021-06-04 0:00,17.26,7.74,50.07,17.01,98.52,2.13,0,4.6,0.381,0.038,2.93
2021-06-04 1:00,17.22,7.74,50.08,17.04,98.21,2.13,0,5.2,0.351,0.033,2.94
2021-06-04 2:00,17.16,7.75,48.11,17.07,97.74,2.11,0,4.69,0.341,0.031,2.94
2021-06-04 3:00,17.2,7.73,50.09,17.05,98.05,2.13,0,4.07,0.341,0.04,2.94
2021-06-04 4:00,16.43,7.72,45.072,17.03,98.29,2.14,0,4.21,0.341,0.043,2.93
2021-06-04 5:00,17.96,7.72,52.1144,17.07,97.74,2.13,1,4.51,0.368,0.035,2.94
2021-06-04 6:00,17.28,7.72,50.06,17.0,98.67,2.15,0,4.37,0.293,0.032,2.93
2021-06-04 7:00,17.65,7.77,49.93,16.82,101.64,2.18,1,4.67,0.306,0.034,2.92
2021-06-04 8:00,17.34,7.74,48.27895,16.97,99.14,2.15,1,4.51,0.311,0.035,2.92
2021-06-04 9:00,17.4,7.74,47.01,16.94,99.61,2.16,0,4.56,0.271,0.033,2.92
2021-06-04 10:00,18.22,7.73,50.0,16.92,99.77,2.17,0,4.52,0.293,0.03,2.92
2021-06-04 11:00,17.42,7.74,45.0,16.92,99.76,2.16,1,4.52,0.318,0.034,2.92
2021-06-04 12:00,17.5,7.7,54.956,16.87,100.38,2.2,0,4.21,0.333,0.035,2.92
2021-06-04 13:00,17.96,7.75,51.8024,16.65,104.15,2.25,1,4.08,0.325,0.038,2.9
2021-06-04 14:00,19.09,7.96,49.38,16.05,113.7,2.3,1,4.98,0.335,0.035,2.86
2021-06-04 15:00,20.77,8.0,52.07,15.61,121.72,2.44,1,5.18,0.252,0.027,2.83
2021-06-04 16:00,20.31,7.98,50.95,15.45,124.97,2.53,1,4.75,0.221,0.028,2.83
2021-06-04 17:00,20.98,7.99,48.73,15.13,131.59,2.67,3,4.86,0.247,0.022,2.8
2021-06-04 18:00,21.27,7.98,48.63,15.0,134.56,2.74,3,4.79,0.253,0.025,2.79
2021-06-04 19:00,21.39,7.95,50.9496,15.51,123.73,2.53,2,4.9,0.261,0.026,2.83
2021-06-04 20:00,19.92,7.94,49.08,15.64,121.27,2.48,2,4.84,0.278,0.028,2.83
2021-06-04 21:00,20.28,7.96,49.06,15.61,121.93,2.48,2,5.12,0.24,0.025,2.83
2021-06-04 22:00,20.06,7.95,49.04,15.57,122.59,2.5,1,4.58,0.234,0.023,2.83
2021-06-04 23:00,19.73,7.94,49.13,15.72,119.43,2.44,1,4.97,0.227,0.031,2.84
2021-06-05 0:00,19.83,7.95,49.12,15.68,120.43,2.45,1,5.01,0.227,0.021,2.83
2021-06-05 1:00,19.92,7.95,49.16,15.77,118.4,2.41,1,5.1,0.222,0.02,2.84
2021-06-05 2:00,18.75,7.97,49.18,15.8,117.74,2.38,1,4.41,0.227,0.032,2.85
2021-06-05 3:00,19.34,7.96,49.26,15.9,115.85,2.34,1,4.73,0.226,0.02,2.85
2021-06-05 4:00,19.68,7.94,47.25,15.89,116.22,2.37,1,5.12,0.204,0.018,2.85
2021-06-05 5:00,19.26,7.93,49.32,15.97,115.22,2.36,1,4.95,0.225,0.022,2.86
2021-06-05 6:00,19.25,7.93,49.32,15.97,115.13,2.35,1,4.33,0.241,0.031,2.86
2021-06-05 7:00,19.25,7.91,46.32,15.97,115.14,2.37,1,4.51,0.355,0.02,2.86
2021-06-05 8:00,19.39,7.92,49.24,15.88,116.31,2.38,1,4.2,0.283,0.023,2.85
2021-06-05 9:00,18.97,7.85,49.43,16.11,112.67,2.36,6,4.44,0.286,0.025,2.87
2021-06-05 10:00,19.03,7.85,49.4,16.08,113.2,2.38,8,4.31,0.293,0.025,2.87
2021-06-05 11:00,19.05,7.85,49.4,16.07,113.38,2.38,7,5.47,0.341,0.031,2.86
2021-06-05 12:00,18.98,7.86,49.42,16.11,112.76,2.36,6,5.24,0.354,0.031,2.87
2021-06-05 13:00,19.11,7.86,44.433,16.04,113.9,2.38,5,5.38,0.317,0.033,2.86
2021-06-05 14:00,19.11,7.87,49.37,16.04,113.9,2.37,5,5.21,0.337,0.033,2.86
2021-06-05 15:00,19.3,7.85,49.3,15.95,115.6,2.43,4,5.21,0.34,0.032,2.86
2021-06-05 16:00,19.35,7.85,49.26,15.9,115.96,2.43,4,4.71,0.312,0.033,2.85
2021-06-05 17:00,19.27,7.85,49.32,15.96,115.33,2.42,4,5.07,0.322,0.033,2.86
2021-06-05 18:00,19.13,7.85,49.37,16.03,114.08,2.4,4,4.84,0.325,0.031,2.86
2021-06-05 19:00,19.49,7.85,54.131,15.83,117.23,2.46,2,4.71,0.323,0.033,2.85
2021-06-05 20:00,19.7,7.87,49.13,15.73,119.16,2.49,4,5.22,0.36,0.034,2.84
2021-06-05 21:00,18.99,7.83,49.42,16.1,112.85,2.38,3,5.17,0.329,0.034,2.87
2021-06-05 22:00,19.53,7.85,49.19,15.81,117.6,2.47,4,5.16,0.321,0.033,2.85
2021-06-05 23:00,19.67,7.89,51.1056,15.74,118.88,2.46,4,5.12,0.344,0.033,2.84
2021-06-06 0:00,19.92,7.91,49.16,15.77,118.41,2.44,3,5.01,0.346,0.027,2.84
2021-06-06 1:00,19.25,7.88,49.32,15.97,115.15,2.39,3,5.03,0.318,0.025,2.86
2021-06-06 2:00,21.26,7.88,49.26,15.91,115.78,2.4,3,5.28,0.354,0.03,2.85
2021-06-06 3:00,19.3,7.9,49.3,15.95,115.59,2.39,2,5.11,0.401,0.036,2.86
2021-06-06 4:00,19.26,7.88,49.32,15.97,115.24,2.4,2,5.4,0.342,0.029,2.86
2021-06-06 5:00,19.4,7.87,49.24,15.88,116.42,2.43,4,5.45,0.345,0.031,2.85
2021-06-06 6:00,19.63,7.85,49.15,15.76,118.5,2.49,5,4.67,0.359,0.03,2.84
2021-06-06 7:00,19.51,7.85,46.12,15.69,120.26,2.53,2,5.3,0.359,0.023,2.84
2021-06-06 8:00,19.56,7.85,49.18,15.79,117.86,2.48,2,5.39,0.359,0.031,2.85
2021-06-06 9:00,19.75,7.85,51.0952,15.71,119.66,2.52,2,5.12,0.448,0.031,2.84
2021-06-06 10:00,19.73,7.89,44.217,15.72,119.44,2.48,2,5.42,0.385,0.029,2.84
2021-06-06 11:00,20.17,7.88,44.262,15.79,117.95,2.45,3,5.06,0.37,0.027,2.85
2021-06-06 12:00,19.69,7.9,49.13,15.73,119.05,2.46,4,4.94,0.344,0.03,2.84
2021-06-06 13:00,19.37,7.92,47.42975,15.76,118.48,2.43,3,4.62,0.34,0.029,2.84
2021-06-06 14:00,21.71,7.93,44.217,15.72,119.33,2.45,3,5.03,0.293,0.025,2.84
2021-06-06 15:00,19.8,7.94,49.13,15.7,120.15,2.46,2,4.82,0.32,0.025,2.84
2021-06-06 16:00,19.84,7.95,49.11,15.68,120.52,2.46,2,4.61,0.327,0.026,2.83
2021-06-06 17:00,19.2,7.92,49.06,15.6,122.03,2.52,3,4.99,0.324,0.025,2.83
2021-06-06 18:00,20.48,7.89,47.89,15.37,126.65,2.64,2,4.68,0.328,0.025,2.81
2021-06-06 19:00,20.62,7.87,52.84,15.3,128.03,2.69,2,5.23,0.377,0.031,2.81
2021-06-06 20:00,21.1,7.87,48.78,15.22,129.81,2.73,3,4.53,0.381,0.034,2.81
2021-06-06 21:00,19.55,7.87,49.18,15.8,117.76,2.46,2,5.11,0.358,0.031,2.85
2021-06-06 22:00,19.91,7.87,49.09,15.64,121.19,2.54,2,5.14,0.36,0.032,2.83
2021-06-06 23:00,20.39,7.87,48.92,15.41,125.77,2.64,3,5.0,0.361,0.03,2.79
2021-06-07 0:00,20.45,7.89,48.9,15.38,126.35,2.64,3,4.84,0.365,0.032,2.81
2021-06-07 1:00,20.24,7.9,48.97,15.48,124.32,2.58,4,4.94,0.356,0.03,2.83
2021-06-07 2:00,21.56,7.9,48.94,15.43,125.28,2.6,3,4.89,0.349,0.028,2.82
2021-06-07 3:00,20.36,7.89,48.93,15.42,125.48,2.62,4,5.12,0.35,0.031,2.82
2021-06-07 4:00,20.31,7.88,53.845,15.45,125.0,2.61,3,4.92,0.348,0.029,2.83
2021-06-07 5:00,20.02,7.88,49.05,15.59,122.23,2.55,5,4.43,0.365,0.035,2.83
2021-06-07 6:00,19.56,7.88,49.18,15.79,117.85,2.45,3,4.78,0.335,0.032,2.85
2021-06-07 7:00,19.47,7.92,49.21,15.84,117.03,2.4,2,4.9,0.315,0.028,2.85
2021-06-07 8:00,19.48,7.96,47.21,15.83,117.11,2.37,2,4.57,0.288,0.025,2.85
2021-06-07 9:00,19.57,7.96,49.18,15.79,117.93,2.39,1,4.65,0.288,0.027,2.85
2021-06-07 10:00,20.45,7.96,49.15,15.75,118.67,2.4,2,4.71,0.288,0.027,2.84
2021-06-07 11:00,20.64,7.95,48.84,15.29,128.2,2.63,3,4.42,0.354,0.027,2.81
2021-06-07 12:00,20.72,7.93,48.81,15.25,129.0,2.66,3,5.11,0.232,0.027,2.81
2021-06-07 13:00,20.64,7.93,48.84,15.29,128.21,2.64,3,4.7,0.295,0.029,2.81
2021-06-07 14:00,20.71,7.93,48.81,15.26,128.9,2.66,2,4.53,0.28,0.029,2.81
2021-06-07 15:00,20.6,7.95,51.77,15.19,130.39,2.67,2,4.92,0.29,0.031,2.81
2021-06-07 16:00,20.91,7.95,48.75,15.16,130.89,2.69,2,4.94,0.272,0.029,2.81
2021-06-07 17:00,20.93,7.95,48.74,15.16,131.09,2.69,2,4.89,0.266,0.039,2.8
2021-06-07 18:00,20.87,7.95,48.76,15.18,130.49,2.68,2,4.71,0.265,0.027,2.81
2021-06-07 19:00,20.53,7.97,52.87,15.34,127.11,2.58,1,4.64,0.265,0.027,2.81
2021-06-07 20:00,20.41,7.94,48.92,15.4,125.95,2.58,1,5.02,0.236,0.026,2.81
2021-06-07 21:00,20.38,7.93,51.92,15.41,125.66,2.59,1,4.87,0.263,0.028,2.81
2021-06-07 22:00,20.43,7.92,49.01,15.53,123.26,2.54,3,4.86,0.272,0.031,2.83
2021-06-07 23:00,19.77,7.91,49.13,15.71,119.86,2.47,2,4.81,0.262,0.026,2.84
2021-06-08 0:00,20.59,7.95,48.85,15.31,127.71,2.61,2,4.45,0.277,0.026,2.81
2021-06-08 1:00,20.4,7.95,48.92,15.41,125.85,2.57,3,4.77,0.293,0.0,2.81
2021-06-08 2:00,20.6,7.93,48.85,15.31,127.81,2.63,3,5.5,0.298,0.031,2.81
2021-06-08 3:00,19.55,7.92,49.18,15.8,117.75,2.42,2,5.12,0.289,0.029,2.85
2021-06-08 4:00,19.5,7.89,49.2,15.82,117.31,2.43,1,5.64,0.299,0.028,2.85
2021-06-08 5:00,20.43,7.87,49.32,15.96,115.33,2.41,2,4.84,0.287,0.028,2.86
2021-06-08 6:00,19.18,7.9,52.35,16.01,114.52,2.36,2,4.66,0.271,0.026,2.86
2021-06-08 7:00,19.23,7.92,49.33,15.98,114.96,2.36,2,4.88,0.282,0.029,2.86
2021-06-08 8:00,19.27,7.91,49.32,15.96,115.32,2.37,1,4.31,0.27,0.029,2.86
2021-06-08 9:00,19.54,7.9,49.18,15.8,117.66,2.43,1,4.36,0.27,0.034,2.85
2021-06-08 10:00,19.99,7.91,49.06,15.6,121.94,2.52,1,4.89,0.281,0.03,2.83
2021-06-08 11:00,19.95,7.93,49.07,15.62,121.56,2.5,2,4.65,0.281,0.033,2.83
2021-06-08 12:00,19.81,7.94,49.12,15.69,120.24,2.46,2,4.69,0.281,0.029,2.84
2021-06-08 13:00,19.99,7.93,49.13,15.73,119.04,2.44,2,4.92,0.408,0.03,2.84
2021-06-08 14:00,20.02,7.93,49.05,15.59,122.22,2.51,3,4.49,0.337,0.03,2.83
2021-06-08 15:00,19.63,7.93,47.42975,15.76,118.48,2.42,2,4.7,0.329,0.029,2.84
2021-06-08 16:00,19.46,7.92,51.1888,15.84,116.94,2.4,1,4.36,0.324,0.026,2.85
2021-06-08 17:00,19.44,7.9,49.22,15.85,116.76,2.41,1,4.31,0.311,0.03,2.85
2021-06-08 18:00,19.8,7.88,52.13,15.7,120.17,2.51,2,4.92,0.306,0.029,2.84
2021-06-08 19:00,22.53,8.6,48.17,14.33,150.81,2.66,12,4.69,0.331,0.031,2.74
2021-06-08 20:00,23.51,9.12,47.97,14.04,159.05,2.7,7,4.78,0.321,0.032,2.72
2021-06-08 21:00,20.99,9.05,49.02,14.11,156.79,2.65,7,15.5,1.101,0.073,2.72
2021-06-08 22:00,23.2,9.02,48.06,14.16,155.38,2.62,7,14.74,2.354,0.068,2.74
2021-06-08 23:00,19.34,8.01,49.26,15.9,115.83,2.3,4,14.73,2.47,0.06,2.85
2021-06-09 0:00,18.86,7.8,44.523,16.17,111.72,2.38,2,13.9,2.434,0.066,2.87
2021-06-09 1:00,18.8,7.84,49.49,16.2,111.19,2.34,2,5.13,0.693,0.039,2.88
2021-06-09 2:00,19.94,7.87,44.532,16.2,111.27,2.32,2,4.63,0.439,0.054,2.87
2021-06-09 3:00,18.79,7.86,49.49,16.21,111.1,2.32,1,4.99,0.339,0.036,2.88
2021-06-09 4:00,18.76,7.88,52.5,16.22,110.84,2.3,2,4.24,0.289,0.034,2.88
2021-06-09 5:00,18.77,7.85,49.5,16.22,110.93,2.32,2,4.31,0.29,0.038,2.88
2021-06-09 6:00,18.55,7.84,49.48,16.2,111.28,2.34,1,4.42,0.287,0.036,2.87
2021-06-09 7:00,18.98,7.82,49.42,16.11,112.77,2.39,1,4.94,0.36,0.054,2.87
2021-06-09 8:00,19.15,7.81,49.36,16.02,66.61,2.43,1,4.6,0.311,0.037,2.86
2021-06-09 9:00,19.1,7.79,51.25,15.9,116.07,2.48,1,4.58,0.373,0.039,2.85
2021-06-09 10:00,19.68,7.78,49.14,15.73,118.98,2.56,0,4.69,0.337,0.036,2.84
2021-06-09 11:00,20.79,7.82,47.06,15.6,121.96,2.6,1,4.38,0.328,0.035,2.83
2021-06-09 12:00,19.87,7.84,49.1,15.66,120.83,2.56,1,4.32,0.33,0.037,2.83
2021-06-09 13:00,20.04,7.83,44.217,15.71,119.56,2.53,1,4.39,0.33,0.038,2.84
2021-06-09 14:00,18.97,7.86,49.13,15.71,119.87,2.52,1,4.42,0.33,0.038,2.84
2021-06-09 15:00,19.8,7.84,47.41045,15.7,120.17,2.54,1,4.47,0.497,0.036,2.84
2021-06-09 16:00,20.01,7.85,49.05,15.59,122.14,2.58,1,4.46,0.379,0.036,2.83
2021-06-09 17:00,20.14,7.83,49.11,15.68,120.55,2.56,1,4.48,0.368,0.035,2.83
2021-06-09 18:00,19.87,7.82,51.064,15.66,120.83,2.57,1,4.5,0.322,0.035,2.83
2021-06-09 19:00,20.47,7.84,48.89,15.37,126.56,2.68,1,4.21,0.373,0.035,2.81
2021-06-09 20:00,25.38,9.2,47.47,13.31,183.05,3.29,6,4.2,0.333,0.037,2.67
2021-06-09 21:00,25.26,9.26,47.49,13.34,181.33,3.25,6,14.07,1.882,0.05,2.67
2021-06-09 22:00,24.89,9.22,47.61,13.5,176.49,3.13,6,14.95,2.934,0.072,2.69
2021-06-09 23:00,24.04,8.92,52.602,13.82,165.62,2.87,6,15.2,2.83,0.06,2.71
2021-06-10 0:00,19.34,7.92,49.26,15.9,115.86,2.37,3,14.59,2.947,0.054,2.85
2021-06-10 1:00,19.04,7.86,49.4,16.08,113.29,2.37,2,5.63,0.945,0.043,2.87
2021-06-10 2:00,18.96,7.84,49.43,16.12,112.59,2.37,2,4.76,0.569,0.038,2.87
2021-06-10 3:00,20.14,7.82,49.41,16.1,112.94,2.39,1,4.44,0.486,0.036,2.87
2021-06-10 4:00,19.01,7.84,49.41,16.09,113.03,2.38,1,4.89,0.463,0.036,2.87
2021-06-10 5:00,18.99,7.81,51.42,16.1,112.86,2.4,2,4.46,0.457,0.037,2.87
2021-06-10 6:00,19.41,7.83,54.307,16.04,113.91,2.41,2,4.67,0.455,0.039,2.86
2021-06-10 7:00,19.21,7.77,49.34,15.99,114.81,2.24,1,4.6,0.475,0.0,2.85
2021-06-10 8:00,19.43,7.77,49.22,15.86,116.69,2.52,1,4.64,0.49,0.04,2.85
2021-06-10 9:00,20.9,7.77,47.13,15.72,119.37,2.58,1,4.61,0.491,0.039,2.84
2021-06-10 10:00,19.76,7.78,47.13,15.71,119.78,2.58,1,4.65,0.476,0.035,2.84
2021-06-10 11:00,19.16,7.77,44.163,15.62,121.69,2.64,1,4.71,0.473,0.038,2.83
2021-06-10 12:00,19.77,7.79,49.13,15.71,119.89,2.58,1,4.89,0.516,0.039,2.84
2021-06-10 13:00,19.78,7.79,49.13,15.7,119.99,2.58,1,4.83,0.438,0.037,2.84
2021-06-10 14:00,19.58,7.8,49.17,15.78,118.06,2.52,1,4.6,0.416,0.039,2.85
2021-06-10 15:00,19.61,7.81,49.16,15.77,118.34,2.52,1,4.8,0.416,0.04,2.84
2021-06-10 16:00,20.02,7.83,49.13,15.72,119.35,2.53,1,4.99,0.416,0.039,2.84
2021-06-10 17:00,19.73,7.86,49.13,15.72,119.45,2.5,1,4.25,0.443,0.039,2.84
2021-06-10 18:00,19.59,7.81,47.44905,15.78,118.15,2.52,1,4.66,0.32,0.035,2.84
2021-06-10 19:00,20.49,7.79,52.26,15.91,115.79,2.48,1,4.21,0.321,0.037,2.85
2021-06-10 20:00,21.04,7.77,48.71,15.1,132.25,2.88,0,4.38,0.332,0.037,2.79
2021-06-10 21:00,21.79,7.75,48.47,14.76,140.08,3.09,4,4.31,0.306,0.038,2.77
2021-06-10 22:00,20.52,7.73,50.5544,14.98,135.13,2.99,5,11.62,2.524,0.058,2.79
2021-06-10 23:00,20.87,7.71,49.76,15.18,130.55,2.9,5,12.46,3.051,0.058,2.81
2021-06-11 0:00,19.53,7.7,47.41045,15.7,120.11,2.66,4,11.55,2.87,0.06,2.84
2021-06-11 1:00,19.9,7.85,49.09,15.65,121.11,2.55,3,11.16,2.72,0.059,2.83
2021-06-11 2:00,19.89,7.84,49.09,15.65,121.01,2.56,2,4.6,0.643,0.037,2.83
2021-06-11 3:00,19.71,7.89,49.13,15.72,119.23,2.47,2,4.52,0.376,0.034,2.84
2021-06-11 4:00,19.9,7.91,47.37185,15.65,121.09,2.5,5,4.39,0.338,0.036,2.83
2021-06-11 5:00,19.9,7.88,49.09,15.65,121.1,2.53,3,4.59,0.302,0.033,2.83
2021-06-11 6:00,19.95,7.85,47.07,15.62,121.58,2.56,3,4.77,0.305,0.034,2.83
2021-06-11 7:00,21.16,7.84,49.07,15.62,121.67,2.57,3,4.35,0.306,0.036,2.83
2021-06-11 8:00,20.04,7.81,53.944,15.58,122.43,2.62,2,4.62,0.294,0.035,2.83
2021-06-11 9:00,20.11,7.8,49.02,15.54,123.1,2.64,2,4.31,0.313,0.035,2.83
2021-06-11 10:00,20.29,7.79,51.96,15.46,124.83,2.69,2,4.94,0.317,0.035,2.83
2021-06-11 11:00,20.45,7.83,48.9,15.38,126.37,2.69,2,4.67,0.326,0.037,2.81
2021-06-11 12:00,19.78,7.89,51.0952,15.7,119.97,2.49,5,4.67,0.326,0.037,2.84
2021-06-11 13:00,19.87,7.91,49.1,15.66,120.81,2.5,6,4.67,0.326,0.037,2.83
2021-06-11 14:00,19.97,7.93,49.14,15.74,118.87,2.43,5,4.67,0.31,0.037,2.84
2021-06-11 15:00,19.55,7.91,49.18,15.8,117.75,2.42,5,3.17,1.12,0.04,2.85
2021-06-11 16:00,19.6,7.91,49.17,15.78,118.22,2.43,3,2.37,0.953,0.035,2.84
2021-06-11 17:00,19.56,7.91,47.4587,15.79,117.85,2.43,3,3.75,1.042,0.037,2.85
2021-06-11 18:00,19.29,7.91,49.18,15.8,117.75,2.42,2,2.83,0.916,0.037,2.85
2021-06-11 19:00,19.54,7.9,49.18,15.8,117.66,2.43,3,3.21,0.9,0.038,2.85
2021-06-11 20:00,19.59,7.91,46.17,15.78,118.13,2.43,3,3.61,0.801,0.039,2.84
2021-06-11 21:00,19.58,7.9,49.17,15.78,118.04,2.44,2,3.75,0.787,0.039,2.85
2021-06-11 22:00,19.59,7.89,49.17,15.78,118.13,2.45,2,3.91,0.747,0.038,2.84
2021-06-11 23:00,19.54,7.88,49.18,15.8,117.67,2.45,2,3.45,0.761,0.035,2.85
2021-06-12 0:00,19.61,7.89,49.16,15.77,118.32,2.45,2,3.1,0.688,0.037,2.84
2021-06-12 1:00,19.48,7.89,47.21,15.83,117.13,2.43,3,4.13,0.648,0.038,2.85
2021-06-12 2:00,19.78,7.9,54.131,15.83,117.13,2.42,3,4.69,0.641,0.036,2.85
2021-06-12 3:00,19.46,7.93,49.22,15.84,116.93,2.39,4,3.66,0.674,0.038,2.85
2021-06-12 4:00,18.67,7.92,49.21,15.84,117.03,2.4,2,4.34,0.648,0.039,2.85
2021-06-12 5:00,19.47,7.92,49.21,15.84,117.03,2.4,3,4.67,0.69,0.0,2.85
2021-06-12 6:00,19.49,7.91,49.21,15.83,117.22,2.41,2,4.17,0.604,0.035,2.85
2021-06-12 7:00,21.41,7.92,47.4973,15.84,116.94,2.4,2,4.68,0.65,0.036,2.85
2021-06-12 8:00,20.65,7.91,49.21,15.83,117.12,2.41,2,4.32,0.678,0.036,2.85
2021-06-12 9:00,19.48,7.91,49.21,15.83,117.12,2.41,2,4.57,0.692,0.035,2.85
2021-06-12 10:00,20.71,7.9,49.18,15.8,117.66,2.43,2,4.44,0.737,0.036,2.85
2021-06-12 11:00,19.54,7.9,46.18,15.8,117.66,2.43,1,4.47,0.718,0.035,2.85
2021-06-12 12:00,19.59,7.91,49.17,15.78,118.13,2.43,2,3.76,0.689,0.033,2.84
2021-06-12 13:00,19.54,7.91,47.18,15.8,117.66,2.42,2,4.32,0.73,0.037,2.85
2021-06-12 14:00,19.59,7.97,49.17,15.78,118.11,2.38,2,4.29,0.812,0.037,2.85
2021-06-12 15:00,19.59,7.95,47.17,15.78,118.12,2.4,2,4.23,0.812,0.033,2.84
2021-06-12 16:00,19.92,7.93,49.16,15.77,118.41,2.42,2,4.53,0.812,0.033,2.84
2021-06-12 17:00,19.66,7.92,49.15,15.75,118.77,2.44,2,4.06,0.674,0.035,2.84
2021-06-12 18:00,18.75,7.92,49.18,15.8,117.75,2.42,2,4.33,0.606,0.034,2.85
2021-06-12 19:00,19.54,7.92,49.18,15.8,117.66,2.41,1,4.22,0.659,0.038,2.85
2021-06-12 20:00,19.53,7.92,49.19,15.81,117.58,2.41,1,4.31,0.576,0.035,2.85
2021-06-12 21:00,19.52,7.92,52.2,15.82,117.49,2.41,1,4.04,0.599,0.037,2.85
2021-06-12 22:00,19.51,7.94,44.28,15.82,117.39,2.39,1,3.95,0.558,0.036,2.85
2021-06-12 23:00,21.43,7.92,49.21,15.83,117.12,2.4,1,3.67,0.535,0.037,2.85
2021-06-13 0:00,20.24,7.91,44.235,15.75,118.58,2.44,1,3.63,0.519,0.034,2.84
2021-06-13 1:00,20.16,7.96,49.0,15.52,123.54,2.52,2,3.99,0.529,0.035,2.83
2021-06-13 2:00,19.56,7.92,51.1472,15.79,117.85,2.42,2,4.5,0.54,0.034,2.85
2021-06-13 3:00,19.99,7.94,54.043,15.93,119.04,2.43,2,4.32,0.47,0.033,2.84
2021-06-13 4:00,19.82,7.94,49.12,15.69,120.34,2.46,1,4.51,0.507,0.033,2.84
2021-06-13 5:00,19.66,7.92,49.15,15.75,118.77,2.44,2,4.58,0.484,0.033,2.84
2021-06-13 6:00,19.61,7.92,49.16,15.77,118.32,2.43,1,4.48,0.477,0.034,2.84
2021-06-13 7:00,19.5,7.9,49.2,15.82,117.31,2.42,1,4.39,0.489,0.036,2.85
2021-06-13 8:00,19.48,7.89,52.21,15.83,117.13,2.43,2,4.65,0.499,0.0,2.85
2021-06-13 9:00,19.49,7.89,49.21,15.83,117.22,2.43,2,4.35,0.444,0.037,2.85
2021-06-13 10:00,19.58,7.87,54.087,15.78,118.04,2.46,1,4.76,0.505,0.035,2.85
2021-06-13 11:00,20.79,7.87,49.16,15.77,118.33,2.47,1,4.42,0.507,0.038,2.84
2021-06-13 12:00,19.77,7.88,49.13,15.71,119.87,2.5,1,4.77,0.493,0.038,2.84
2021-06-13 13:00,17.98,7.89,49.14,15.93,118.95,2.47,1,4.2,0.524,0.036,2.84
2021-06-13 14:00,19.78,7.92,49.13,15.7,119.96,2.47,2,4.26,0.473,0.034,2.84
2021-06-13 15:00,20.35,7.95,48.94,15.43,125.37,2.56,2,4.29,0.482,0.036,2.82
2021-06-13 16:00,20.38,7.96,48.92,15.41,125.65,2.56,1,4.32,0.447,0.034,2.81
2021-06-13 17:00,20.31,7.91,48.95,15.45,124.99,2.59,1,4.86,0.447,0.028,2.83
2021-06-13 18:00,19.91,7.9,52.09,15.64,121.19,2.51,1,4.32,0.447,0.032,2.83
2021-06-13 19:00,19.99,7.95,48.97,15.48,124.4,2.54,1,4.94,0.686,0.03,2.83
2021-06-13 20:00,19.75,7.88,49.13,15.71,119.66,2.49,1,4.35,0.603,0.033,2.84
2021-06-13 21:00,20.3,7.94,48.95,15.45,124.89,2.56,2,4.34,0.526,0.028,2.83
2021-06-13 22:00,20.36,7.92,48.93,15.42,125.47,2.59,2,4.06,0.552,0.036,2.82
2021-06-13 23:00,21.11,7.93,48.68,15.07,132.93,2.75,1,4.67,0.528,0.032,2.79
2021-06-14 0:00,21.36,7.98,48.6,14.96,135.49,2.76,2,4.77,0.544,0.031,2.79
2021-06-14 1:00,21.72,8.0,51.49,14.8,139.27,2.83,2,4.93,0.546,0.03,2.77
2021-06-14 2:00,20.37,7.92,44.037,15.42,125.57,2.59,2,4.34,0.544,0.031,2.81
2021-06-14 3:00,20.49,7.92,48.89,15.36,126.74,2.62,4,4.9,0.519,0.027,2.81
2021-06-14 4:00,20.29,7.88,48.96,15.46,124.91,2.61,2,4.93,0.508,0.029,2.83
2021-06-14 5:00,19.7,7.86,49.13,15.93,119.16,2.5,2,4.75,0.552,0.034,2.84
2021-06-14 6:00,20.17,7.9,50.96,15.52,123.65,2.57,2,4.71,0.478,0.028,2.83
2021-06-14 7:00,20.03,7.87,49.05,15.58,122.33,2.56,2,4.52,0.522,0.032,2.83
2021-06-14 8:00,20.83,7.87,49.05,15.58,122.33,2.56,2,4.69,0.514,0.032,2.83
2021-06-14 9:00,20.1,7.88,49.02,15.55,122.99,2.57,2,4.81,0.531,0.032,2.83
2021-06-14 10:00,20.11,7.88,49.02,15.54,123.08,2.57,2,4.41,0.523,0.034,2.83
2021-06-14 11:00,20.25,7.86,45.97,15.48,124.42,2.62,2,4.83,0.499,0.035,2.83
2021-06-14 12:00,22.75,7.91,48.57,14.91,136.55,2.85,2,4.17,0.495,0.034,2.79
2021-06-14 13:00,22.36,8.13,49.27,14.5,146.1,2.87,2,4.41,0.546,0.034,2.76
2021-06-14 14:00,21.34,7.96,48.61,14.97,135.28,2.77,2,5.0,0.5,0.027,2.79
2021-06-14 15:00,20.2,7.87,48.99,15.5,123.94,2.6,2,5.06,0.49,0.027,2.83
2021-06-14 16:00,18.16,7.88,48.99,15.51,123.75,2.59,2,5.15,0.492,0.024,2.83
2021-06-14 17:00,20.21,7.88,48.98,15.5,124.04,2.59,2,4.23,0.489,0.026,2.83
2021-06-14 18:00,20.23,7.89,45.89,15.36,126.74,2.64,2,4.7,0.524,0.026,2.81
2021-06-14 19:00,19.95,7.84,49.07,15.62,121.58,2.57,2,4.28,0.524,0.027,2.83
2021-06-14 20:00,19.97,7.83,49.07,15.61,121.77,2.58,2,4.72,0.524,0.029,2.83
2021-06-14 21:00,19.95,7.82,44.163,15.62,121.58,2.59,2,4.09,0.644,0.027,2.83
2021-06-14 22:00,22.14,7.8,49.01,15.53,123.29,2.65,1,3.94,0.566,0.03,2.83
2021-06-14 23:00,20.02,7.79,49.05,15.59,122.25,2.63,1,4.49,0.584,0.03,2.83
2021-06-15 0:00,20.53,7.89,52.87,15.34,127.13,2.65,2,4.37,0.554,0.03,2.81
2021-06-15 1:00,20.63,7.87,50.3052,15.3,128.12,2.69,2,4.59,0.541,0.026,2.81
2021-06-15 2:00,21.31,7.91,45.62,14.98,134.99,2.81,4,4.92,0.485,0.027,2.79
2021-06-15 3:00,19.99,7.9,48.74,15.15,131.31,2.74,4,4.35,0.545,0.024,2.8
2021-06-15 4:00,20.63,7.87,48.84,15.3,128.12,2.69,3,4.97,0.532,0.023,2.81
2021-06-15 5:00,21.19,7.9,48.66,15.04,133.75,2.79,4,4.7,0.499,0.024,2.79
2021-06-15 6:00,20.73,7.89,50.2743,15.25,129.11,2.7,4,4.5,0.508,0.017,2.81
2021-06-15 7:00,20.58,7.87,48.86,15.32,127.63,2.68,3,4.88,0.512,0.022,2.81
2021-06-15 8:00,20.58,7.87,48.86,15.32,127.63,2.68,2,4.45,0.508,0.024,2.81
2021-06-15 9:00,20.51,7.87,50.8352,15.35,126.95,2.67,2,4.78,0.496,0.023,2.81
2021-06-15 10:00,20.48,7.87,48.89,15.37,126.65,2.66,2,4.06,0.499,0.025,2.81
2021-06-15 11:00,20.43,7.9,50.8664,15.39,126.16,2.62,2,4.24,0.488,0.025,2.81
2021-06-15 12:00,20.39,7.88,50.8768,15.41,125.77,2.63,2,4.61,0.466,0.022,2.81
2021-06-15 13:00,20.35,7.87,48.94,15.43,125.39,2.63,2,4.7,0.487,0.024,2.82
2021-06-15 14:00,20.35,7.88,48.94,15.43,125.38,2.62,2,4.04,0.47,0.025,2.82
2021-06-15 15:00,20.32,7.9,48.95,15.44,125.09,2.6,2,4.03,0.502,0.028,2.83
2021-06-15 16:00,20.25,7.88,48.97,15.48,124.42,2.6,2,3.93,0.458,0.026,2.83
2021-06-15 17:00,20.2,7.85,48.99,15.5,123.95,2.62,2,4.23,0.468,0.025,2.83
2021-06-15 18:00,20.66,7.91,48.83,15.28,128.41,2.66,2,3.9,0.451,0.026,2.81
2021-06-15 19:00,20.7,7.88,48.92,15.4,125.87,2.63,2,3.88,0.455,0.025,2.81
2021-06-15 20:00,20.95,7.94,48.74,15.15,131.3,2.7,3,3.91,0.448,0.028,2.8
2021-06-15 21:00,21.16,7.94,50.7208,15.19,130.39,2.68,2,3.94,0.448,0.026,2.81
2021-06-15 22:00,20.94,7.95,48.74,15.15,131.2,2.69,3,3.73,0.448,0.025,2.8
2021-06-15 23:00,20.92,7.94,48.74,15.16,131.0,2.7,2,4.05,0.537,0.024,2.8
2021-06-16 0:00,20.58,7.87,48.86,15.32,127.63,2.68,2,3.57,0.454,0.023,2.81
2021-06-16 1:00,20.36,7.84,50.8872,15.42,125.48,2.63,2,3.89,0.469,0.025,2.82
2021-06-16 2:00,20.44,7.84,48.9,15.39,126.27,2.68,2,3.66,0.461,0.027,2.81
2021-06-16 3:00,20.44,7.87,48.9,15.39,126.26,2.65,3,3.79,0.459,0.029,2.81
2021-06-16 4:00,19.94,7.91,48.97,15.48,124.32,2.57,4,3.52,0.424,0.027,2.83
2021-06-16 5:00,20.29,7.87,48.96,15.46,124.81,2.62,3,3.73,0.415,0.025,2.83
2021-06-16 6:00,18.22,7.89,48.97,15.48,124.32,2.59,3,4.0,0.496,0.029,2.83
2021-06-16 7:00,20.15,7.85,49.0,15.53,123.47,2.61,2,4.04,0.434,0.0,2.83
2021-06-16 8:00,20.18,7.84,48.99,15.151,123.76,2.62,2,4.18,0.443,0.031,2.83
2021-06-16 9:00,20.2,7.86,48.99,15.5,123.95,2.61,2,3.77,0.458,0.031,2.83
2021-06-16 10:00,21.04,7.85,48.97,15.48,124.33,2.63,2,4.14,0.458,0.03,2.83
2021-06-16 11:00,20.25,7.84,48.97,15.48,124.43,2.64,2,3.69,0.453,0.031,2.83
2021-06-16 12:00,20.32,7.85,48.95,15.44,125.1,2.64,3,3.63,0.443,0.031,2.83
2021-06-16 13:00,20.31,7.83,48.95,15.45,125.01,2.66,3,4.04,0.468,0.031,2.83
2021-06-16 14:00,20.4,7.85,50.8768,15.4,125.88,2.66,3,3.67,0.47,0.029,2.81
2021-06-16 15:00,20.72,7.86,48.91,15.4,126.07,2.66,3,4.0,0.443,0.032,2.81
2021-06-16 16:00,20.32,7.86,48.95,15.44,125.1,2.63,3,4.16,0.462,0.031,2.83
2021-06-16 17:00,20.14,7.85,49.01,15.53,123.38,2.6,3,3.5,0.455,0.031,2.83
2021-06-16 18:00,20.16,7.85,49.0,15.52,123.57,2.61,3,3.88,0.453,0.029,2.83
2021-06-16 19:00,19.28,7.87,49.03,15.56,122.8,2.57,3,4.02,0.468,0.036,2.83
2021-06-16 20:00,19.83,7.86,50.02,15.55,122.9,2.58,3,4.03,0.415,0.032,2.83
2021-06-16 21:00,20.09,7.86,49.02,15.55,122.9,2.58,3,3.68,0.435,0.033,2.83
2021-06-16 22:00,19.97,7.84,48.98,15.49,124.24,2.63,2,3.69,0.455,0.034,2.83
2021-06-16 23:00,20.18,7.82,53.889,15.51,123.96,2.64,2,3.96,0.455,0.032,2.83
2021-06-17 0:00,20.33,7.81,48.94,15.44,125.21,2.68,2,3.75,0.455,0.035,2.82
2021-06-17 1:00,20.29,7.8,48.96,15.46,124.82,2.68,3,3.47,0.49,0.034,2.83
2021-06-17 2:00,20.43,7.78,52.91,15.39,126.18,2.73,2,3.35,0.427,0.035,2.81
2021-06-17 3:00,19.27,7.8,49.03,15.56,122.72,2.63,2,3.66,0.438,0.035,2.83
2021-06-17 4:00,20.38,7.82,46.92,15.41,125.69,2.68,2,3.64,0.401,0.034,2.81
2021-06-17 5:00,20.67,7.88,48.83,15.28,128.52,2.69,2,3.94,0.434,0.035,2.81
2021-06-17 6:00,21.1,7.88,50.2434,15.22,129.81,2.72,3,3.5,0.408,0.031,2.81
2021-06-17 7:00,20.51,7.88,48.88,15.35,126.94,2.66,3,3.75,0.402,0.031,2.81
2021-06-17 8:00,20.63,7.88,48.84,15.3,128.12,2.68,3,4.13,0.369,0.031,2.81
2021-06-17 9:00,20.64,7.88,48.84,15.29,128.22,2.69,3,3.81,0.41,0.032,2.81
2021-06-17 10:00,22.72,7.87,48.83,15.29,128.32,2.7,3,4.08,0.383,0.028,2.81
2021-06-17 11:00,20.76,7.87,52.8,15.23,129.41,2.72,3,3.27,0.414,0.032,2.81
2021-06-17 12:00,20.74,7.88,48.8,15.24,129.21,2.71,2,3.56,0.407,0.031,2.81
2021-06-17 13:00,21.03,7.89,48.71,15.11,132.12,2.77,2,4.03,0.377,0.028,2.79
2021-06-17 14:00,21.04,7.88,48.71,15.1,132.23,2.78,2,3.44,0.377,0.03,2.79
2021-06-17 15:00,21.15,7.9,48.67,15.05,133.34,2.79,2,3.78,0.391,0.033,2.79
2021-06-17 17:00,22.21,7.92,45.68,15.07,132.93,2.76,2,4.04,0.336,0.032,2.79
2021-06-17 18:00,21.81,7.94,48.65,15.03,133.95,2.76,5,3.84,0.382,0.033,2.79
2021-06-17 19:00,21.23,7.9,48.64,15.02,134.17,2.8,4,3.72,0.32,0.03,2.79
2021-06-17 20:00,21.22,7.93,48.65,15.02,134.05,2.77,4,4.52,0.359,0.035,2.79
2021-06-17 21:00,21.19,7.92,48.66,15.04,133.75,2.78,4,4.45,0.378,0.035,2.79
2021-06-17 22:00,21.21,7.92,48.65,15.03,133.95,2.78,3,4.21,0.359,0.031,2.79
2021-06-17 23:00,20.83,7.88,48.69,15.08,132.74,2.79,3,4.64,0.347,0.033,2.79
2021-06-18 0:00,22.26,7.86,50.1816,15.12,131.83,2.79,3,4.67,0.361,0.036,2.8
2021-06-18 1:00,21.02,7.85,48.71,15.11,132.03,2.8,3,4.31,0.361,0.031,2.79
2021-06-18 2:00,21.03,7.85,48.71,15.11,132.13,2.8,3,4.09,0.361,0.039,2.79
2021-06-18 3:00,21.09,7.85,50.1507,15.08,132.74,2.82,3,4.57,0.492,0.035,2.79
2021-06-18 4:00,18.94,7.88,50.1713,15.1,132.23,2.78,4,3.96,0.435,0.034,2.79
2021-06-18 5:00,20.91,7.89,48.75,15.16,130.91,2.74,5,4.37,0.435,0.035,2.81
2021-06-18 6:00,18.86,7.87,49.74,15.15,131.32,2.77,4,5.13,0.483,0.031,2.8
2021-06-18 7:00,20.18,7.93,48.73,15.13,131.61,2.72,4,5.38,0.473,0.03,2.8
2021-06-18 8:00,20.97,7.97,48.73,15.14,131.49,2.68,4,4.96,0.454,0.037,2.8
2021-06-18 9:00,20.95,7.97,48.74,15.15,131.29,2.68,4,4.86,0.395,0.029,2.8
2021-06-18 10:00,20.96,7.99,48.73,15.14,131.39,2.66,4,4.81,0.389,0.024,2.8
2021-06-18 11:00,20.92,7.95,48.74,15.16,130.99,2.69,4,4.65,0.408,0.029,2.8
2021-06-18 12:00,21.42,7.91,48.76,15.18,130.6,2.71,4,4.34,0.371,0.035,2.81
2021-06-18 13:00,20.96,7.91,50.1919,15.14,131.41,2.73,3,5.18,0.324,0.03,2.8
2021-06-18 14:00,20.99,7.93,50.6688,15.13,131.71,2.72,3,4.54,0.333,0.031,2.8
2021-06-18 15:00,21.0,7.97,48.72,15.12,131.79,2.69,3,4.72,0.345,0.031,2.8
2021-06-18 16:00,21.03,7.96,48.71,15.11,132.1,2.7,5,4.72,0.329,0.028,2.79
2021-06-18 17:00,21.02,7.92,48.71,15.11,132.01,2.74,5,4.95,0.331,0.0,2.79
2021-06-18 18:00,21.09,7.9,48.69,15.08,132.73,2.77,7,4.93,0.352,0.028,2.79
2021-06-18 19:00,21.11,7.88,48.68,15.07,132.94,2.79,6,4.92,0.376,0.032,2.79
2021-06-18 20:00,21.38,7.9,48.69,15.09,132.63,2.77,6,5.05,0.381,0.031,2.79
2021-06-18 21:00,21.04,7.92,48.71,15.1,132.22,2.74,5,5.22,0.368,0.032,2.79
2021-06-18 22:00,21.3,7.94,48.72,15.12,131.8,2.71,5,4.75,0.401,0.034,2.8
2021-06-18 23:00,20.99,7.95,48.72,15.13,131.7,2.7,5,4.99,0.41,0.034,2.8
2021-06-19 0:00,20.98,7.95,50.1919,15.13,131.6,2.7,5,5.38,0.402,0.031,2.8
2021-06-19 1:00,20.91,7.95,48.75,15.16,130.89,2.69,5,4.5,0.341,0.034,2.81
2021-06-19 2:00,20.91,7.92,53.625,15.16,130.9,2.71,4,4.61,0.331,0.031,2.81
2021-06-19 3:00,20.94,7.91,50.6896,15.15,131.21,2.73,4,4.63,0.331,0.027,2.8
2021-06-19 4:00,20.94,7.92,50.6896,15.15,131.2,2.72,4,4.39,0.331,0.033,2.8
2021-06-19 5:00,20.94,7.91,48.74,15.15,131.21,2.73,5,4.56,0.408,0.033,2.8
2021-06-19 6:00,20.95,7.91,47.74,15.15,131.31,2.73,5,4.21,0.323,0.031,2.8
2021-06-19 7:00,20.93,7.91,48.74,15.16,131.11,2.72,4,4.45,0.332,0.031,2.8
2021-06-19 8:00,20.93,7.9,53.614,15.16,131.11,2.73,4,4.25,0.314,0.036,2.8
2021-06-19 9:00,20.92,7.9,48.74,15.16,131.01,2.73,4,4.33,0.311,0.034,2.8
2021-06-19 10:00,20.94,7.9,48.74,15.15,131.21,2.74,5,4.49,0.302,0.031,2.8
2021-06-19 11:00,20.94,7.88,45.74,15.15,131.22,2.75,5,4.37,0.352,0.032,2.8
2021-06-19 12:00,21.03,7.89,48.71,15.11,132.12,2.77,5,4.33,0.345,0.03,2.79
2021-06-19 13:00,21.01,7.89,48.72,15.12,131.92,2.76,5,4.22,0.319,0.03,2.79
2021-06-19 14:00,21.04,7.88,48.71,51.1,132.23,2.78,4,4.14,0.293,0.032,2.79
2021-06-19 15:00,21.54,7.9,48.55,14.88,137.39,2.88,4,4.19,0.353,0.031,2.78
2021-06-19 16:00,23.58,8.28,49.8576,14.01,160.31,3.08,5,3.86,0.315,0.031,2.72
2021-06-19 17:00,22.78,8.33,48.17,14.34,150.85,2.83,5,4.55,0.306,0.029,2.74
2021-06-19 18:00,23.18,8.32,46.05,14.17,155.5,2.94,5,6.59,0.415,0.033,2.74
2021-06-19 19:00,22.87,8.29,48.14,14.3,151.91,2.88,5,5.38,0.417,0.032,2.74
2021-06-19 20:00,21.14,8.2,50.1301,15.06,133.14,2.53,5,5.33,0.361,0.03,2.79
2021-06-19 21:00,21.09,7.96,48.69,15.08,132.71,2.72,6,7.26,0.48,0.035,2.79
2021-06-19 22:00,20.99,7.89,53.592,15.13,131.72,2.76,6,11.39,0.736,0.057,2.8
2021-06-19 23:00,20.97,7.84,48.73,15.14,131.53,2.8,6,9.24,0.579,0.043,2.8
2021-06-20 0:00,21.02,7.79,43.839,15.11,132.05,2.86,8,6.02,0.433,0.041,2.79
2021-06-20 1:00,20.98,7.74,48.73,15.13,131.65,2.9,8,17.95,0.881,0.07,2.8
2021-06-20 2:00,20.95,7.66,48.73,15.15,131.36,2.97,7,21.14,1.566,0.0,2.8
2021-06-20 3:00,20.86,7.66,50.2228,15.19,13.46,2.94,6,18.19,1.256,0.081,2.81
2021-06-20 4:00,20.87,7.64,52.76,15.18,130.56,2.97,6,12.99,0.786,0.063,2.81
2021-06-20 5:00,20.95,7.55,48.73,15.15,131.38,3.08,5,10.14,0.786,0.05,2.8
2021-06-20 6:00,20.72,7.53,50.6792,15.13,131.69,3.11,5,8.03,0.786,0.037,2.8
2021-06-20 7:00,21.01,7.58,50.6584,15.12,131.98,3.06,4,6.43,0.39,0.026,2.79
2021-06-20 8:00,21.91,7.7,48.43,14.71,141.39,3.17,5,5.74,0.271,0.026,2.77
2021-06-20 9:00,21.97,7.76,50.3464,14.68,142.02,3.13,7,4.93,0.232,0.023,2.77
2021-06-20 10:00,22.16,7.78,48.33,14.59,144.0,3.15,7,7.24,0.44,0.039,2.76
2021-06-20 11:00,21.56,7.83,48.54,14.87,137.62,2.95,6,5.03,0.315,0.029,2.78
2021-06-20 12:00,21.8,7.82,48.46,14.76,140.18,3.02,7,6.44,0.427,0.04,2.77
2021-06-20 13:00,21.89,7.79,48.44,14.72,141.15,3.07,7,4.73,0.309,0.032,2.77
2021-06-20 14:00,21.81,7.81,48.46,14.76,140.29,3.03,7,4.9,0.3,0.035,2.77
2021-06-20 15:00,22.0,7.8,48.37,14.65,142.22,3.08,7,4.42,0.305,0.036,2.77
2021-06-20 16:00,22.69,7.84,48.19,14.37,150.01,3.24,6,4.53,0.312,0.035,2.74
2021-06-20 17:00,23.01,7.97,48.1,14.24,153.66,3.2,7,4.46,0.298,0.035,2.74
2021-06-20 18:00,23.05,7.95,49.09,14.22,154.14,3.23,7,5.28,0.321,0.04,2.74
2021-06-20 19:00,23.07,7.95,48.08,14.22,154.37,3.24,8,7.76,0.468,0.07,2.74
2021-06-20 20:00,23.02,7.91,48.1,14.24,153.8,3.26,7,0.0,0.885,0.068,2.74
2021-06-20 21:00,22.39,7.91,50.1904,14.49,146.52,3.08,8,7.76,0.617,0.051,2.75
2021-06-20 22:00,22.71,7.84,48.19,14.37,150.24,3.25,9,6.66,0.564,0.044,2.74
2021-06-20 23:00,22.64,7.83,50.1384,14.4,149.45,3.24,8,5.7,0.521,0.044,2.75
2021-06-21 0:00,22.35,7.86,48.27,14.5,146.08,3.12,8,4.71,0.37,0.035,2.76
2021-06-21 1:00,22.28,7.93,48.29,14.53,145.28,3.03,8,5.24,0.347,0.038,2.76
2021-06-21 2:00,22.28,7.93,48.29,14.53,145.28,3.03,8,4.67,0.302,0.036,2.76
2021-06-21 3:00,22.23,7.94,48.3,14.55,144.71,3.01,7,5.06,0.325,0.032,2.76
2021-06-21 4:00,22.23,7.94,48.3,14.55,144.71,3.01,7,4.77,0.324,0.034,2.76
2021-06-21 5:00,22.25,7.93,50.232,14.54,144.94,3.02,8,4.45,0.288,0.032,2.76
2021-06-21 6:00,22.17,7.92,48.32,14.58,144.07,3.01,7,4.41,0.299,0.036,2.76
2021-06-21 7:00,21.92,7.93,48.43,14.71,141.44,2.95,7,4.71,0.299,0.032,2.77
2021-06-21 8:00,21.89,7.93,45.44,14.72,141.11,2.94,7,4.34,0.299,0.03,2.77
2021-06-21 9:00,21.85,7.95,48.45,14.74,140.68,2.91,8,4.31,0.436,0.031,2.77
2021-06-21 10:00,21.92,8.0,48.43,14.71,141.41,2.88,8,4.35,0.328,0.03,2.77
2021-06-21 11:00,21.9,8.0,48.43,14.72,141.2,2.88,8,4.61,0.303,0.028,2.77
2021-06-21 12:00,21.86,7.99,48.45,14.73,140.77,2.87,7,4.41,0.313,0.028,2.77
2021-06-21 13:00,21.84,7.97,48.45,14.74,140.56,2.89,7,4.19,0.279,0.029,2.77
2021-06-21 14:00,21.86,7.97,48.44,14.73,140.78,2.89,7,4.16,0.322,0.027,2.77
2021-06-21 15:00,21.94,7.96,48.42,14.7,141.64,2.91,7,4.23,0.292,0.028,2.77
2021-06-21 16:00,21.94,7.93,48.42,14.7,141.65,2.95,7,4.4,0.307,0.029,2.77
2021-06-21 17:00,22.12,7.92,48.34,14.6,143.52,3.0,7,4.08,0.32,0.029,2.76
2021-06-21 18:00,23.17,7.95,48.06,14.17,155.55,3.26,7,4.17,0.31,0.029,2.74
2021-06-21 19:00,23.54,7.99,47.95,14.02,159.96,3.33,8,4.12,0.326,0.033,2.72
2021-06-21 20:00,23.94,8.03,47.84,13.86,164.84,3.41,8,4.53,0.373,0.036,2.71
2021-06-21 21:00,24.47,8.03,47.78,13.77,167.73,3.48,8,4.93,0.396,0.037,2.7
2021-06-21 22:00,25.51,8.02,48.05,14.17,155.76,3.2,8,5.65,0.398,0.033,2.74
2021-06-21 23:00,22.54,7.96,48.24,14.44,148.28,3.08,8,6.32,0.492,0.039,2.75
2021-06-22 0:00,21.21,7.91,48.37,14.65,142.3,2.98,8,5.72,0.44,0.036,2.77
2021-06-22 1:00,19.54,7.86,49.49,14.8,139.2,2.96,8,5.73,0.44,0.032,2.78
2021-06-22 2:00,21.54,7.8,48.55,14.88,137.42,2.97,9,5.43,0.423,0.039,2.78
2021-06-22 3:00,21.5,7.81,48.56,14.89,137.0,2.95,8,5.13,0.434,0.038,2.78
2021-06-22 4:00,21.55,7.8,49.9962,14.87,137.53,2.98,8,5.23,0.398,0.036,2.78
2021-06-22 5:00,21.54,7.79,48.55,14.88,137.42,2.98,8,4.29,0.353,0.043,2.78
2021-06-22 6:00,21.52,7.77,48.55,14.89,137.22,3.0,8,4.72,0.373,0.04,2.78
2021-06-22 7:00,22.14,7.76,43.695,14.88,137.43,3.01,8,4.56,0.367,0.039,2.78
2021-06-22 8:00,21.49,7.76,48.56,14.9,136.9,3.0,8,4.5,0.363,0.039,2.78
2021-06-22 9:00,21.52,7.76,50.55,14.89,137.22,3.01,11,4.15,0.363,0.041,2.78
2021-06-22 10:00,21.43,7.76,48.58,14.93,136.27,2.98,5,4.4,0.363,0.04,2.79
2021-06-22 11:00,21.44,7.75,50.0374,14.92,136.38,3.0,5,4.22,0.466,0.041,2.79
2021-06-22 12:00,21.48,7.74,48.56,14.9,136.8,3.02,6,4.56,0.373,0.043,2.78
2021-06-22 13:00,21.72,7.78,48.49,14.8,139.33,3.04,5,3.89,0.345,0.042,2.77
2021-06-22 14:00,22.08,7.79,48.35,14.62,143.11,3.11,6,4.07,0.367,0.043,2.76
2021-06-22 15:00,22.14,7.79,48.33,14.59,143.78,3.13,6,3.94,0.351,0.04,2.76
2021-06-22 16:00,22.28,7.81,48.29,14.53,145.31,3.15,7,4.12,0.369,0.039,2.76
2021-06-22 17:00,23.81,7.82,48.26,14.47,147.42,3.2,5,4.1,0.382,0.038,2.75
2021-06-22 18:00,22.73,7.86,48.27,14.48,147.05,3.15,5,4.57,0.372,0.035,2.76
2021-06-22 19:00,22.65,7.85,48.27,14.5,146.08,3.13,5,4.05,0.36,0.033,2.76
2021-06-22 20:00,22.71,7.8,50.19,14.37,150.25,3.29,5,4.17,0.392,0.038,2.74
2021-06-22 21:00,22.97,7.84,48.11,14.26,153.24,3.32,5,3.88,0.381,0.037,2.74
2021-06-22 22:00,22.89,7.89,48.14,14.29,152.3,3.25,7,4.55,0.367,0.036,2.74
2021-06-22 23:00,22.71,7.9,48.11,14.26,153.22,3.26,7,4.31,0.391,0.036,2.74
2021-06-23 0:00,22.76,7.85,50.0968,14.34,150.81,3.25,7,4.69,0.4,0.036,2.74
2021-06-23 1:00,22.34,7.84,48.27,14.51,145.97,3.13,6,4.97,0.455,0.041,2.76
2021-06-23 2:00,21.66,7.77,48.51,14.82,138.69,3.03,6,4.47,0.43,0.04,2.78
2021-06-23 3:00,21.61,7.71,48.52,14.84,138.18,3.08,6,4.55,0.445,0.041,2.78
2021-06-23 4:00,21.6,7.71,51.53,14.85,138.07,3.08,6,4.41,0.454,0.044,2.78
2021-06-23 5:00,21.56,7.7,49.9962,14.87,137.65,3.08,6,4.51,0.436,0.044,2.78
2021-06-23 6:00,21.67,7.7,48.5,14.82,138.81,3.11,6,4.38,0.41,0.05,2.78
2021-06-23 7:00,21.61,7.7,48.52,14.84,138.18,3.09,6,4.14,0.4,0.047,2.78
2021-06-23 8:00,21.57,7.69,48.54,14.86,137.76,3.09,5,4.34,0.382,0.044,2.78
2021-06-23 9:00,21.25,7.68,51.55,14.89,137.13,3.09,5,4.11,0.412,0.048,2.78
2021-06-23 10:00,21.6,7.68,48.53,14.85,138.08,3.11,5,3.85,0.412,0.045,2.78
2021-06-23 11:00,21.58,7.7,48.53,14.86,137.86,3.08,5,4.24,0.412,0.046,2.78
2021-06-23 12:00,21.3,7.69,48.54,14.87,137.65,3.09,6,4.15,0.412,0.048,2.78
2021-06-23 13:00,21.51,7.66,48.55,14.89,137.13,3.11,6,4.19,0.511,0.047,2.78
2021-06-23 14:00,21.52,7.66,48.55,14.89,137.24,3.11,6,4.6,0.45,0.047,2.78
2021-06-23 15:00,21.61,7.65,48.52,14.84,138.19,3.14,5,4.07,0.428,0.047,2.78
2021-06-23 16:00,22.96,7.66,48.51,14.82,138.72,3.15,5,3.92,0.403,0.047,2.78
2021-06-23 17:00,21.67,7.62,50.5,14.82,138.83,3.19,5,3.43,0.423,0.048,2.78
2021-06-23 18:00,21.66,7.63,48.51,14.82,138.72,3.18,5,3.82,0.413,0.048,2.78
2021-06-23 19:00,21.59,7.65,48.53,14.85,137.98,3.14,5,3.71,0.425,0.054,2.78
2021-06-23 20:00,21.62,7.64,49.52,14.84,138.3,3.16,5,3.29,0.411,0.051,2.78
2021-06-23 21:00,21.72,7.63,48.49,14.8,139.36,3.19,5,2.79,0.419,0.051,2.77
2021-06-23 22:00,21.64,7.64,50.4504,14.83,138.51,3.16,5,3.38,0.42,0.051,2.78
2021-06-23 23:00,21.47,7.65,48.57,14.91,136.72,3.11,6,3.64,0.435,0.052,2.79
2021-06-24 0:00,21.7,7.68,48.49,14.8,139.14,3.14,7,3.45,0.417,0.05,2.78
2021-06-24 1:00,21.49,7.66,48.56,14.9,136.92,3.1,7,3.91,0.414,0.05,2.78
2021-06-24 2:00,21.59,7.68,48.53,14.85,137.97,3.11,7,4.03,0.422,0.053,2.78
2021-06-24 3:00,21.63,7.73,48.52,14.84,138.38,3.07,5,4.14,0.457,0.052,2.78
2021-06-24 4:00,22.81,7.68,48.55,14.89,137.24,3.09,6,3.74,0.435,0.054,2.78
2021-06-24 5:00,21.58,7.65,48.53,14.86,137.87,3.14,6,3.5,0.422,0.051,2.78
2021-06-24 6:00,21.61,7.66,48.52,14.84,138.19,3.13,5,3.93,0.416,0.05,2.78
2021-06-24 7:00,21.56,7.66,48.54,14.87,137.66,3.12,5,4.0,0.434,0.049,2.78
2021-06-24 8:00,21.58,7.63,50.4712,14.86,137.88,3.16,5,3.88,0.502,0.052,2.78
2021-06-24 9:00,21.6,7.62,49.9859,14.85,138.09,3.17,5,4.07,0.477,0.055,2.78
2021-06-24 10:00,23.0,7.64,50.4296,14.8,139.15,3.18,5,3.58,0.458,0.054,2.78
2021-06-24 11:00,21.7,7.66,48.49,14.8,139.14,3.16,5,3.53,0.445,0.052,2.78
2021-06-24 12:00,22.31,7.71,48.27,14.52,145.65,3.26,6,3.86,0.443,0.055,2.76
2021-06-24 13:00,22.5,7.78,43.641,14.8,139.12,3.03,0,3.86,0.443,0.055,2.78
2021-06-24 14:00,22.1,7.84,50.2736,14.61,143.32,3.07,2,3.86,0.443,0.055,2.76
2021-06-24 15:00,22.59,7.87,48.29,14.53,145.41,3.09,2,3.86,0.507,0.045,2.76
2021-06-24 16:00,21.98,7.81,48.37,14.66,142.0,3.07,2,3.19,0.509,0.045,2.77
2021-06-24 17:00,22.04,7.79,48.36,14.63,142.67,3.1,2,2.81,0.394,0.039,2.76
2021-06-24 18:00,22.04,7.79,48.36,14.63,142.67,3.1,2,3.13,0.416,0.047,2.76
2021-06-24 19:00,24.04,8.24,48.81,13.82,165.99,3.25,16,2.77,0.434,0.044,2.71
2021-06-24 20:00,25.0,8.83,49.4416,13.44,177.96,3.19,7,3.1,0.421,0.045,2.68
2021-06-24 21:00,24.97,8.85,47.55,13.45,177.54,3.19,8,12.67,3.421,0.0,2.68
2021-06-24 22:00,24.87,8.83,47.6,13.5,176.34,3.16,8,11.85,3.603,0.054,2.69
2021-06-24 23:00,24.73,8.76,47.56,13.47,177.05,3.19,7,12.08,3.576,0.054,2.68
2021-06-25 0:00,21.62,7.88,48.52,14.84,138.24,2.92,7,11.85,3.563,0.055,2.78
2021-06-25 1:00,23.8,7.89,48.51,14.83,138.45,2.91,3,3.75,1.067,0.048,2.78
2021-06-25 2:00,21.69,7.89,48.5,14.81,138.98,2.92,3,2.38,0.549,0.048,2.78
2021-06-25 3:00,21.69,7.88,48.5,14.81,138.98,2.93,3,2.64,0.45,0.048,2.78
2021-06-25 4:00,21.7,7.88,48.49,14.8,139.09,2.94,3,2.31,0.4,0.042,2.78
2021-06-25 5:00,23.91,7.87,50.4192,14.97,139.52,2.96,3,2.69,0.393,0.042,2.77
2021-06-25 6:00,21.74,7.87,48.48,14.97,139.52,2.96,3,2.75,0.404,0.045,2.77
2021-06-25 7:00,21.73,7.86,43.632,14.79,139.42,2.96,2,2.46,0.41,0.041,2.77
2021-06-25 8:00,21.75,7.86,50.48,14.78,139.63,2.97,1,2.43,0.392,0.043,2.77
2021-06-25 10:00,21.84,7.87,50.388,14.74,140.59,2.98,2,2.58,0.375,0.043,2.77
2021-06-25 11:00,23.49,7.88,48.33,14.59,143.97,3.05,2,2.83,0.391,0.045,2.76
2021-06-25 12:00,22.22,7.89,50.232,14.56,144.61,3.05,1,2.66,0.388,0.044,2.76
2021-06-25 13:00,22.82,7.93,48.16,14.32,151.48,3.19,2,2.72,0.359,0.045,2.75
2021-06-25 14:00,22.47,7.93,48.26,14.47,147.5,3.09,2,2.66,0.366,0.043,2.75
2021-06-25 15:00,22.71,7.94,48.19,14.37,150.21,3.15,3,2.94,0.366,0.041,2.74
2021-06-25 16:00,22.62,7.92,53.031,14.4,149.19,3.14,3,2.23,0.366,0.043,2.75
2021-06-25 17:00,22.58,7.95,50.1592,14.42,148.73,3.1,4,2.96,0.471,0.041,2.75
2021-06-25 18:00,21.53,7.91,48.27,14.51,145.83,3.06,3,2.63,0.402,0.041,2.76
2021-06-25 19:00,22.08,7.9,45.35,14.62,143.08,3.01,3,3.26,0.376,0.041,2.76
2021-06-25 20:00,24.85,8.36,47.51,13.4,179.73,3.48,6,2.94,0.368,0.04,2.68
2021-06-25 21:00,25.73,8.96,52.041,13.08,192.26,3.55,5,3.21,0.363,0.042,2.65
2021-06-25 22:00,27.84,9.12,48.6778,13.0,195.54,3.62,8,11.21,3.013,0.054,2.65
2021-06-25 23:00,26.18,9.15,47.28,13.03,194.37,3.6,9,11.78,3.298,0.059,2.65
2021-06-26 0:00,22.27,8.14,50.2216,14.54,145.09,2.84,13,12.81,3.327,0.047,2.76
2021-06-26 1:00,21.75,7.9,48.48,14.78,139.62,2.93,9,12.22,3.343,0.043,2.77
2021-06-26 2:00,23.08,7.9,48.47,14.77,139.83,2.93,11,4.61,0.858,0.046,2.77
2021-06-26 3:00,23.1,7.87,48.47,14.76,140.06,2.97,5,4.17,0.527,0.052,2.77
2021-06-26 4:00,21.87,7.86,53.284,14.73,140.92,3.0,5,3.69,0.444,0.05,2.77
2021-06-26 5:00,22.04,7.87,45.36,14.64,142.65,3.05,6,4.12,0.447,0.049,2.76
2021-06-26 6:00,21.85,7.86,49.9035,14.74,140.7,2.99,4,3.6,0.433,0.048,2.77
2021-06-26 7:00,21.97,7.87,48.41,14.69,142.0,3.02,6,4.18,0.434,0.045,2.77
2021-06-26 8:00,21.97,7.85,48.41,14.69,142.0,3.04,3,3.83,0.412,0.044,2.77
2021-06-26 9:00,22.08,7.84,49.8005,14.62,143.1,3.06,3,4.27,0.434,0.043,2.76
2021-06-26 10:00,22.09,7.84,45.35,14.61,143.21,3.07,3,4.06,0.456,0.045,2.76
2021-06-26 11:00,22.27,7.84,48.29,14.54,145.19,3.12,2,3.85,0.445,0.048,2.76
2021-06-26 12:00,22.07,7.81,53.185,14.62,142.99,3.09,2,3.94,0.451,0.046,2.76
2021-06-26 13:00,22.09,7.85,48.35,14.61,143.21,3.06,2,3.94,0.438,0.045,2.76
2021-06-26 14:00,22.02,7.85,48.36,14.64,142.43,3.04,2,3.01,0.439,0.049,2.76
2021-06-26 15:00,22.03,7.88,48.36,14.64,142.53,3.01,5,3.68,0.413,0.044,2.76
2021-06-26 16:00,22.12,7.92,49.34,14.6,143.52,3.0,4,3.44,0.409,0.046,2.76
2021-06-26 17:00,22.12,7.89,48.34,14.6,143.53,3.03,3,3.71,0.409,0.042,2.76
2021-06-26 18:00,22.18,7.88,48.32,14.58,144.2,3.05,2,3.22,0.409,0.043,2.76
2021-06-26 19:00,22.13,7.86,45.33,14.6,143.65,3.06,2,3.55,0.488,0.0,2.76
2021-06-26 20:00,22.1,7.87,49.7902,14.61,143.31,3.04,2,3.13,0.398,0.045,2.76
2021-06-26 21:00,22.24,7.86,48.3,14.55,144.85,3.09,3,2.66,0.395,0.045,2.76
2021-06-26 22:00,22.15,7.82,50.2632,14.59,143.88,3.1,2,3.34,0.383,0.047,2.76
2021-06-26 23:00,22.37,7.79,48.26,14.49,146.3,3.19,2,3.01,0.393,0.046,2.75
2021-06-27 0:00,22.43,7.82,48.27,14.48,147.06,3.9,2,3.44,0.432,0.043,2.76
2021-06-27 1:00,22.65,7.87,48.21,14.39,149.55,3.2,4,2.89,0.439,0.044,2.75
2021-06-27 2:00,22.1,7.83,48.34,14.61,143.32,3.08,2,3.33,0.39,0.041,2.76
2021-06-27 3:00,22.13,7.87,48.33,14.6,143.64,3.05,3,3.18,0.39,0.042,2.76
2021-06-27 4:00,22.16,7.86,48.33,14.59,143.98,3.07,3,3.46,0.369,0.041,2.76
2021-06-27 5:00,22.2,7.86,48.31,14.56,144.39,3.07,2,3.41,0.369,0.041,2.76
2021-06-27 6:00,22.16,7.84,48.33,14.59,143.99,3.09,3,3.69,0.372,0.041,2.76
2021-06-27 7:00,22.04,7.86,48.29,14.53,145.53,3.1,2,3.77,0.377,0.041,2.76
2021-06-27 8:00,22.11,7.84,48.34,14.61,143.43,3.07,3,3.72,0.373,0.043,2.76
2021-06-27 9:00,22.18,7.83,49.7696,14.58,144.21,3.1,2,3.99,0.395,0.043,2.76
2021-06-27 10:00,22.27,7.82,48.29,14.54,145.2,3.14,2,3.57,0.397,0.044,2.76
2021-06-27 11:00,22.39,7.81,48.26,14.49,146.55,3.18,2,3.93,0.387,0.045,2.75
2021-06-27 12:00,22.37,7.8,48.26,14.49,146.3,3.18,2,4.12,0.407,0.045,2.75
2021-06-27 13:00,22.42,7.82,48.26,14.48,146.93,3.18,2,3.5,0.407,0.044,2.76
2021-06-27 14:00,22.38,7.82,48.26,14.49,146.42,3.17,2,3.82,0.39,0.044,2.75
2021-06-27 15:00,22.29,7.83,46.29,14.53,145.42,3.13,2,3.63,0.408,0.044,2.76
2021-06-27 16:00,23.9,7.85,48.24,14.43,148.42,3.19,2,3.21,0.405,0.049,2.75
2021-06-27 17:00,23.22,7.94,48.04,14.15,156.14,3.29,3,3.49,0.391,0.047,2.74
2021-06-27 18:00,22.25,7.82,45.3,14.54,144.97,3.13,2,3.79,0.394,0.043,2.76
2021-06-27 19:00,22.31,7.82,48.27,14.52,145.62,3.14,2,3.29,0.394,0.041,2.76
2021-06-27 20:00,22.27,7.82,49.7387,14.54,145.2,3.14,3,3.68,0.394,0.048,2.76
2021-06-27 21:00,22.25,7.84,48.3,14.54,144.97,3.11,3,3.32,0.486,0.049,2.76
2021-06-27 22:00,22.29,7.81,48.29,1.53,145.43,3.15,2,3.61,0.405,0.047,2.76
2021-06-27 23:00,23.11,7.82,48.07,14.2,154.88,3.38,3,3.4,0.398,0.048,2.74
2021-06-28 0:00,21.38,7.91,45.89,13.93,162.66,3.48,3,3.11,0.412,0.048,2.72
2021-06-28 1:00,22.7,7.81,48.19,14.37,150.14,3.28,2,3.34,0.377,0.038,2.74
2021-06-28 2:00,22.83,7.82,48.15,14.32,151.63,3.3,3,3.89,0.37,0.0,2.75
2021-06-28 3:00,22.91,7.82,49.7181,14.52,145.62,3.14,3,3.44,0.381,0.0,2.76
2021-06-28 4:00,22.32,7.82,49.7181,14.51,145.74,3.15,3,3.7,0.419,0.0,2.76
2021-06-28 5:00,22.2,7.82,48.31,14.56,144.4,3.12,3,3.55,0.402,0.0,2.76
2021-06-28 6:00,22.54,7.82,48.3,14.55,144.86,3.13,3,3.83,0.408,0.0,2.76
2021-06-28 7:00,22.35,7.8,48.27,14.5,146.1,3.18,2,4.17,0.417,0.0,2.76
2021-06-28 8:00,21.92,7.8,49.32,14.58,144.22,3.13,3,3.76,0.391,0.0,2.76
2021-06-28 9:00,22.39,7.81,48.26,14.49,146.55,3.18,3,3.85,0.408,0.04,2.75
2021-06-28 10:00,22.38,7.78,48.26,14.49,146.43,3.21,3,3.69,0.408,0.0,2.75
2021-06-28 11:00,22.45,7.78,48.27,14.48,147.32,3.24,2,3.28,0.404,0.045,2.76
2021-06-28 12:00,22.45,7.77,43.443,14.48,147.32,3.25,2,3.7,0.426,0.043,2.76
2021-06-28 13:00,22.65,7.82,48.21,14.39,149.56,3.25,2,3.76,0.419,0.046,2.75
2021-06-28 14:00,23.12,7.96,49.5121,14.19,154.95,3.23,3,4.21,0.404,0.044,2.74
2021-06-28 15:00,24.79,7.8,48.24,14.44,148.32,3.24,2,3.91,0.349,0.036,2.75
2021-06-28 16:00,22.36,7.79,48.27,14.5,146.22,3.19,2,3.55,0.414,0.043,2.76
2021-06-28 17:00,22.31,7.8,48.27,14.52,145.62,3.17,2,3.85,0.406,0.043,2.76
2021-06-28 18:00,22.36,7.79,48.27,14.5,146.22,3.19,3,4.01,0.402,0.0,2.76
2021-06-28 19:00,22.76,7.79,53.086,14.47,147.42,3.23,3,3.68,0.407,0.046,2.75
2021-06-28 20:00,24.78,7.8,48.24,14.44,148.21,3.24,3,4.29,0.399,0.043,2.75
2021-06-28 21:00,22.46,7.77,48.26,14.47,147.43,3.25,3,3.78,0.399,0.04,2.75
2021-06-28 22:00,22.53,7.79,48.24,14.44,148.21,3.25,3,3.62,0.399,0.048,2.75
2021-06-28 23:00,22.46,7.8,48.26,14.47,147.42,3.22,3,3.9,0.526,0.045,2.75
2021-06-29 0:00,24.35,7.79,50.0344,14.26,153.25,3.37,3,3.79,0.424,0.043,2.74
2021-06-29 1:00,23.52,7.88,47.96,14.03,159.75,3.44,7,3.58,0.426,0.043,2.72
2021-06-29 2:00,22.81,7.81,48.16,14.32,151.4,3.31,3,3.74,0.387,0.037,2.74
2021-06-29 3:00,22.68,7.77,48.26,14.49,146.44,3.22,3,4.07,0.401,0.0,2.75
2021-06-29 4:00,22.98,7.83,48.26,14.49,146.42,3.16,4,4.06,0.389,0.039,2.75
2021-06-29 5:00,22.47,7.84,48.26,14.47,147.53,3.18,3,3.67,0.425,0.043,2.75
2021-06-29 6:00,22.48,7.83,48.26,14.46,147.64,3.19,3,4.18,0.393,0.042,2.75
2021-06-29 7:00,22.54,7.82,48.24,14.44,148.32,3.22,3,4.1,0.396,0.043,2.75
2021-06-29 8:00,22.5,7.84,48.17,14.34,150.82,3.26,3,4.06,0.391,0.044,2.74
2021-06-29 9:00,23.19,7.84,48.21,14.39,149.56,3.23,3,3.85,0.393,0.039,2.75
2021-06-29 10:00,22.79,7.8,48.16,14.33,151.17,3.31,2,3.94,0.388,0.039,2.74
2021-06-29 11:00,22.54,7.76,49.6872,14.44,148.33,3.28,2,4.36,0.411,0.041,2.75
2021-06-29 12:00,22.81,7.78,48.16,14.32,151.41,3.34,3,3.98,0.419,0.042,2.74
2021-06-29 13:00,22.87,7.78,48.14,14.3,152.1,3.35,3,3.92,0.43,0.045,2.74
2021-06-29 14:00,23.19,7.86,49.22,14.12,140.49,3.17,2,3.87,0.442,0.044,2.76
2021-06-29 15:00,25.25,8.01,48.56,13.3,163.77,3.6,3,3.58,0.397,0.036,2.71
2021-06-29 16:00,25.8,8.13,48.36,13.16,189.48,3.95,4,3.52,0.343,0.034,2.67
2021-06-29 17:00,27.28,8.12,47.37,13.18,188.64,3.93,3,3.94,0.277,0.03,2.67
2021-06-29 18:00,25.52,8.11,49.43,13.26,185.58,3.87,4,4.62,0.377,0.031,2.67
2021-06-29 19:00,23.38,7.9,49.15,14.04,142.5,3.18,4,4.31,0.313,0.026,2.76
2021-06-29 20:00,23.24,7.91,49.2,14.1,141.0,3.13,5,4.42,0.288,0.0,2.76
2021-06-29 21:00,23.28,7.88,51.2616,14.21,138.27,3.09,10,4.43,0.349,0.032,2.78
2021-06-29 22:00,22.88,7.87,49.32,14.25,137.23,3.08,0,4.19,0.37,0.034,2.78
2021-06-29 23:00,22.8,7.85,49.34,14.28,136.41,3.08,16,4.28,0.37,0.035,2.78
2021-06-30 0:00,23.11,7.84,54.274,14.28,136.41,3.09,9,4.28,0.37,0.04,2.78
2021-06-30 1:00,22.93,7.81,54.23,14.23,137.77,3.15,2,4.08,0.478,0.042,2.78
2021-06-30 2:00,22.96,7.81,50.7687,14.22,138.08,3.16,3,4.29,0.401,0.041,2.78
2021-06-30 3:00,23.86,7.82,49.1,13.97,144.47,3.32,3,4.12,0.402,0.04,2.76
2021-06-30 4:00,22.8,7.81,48.16,14.33,151.29,3.3,2,4.2,0.389,0.041,2.74
2021-06-30 5:00,22.82,7.83,49.34,14.28,136.62,3.1,2,4.33,0.375,0.042,2.78
2021-06-30 6:00,22.87,7.83,50.7996,14.26,137.14,3.12,4,3.99,0.382,0.041,2.78
2021-06-30 7:00,23.33,7.85,49.17,14.06,141.98,3.22,3,4.29,0.376,0.039,2.76
2021-06-30 8:00,23.35,7.85,53.16,14.06,142.19,3.22,3,4.73,0.349,0.039,2.76
2021-06-30 9:00,24.02,7.91,48.95,13.78,149.52,3.35,5,4.56,0.361,0.04,2.74
2021-06-30 10:00,22.8,7.84,49.34,14.28,136.41,3.09,3,4.43,0.351,0.036,2.78
2021-06-30 11:00,22.8,7.81,48.16,14.33,151.29,3.3,4,4.49,0.335,0.032,2.74
2021-06-30 12:00,22.64,7.75,49.4,14.35,134.79,3.14,4,4.21,0.404,0.038,2.78
2021-06-30 13:00,22.73,7.77,52.37,14.32,135.71,3.14,5,4.38,0.39,0.039,2.78
2021-06-30 14:00,23.3,7.79,49.18,14.08,141.68,3.28,4,4.33,0.394,0.041,2.76
2021-06-30 15:00,23.14,7.78,50.7069,14.14,139.98,3.24,3,4.24,0.39,0.042,2.78
2021-06-30 16:00,22.93,7.79,49.3,14.23,137.77,3.17,3,4.23,0.437,0.042,2.78
2021-06-30 17:00,22.76,7.78,49.36,14.3,136.02,3.14,2,4.27,0.4,0.047,2.78
2021-06-30 18:00,22.71,7.79,49.37,14.32,135.5,3.11,3,4.1,0.382,0.044,2.78
2021-06-30 19:00,22.66,7.78,44.451,14.34,134.99,3.11,3,4.01,0.381,0.046,2.78
2021-06-30 20:00,22.59,7.77,49.41,14.37,134.27,3.1,3,4.1,0.397,0.045,2.78
2021-06-30 21:00,22.55,7.77,49.41,14.38,133.81,3.09,3,4.57,0.381,0.044,2.78
2021-06-30 22:00,22.55,7.76,44.469,14.38,133.81,3.1,3,4.29,0.399,0.044,2.78
2021-06-30 23:00,22.58,7.75,49.41,14.37,134.16,3.12,2,4.36,0.396,0.047,2.78
2021-07-01 0:00,22.69,7.76,50.688,12.62,150.04,2.65,3,4.55,0.401,0.043,2.59
2021-07-01 1:00,22.84,7.75,48.15,12.57,151.76,3.38,2,4.1,0.401,0.046,2.74
2021-07-01 2:00,23.65,7.79,49.3576,13.98,161.35,3.58,3,4.13,0.401,0.044,2.72
2021-07-01 3:00,22.83,7.72,49.5945,14.32,151.65,3.41,2,4.09,0.504,0.045,2.74
2021-07-01 4:00,22.58,7.72,49.6769,14.42,148.8,3.34,2,4.49,0.411,0.04,2.75
2021-07-01 5:00,22.65,7.72,48.21,14.39,149.59,3.36,3,4.27,0.409,0.045,2.75
2021-07-01 6:00,24.87,7.76,49.22,14.41,149.13,3.3,3,4.5,0.56,0.0,2.75
2021-07-01 7:00,24.99,7.81,48.19,14.37,150.37,3.28,3,5.17,0.493,0.0,2.74
2021-07-01 8:00,22.66,7.81,48.2,14.39,149.68,3.26,3,4.52,0.477,0.053,2.75
2021-07-01 9:00,22.79,7.85,51.16,14.33,151.16,3.26,2,4.43,0.423,0.049,2.74
2021-07-01 10:00,22.81,7.83,43.344,14.32,151.39,3.28,2,4.72,0.399,0.038,2.74
2021-07-01 11:00,22.68,7.8,43.38,14.38,149.91,3.28,2,4.63,0.379,0.042,2.74
2021-07-01 12:00,22.73,7.78,48.18,14.36,150.49,3.32,2,4.81,0.378,0.041,2.74
2021-07-01 13:00,22.78,7.79,48.17,14.34,151.06,3.32,2,4.51,0.378,0.041,2.74
2021-07-01 14:00,22.82,7.8,50.16,14.32,151.52,3.32,2,4.35,0.373,0.042,2.74
2021-07-01 15:00,23.35,7.82,50.0,14.1,155.72,3.45,3,4.6,0.355,0.037,2.72
2021-07-01 16:00,23.07,7.8,52.888,14.21,154.42,3.39,3,4.44,0.365,0.039,2.74
2021-07-01 17:00,22.8,7.78,48.16,14.33,151.29,3.34,2,4.48,0.368,0.04,2.74
2021-07-01 18:00,22.77,7.8,48.17,14.34,150.94,3.31,2,4.47,0.376,0.041,2.74
2021-07-01 19:00,22.97,7.79,43.38,14.38,149.8,3.29,2,4.62,0.379,0.041,2.74
2021-07-01 20:00,22.64,7.77,48.21,14.4,149.47,3.3,2,4.43,0.376,0.039,2.75
2021-07-01 21:00,22.47,7.78,48.18,14.36,150.49,3.32,3,4.53,0.371,0.039,2.74
2021-07-01 22:00,22.62,7.75,48.21,14.4,149.24,3.32,2,4.77,0.384,0.042,2.75
2021-07-01 23:00,22.6,7.74,48.22,14.41,149.02,3.32,2,4.76,0.374,0.041,2.75
2021-07-02 0:00,22.63,7.73,48.21,14.4,149.36,3.34,3,4.69,0.386,0.045,2.75
2021-07-02 1:00,22.58,7.69,48.23,14.42,148.8,3.37,2,4.26,0.385,0.043,2.75
2021-07-02 2:00,22.5,7.7,48.25,14.45,147.9,3.34,3,4.72,0.371,0.044,2.75
2021-07-02 3:00,20.29,7.72,49.6872,14.44,148.34,3.33,3,4.49,0.371,0.046,2.75
2021-07-02 4:00,22.51,7.75,48.25,14.45,148.0,3.29,3,4.19,0.371,0.045,2.75
2021-07-02 5:00,22.5,7.74,49.6975,14.45,147.89,3.29,4,4.75,0.472,0.047,2.75
2021-07-02 6:00,22.47,7.74,48.26,14.47,147.55,3.28,4,4.53,0.397,0.046,2.75
2021-07-02 7:00,22.5,7.75,50.18,14.45,147.88,3.28,3,4.75,0.405,0.047,2.75
2021-07-02 8:00,22.51,7.74,50.18,14.45,148.0,3.3,3,4.47,0.395,0.044,2.75
2021-07-02 9:00,22.61,7.73,48.22,14.41,149.13,3.34,3,4.32,0.418,0.045,2.75
2021-07-02 10:00,21.84,7.73,48.21,14.4,149.47,3.34,3,4.28,0.377,0.043,2.75
2021-07-02 11:00,22.53,7.73,48.24,14.44,148.23,3.34,3,4.62,0.384,0.049,2.75
2021-07-02 12:00,22.64,7.72,48.21,14.4,149.48,3.35,3,4.35,0.398,0.047,2.75
2021-07-02 13:00,22.93,7.7,48.21,14.4,149.37,3.37,3,4.51,0.402,0.044,2.75
2021-07-02 14:00,22.64,7.69,51.21,14.4,149.48,3.39,2,4.31,0.399,0.05,2.75
2021-07-02 15:00,22.19,7.7,48.19,14.37,150.06,3.39,2,4.43,0.398,0.047,2.74
2021-07-02 16:00,22.88,7.7,49.5842,14.29,152.23,3.45,3,4.52,0.397,0.048,2.74
2021-07-02 17:00,23.21,7.71,48.04,14.16,156.09,3.53,3,4.01,0.41,0.048,2.74
2021-07-02 18:00,25.4,7.72,48.08,14.21,154.68,3.49,3,4.65,0.429,0.046,2.74
2021-07-02 19:00,22.76,7.72,49.17,14.34,150.85,3.39,3,4.4,0.44,0.049,2.74
2021-07-02 20:00,22.67,7.72,50.128,14.38,149.82,3.36,3,4.31,0.398,0.049,2.74
2021-07-02 21:00,22.77,7.7,48.17,14.34,150.97,3.41,3,4.31,0.408,0.045,2.74
2021-07-02 22:00,22.35,7.71,48.22,14.41,149.14,3.36,3,4.7,0.409,0.048,2.75
2021-07-02 23:00,22.88,7.73,48.14,14.29,152.23,3.41,3,4.73,0.425,0.049,2.74
2021-07-03 0:00,22.54,7.68,50.1696,14.44,148.35,3.37,2,4.28,0.431,0.047,2.75
2021-07-03 1:00,22.62,7.68,48.21,14.4,149.26,3.39,3,4.59,0.423,0.049,2.75
2021-07-03 2:00,22.59,7.68,48.22,14.42,148.92,3.38,2,4.4,0.417,0.048,2.75
2021-07-03 3:00,22.57,7.66,48.23,14.43,148.7,3.4,3,4.32,0.429,0.05,2.75
2021-07-03 4:00,22.64,7.63,48.21,14.4,149.5,3.46,3,4.25,0.428,0.048,2.75
2021-07-03 5:00,23.31,7.71,48.02,14.12,157.28,3.57,4,4.42,0.428,0.049,2.72
2021-07-03 6:00,23.74,7.85,47.9,13.94,162.44,3.54,3,4.19,0.428,0.047,2.72
2021-07-03 7:00,23.86,7.89,49.7744,13.89,163.91,3.53,4,4.43,0.412,0.036,2.72
2021-07-03 8:00,23.61,7.88,47.93,13.99,160.84,3.47,3,4.8,0.372,0.037,2.72
2021-07-03 9:00,23.81,7.89,49.88,13.91,163.29,3.52,3,4.82,0.339,0.033,2.72
2021-07-03 10:00,24.03,7.87,47.9,13.95,162.31,3.51,4,4.53,0.34,0.033,2.72
2021-07-03 11:00,22.56,7.8,51.23,14.43,148.55,3.25,3,4.3,0.32,0.031,2.75
2021-07-03 12:00,22.64,7.67,48.21,14.4,149.49,3.41,4,4.76,0.352,0.031,2.75
2021-07-03 13:00,22.54,7.64,48.24,14.44,148.36,3.42,3,4.18,0.435,0.045,2.75
2021-07-03 14:00,22.46,7.61,49.7078,14.47,147.47,3.43,4,4.02,0.419,0.048,2.75
2021-07-03 15:00,23.06,7.58,48.24,14.45,148.14,3.48,3,4.46,0.48,0.055,2.75
2021-07-03 16:00,22.44,7.59,50.2008,14.48,147.24,3.44,4,5.1,0.471,0.051,2.76
2021-07-03 17:00,22.5,7.57,48.25,14.45,147.92,3.48,3,4.69,0.464,0.051,2.75
2021-07-03 18:00,22.4,7.6,49.7078,14.49,146.73,3.41,3,4.29,0.463,0.053,2.75
2021-07-03 19:00,22.64,7.6,48.27,14.51,146.02,3.39,5,4.11,0.485,0.057,2.76
2021-07-03 20:00,20.12,7.66,48.27,14.5,146.25,3.33,5,4.56,0.495,0.054,2.76
2021-07-03 21:00,22.37,7.66,48.26,14.49,146.34,3.33,4,4.8,0.501,0.056,2.75
2021-07-03 22:00,22.38,7.67,48.26,14.49,146.46,3.33,4,4.56,0.483,0.053,2.75
2021-07-03 23:00,22.37,7.68,53.086,14.49,146.33,3.31,4,4.44,0.501,0.054,2.75
2021-07-04 0:00,22.45,7.69,48.27,14.48,147.34,3.33,3,4.88,0.478,0.057,2.76
2021-07-04 1:00,22.78,7.73,48.17,14.34,151.07,3.38,3,4.67,0.487,0.056,2.74
2021-07-04 2:00,22.79,7.71,48.16,14.33,151.19,3.41,4,4.49,0.5,0.052,2.74
2021-07-04 3:00,22.8,7.74,48.16,14.33,151.3,3.38,6,4.72,0.481,0.05,2.74
2021-07-04 4:00,23.11,7.72,48.16,14.32,151.42,3.4,8,4.45,0.476,0.049,2.74
2021-07-04 5:00,22.81,7.76,48.16,14.32,151.41,3.36,15,4.56,0.491,0.048,2.74
2021-07-04 6:00,22.88,7.75,48.14,14.29,152.22,3.39,16,5.02,0.496,0.048,2.74
2021-07-04 7:00,22.75,7.74,48.18,14.35,15.73,3.36,12,5.87,0.496,0.049,2.74
2021-07-04 8:00,22.67,7.73,48.2,14.38,149.82,3.35,16,5.4,0.496,0.046,2.74
2021-07-04 9:00,22.69,7.78,48.19,14.37,150.03,3.3,12,4.98,0.601,0.048,2.74
2021-07-04 10:00,22.69,7.78,48.19,14.37,150.03,3.3,10,5.96,0.514,0.054,2.74
2021-07-04 11:00,22.8,7.81,51.16,14.33,151.29,3.3,12,4.93,0.48,0.049,2.74
2021-07-04 12:00,22.82,7.82,43.344,14.32,151.51,3.3,9,4.77,0.484,0.051,2.74
2021-07-04 13:00,22.8,7.83,48.16,14.37,151.28,3.28,8,5.0,0.451,0.042,2.74
2021-07-04 14:00,24.14,7.78,48.19,14.37,150.15,3.31,6,4.88,0.445,0.041,2.74
2021-07-04 16:00,22.83,7.74,48.15,14.32,151.65,3.39,7,5.07,0.526,0.049,2.74
2021-07-04 17:00,22.78,7.73,48.17,14.34,151.07,3.38,8,5.07,0.554,0.054,2.74
2021-07-04 18:00,22.75,7.74,48.18,14.35,150.79,3.36,8,5.86,0.558,0.049,2.74
2021-07-04 19:00,22.77,7.72,48.17,14.34,150.96,3.39,6,5.03,0.589,0.053,2.74
2021-07-04 20:00,22.86,7.79,48.14,14.3,151.98,3.34,7,5.14,0.545,0.05,2.74
2021-07-04 21:00,22.93,7.81,48.12,14.27,152.79,3.34,9,5.35,0.519,0.046,2.74
2021-07-04 22:00,23.12,7.91,48.07,14.19,154.97,3.29,5,5.16,0.477,0.042,2.74
2021-07-04 23:00,23.3,7.87,49.543,14.24,153.58,3.3,6,5.29,0.45,0.043,2.74
2021-07-05 0:00,23.07,7.86,43.272,14.22,154.4,3.33,5,4.81,0.423,0.039,2.74
2021-07-05 1:00,23.1,7.89,48.08,14.2,154.75,3.31,5,5.22,0.531,0.039,2.74
2021-07-05 2:00,23.09,7.88,48.08,14.21,154.51,3.31,5,4.88,0.465,0.049,2.74
2021-07-05 3:00,23.1,7.86,48.08,14.2,154.76,3.34,5,5.37,0.502,0.041,2.74
2021-07-05 4:00,23.08,7.84,48.08,14.21,154.53,3.35,5,5.33,0.465,0.04,2.74
2021-07-05 5:00,23.09,7.85,48.08,14.21,154.64,3.34,4,4.69,0.51,0.038,2.74
2021-07-05 6:00,23.09,7.84,48.08,14.21,154.64,3.35,5,4.58,0.474,0.042,2.74
2021-07-05 7:00,23.09,7.83,48.08,14.21,154.65,3.37,6,4.41,0.483,0.04,2.74
2021-07-05 8:00,23.88,7.79,52.888,14.21,154.54,3.41,4,4.67,0.488,0.037,2.74
2021-07-05 9:00,23.09,7.83,48.08,14.21,154.65,3.37,5,4.78,0.488,0.042,2.74
2021-07-05 10:00,23.11,7.85,48.07,14.2,154.87,3.35,5,4.36,0.488,0.04,2.74
2021-07-05 11:00,23.14,7.86,48.06,14.19,155.22,3.35,5,4.57,0.422,0.043,2.74
2021-07-05 12:00,23.19,7.87,48.05,14.17,155.81,3.35,4,3.86,0.424,0.04,2.74
2021-07-05 13:00,23.21,7.88,48.04,14.16,156.04,3.35,4,4.33,0.4,0.041,2.74
2021-07-05 14:00,23.19,7.86,48.05,14.17,155.81,3.36,5,4.33,0.4,0.041,2.74
2021-07-05 15:00,22.41,7.85,50.04,14.16,156.05,3.38,4,4.33,0.4,0.041,2.74
2021-07-05 16:00,23.21,7.86,48.04,14.16,156.05,3.37,4,3.66,0.398,0.046,2.74
2021-07-05 17:00,20.9,7.85,48.04,14.15,156.17,3.38,3,3.58,0.707,0.039,2.74
2021-07-05 18:00,22.83,7.85,47.93,13.9,161.09,3.5,4,3.2,0.651,0.037,2.72
2021-07-05 19:00,23.9,7.83,47.85,13.88,164.42,3.61,3,3.23,0.642,0.037,2.72
2021-07-05 20:00,23.26,7.8,48.03,14.14,156.66,3.45,4,3.65,0.721,0.043,2.73
2021-07-05 21:00,23.39,7.81,48.08,14.21,154.65,3.39,5,3.94,0.639,0.04,2.74
2021-07-05 22:00,23.46,7.81,49.4091,14.05,159.05,3.5,5,2.56,0.562,0.037,2.72
2021-07-05 23:00,23.51,7.8,47.96,14.03,159.65,3.52,6,4.55,0.562,0.041,2.72
2021-07-06 0:00,23.56,7.83,47.95,14.01,160.25,3.5,4,4.06,0.546,0.042,2.72
2021-07-06 1:00,23.52,7.83,47.96,14.03,159.77,3.49,6,4.0,0.495,0.044,2.72
2021-07-06 2:00,23.61,7.89,51.93,13.99,160.84,3.45,4,4.18,0.515,0.038,2.72
2021-07-06 3:00,22.74,7.8,52.899,14.23,154.07,3.38,4,3.73,0.429,0.035,2.74
2021-07-06 4:00,23.05,7.72,48.09,14.22,154.2,3.47,6,4.52,0.43,0.035,2.74
2021-07-06 5:00,23.07,7.71,48.08,14.21,154.44,3.49,5,4.15,0.528,0.04,2.74
2021-07-06 6:00,23.12,7.72,48.07,14.19,155.03,3.5,4,4.34,0.555,0.045,2.74
2021-07-06 7:00,24.52,7.72,48.07,14.19,155.14,3.5,4,5.02,0.531,0.053,2.74
2021-07-06 8:00,23.15,7.72,43.254,14.18,155.38,3.5,4,4.76,0.501,0.045,2.74
2021-07-06 9:00,23.13,7.73,52.877,14.19,155.14,3.49,4,4.79,0.478,0.048,2.74
2021-07-06 10:00,23.14,7.75,49.5018,14.19,155.26,3.47,4,4.77,0.509,0.051,2.74
2021-07-06 11:00,23.15,7.74,48.06,14.18,155.38,3.48,4,4.71,0.531,0.051,2.74
2021-07-06 12:00,23.13,7.76,48.07,14.19,155.13,3.45,4,4.4,0.474,0.05,2.74
2021-07-06 13:00,23.21,7.76,48.04,14.16,156.08,3.48,3,4.49,0.47,0.049,2.74
2021-07-06 14:00,23.96,7.76,46.0,14.1,157.86,3.52,4,5.15,0.561,0.055,2.72
2021-07-06 15:00,23.38,7.75,48.0,14.09,158.1,3.54,3,5.04,0.519,0.054,2.72
2021-07-06 16:00,25.61,7.78,48.02,14.13,156.9,3.48,5,3.99,0.531,0.046,2.73
2021-07-06 17:00,23.37,7.73,48.0,14.09,157.99,3.56,3,4.33,0.563,0.046,2.72
2021-07-06 18:00,23.53,7.76,47.95,14.02,160.03,3.58,4,4.05,0.588,0.047,2.72
2021-07-06 19:00,23.78,7.79,44.88,13.93,162.95,3.62,3,4.11,0.534,0.046,2.72
2021-07-06 20:00,23.64,7.83,43.128,13.98,161.22,3.53,3,4.53,0.567,0.044,2.72
2021-07-06 21:00,23.63,7.76,47.93,13.9,161.12,3.6,6,4.59,0.564,0.041,2.72
2021-07-06 22:00,24.05,7.81,47.81,13.82,166.3,3.68,3,3.86,0.609,0.044,2.71
2021-07-06 23:00,24.26,7.87,47.76,13.74,168.93,3.68,5,4.69,0.607,0.043,2.7
2021-07-07 0:00,24.47,7.86,52.47,13.66,171.63,3.77,5,4.3,0.424,0.04,2.7
2021-07-07 1:00,24.5,7.86,47.69,13.64,172.01,3.77,3,4.26,0.414,0.04,2.7
2021-07-07 2:00,24.44,7.85,47.71,13.67,171.11,3.76,4,3.47,0.417,0.043,2.7
2021-07-07 3:00,24.51,7.85,47.69,13.64,172.15,3.79,4,4.45,0.518,0.046,2.7
2021-07-07 4:00,24.29,7.85,47.83,13.84,165.53,3.62,4,4.4,0.454,0.04,2.71
2021-07-07 5:00,25.62,7.8,52.558,13.77,167.81,3.73,3,4.6,0.494,0.043,2.7
2021-07-07 6:00,23.98,7.72,49.2649,13.85,165.44,3.76,4,4.53,0.549,0.041,2.71
2021-07-07 7:00,23.99,7.68,47.83,13.84,165.58,3.82,5,3.56,0.523,0.047,2.71
2021-07-07 8:00,24.74,7.66,47.84,13.86,164.96,3.82,4,5.13,0.518,0.045,2.71
2021-07-07 9:00,23.94,7.66,47.84,13.86,164.96,3.82,4,4.99,0.534,0.045,2.71
2021-07-07 10:00,24.29,7.7,47.83,13.84,165.57,3.79,4,3.83,0.525,0.048,2.71
2021-07-07 11:00,23.94,7.7,47.84,13.86,164.95,3.78,3,4.14,0.52,0.047,2.71
2021-07-07 12:00,24.09,7.74,49.712,13.8,166.82,3.78,3,5.0,0.524,0.046,2.7
2021-07-07 13:00,23.99,7.73,49.2649,13.84,165.57,3.76,4,3.95,0.536,0.049,2.71
2021-07-07 14:00,24.05,7.73,47.81,13.82,166.32,3.78,4,4.87,0.485,0.05,2.71
2021-07-07 15:00,24.2,7.79,47.7,13.76,168.19,3.75,4,5.64,0.553,0.049,2.7
2021-07-07 16:00,24.23,7.87,46.76,13.75,168.55,3.67,4,5.55,0.522,0.048,2.7
2021-07-07 17:00,24.22,7.91,47.77,13.75,168.41,3.63,5,4.2,0.576,0.048,2.7
2021-07-07 18:00,24.12,7.86,49.2237,13.79,167.16,3.65,5,4.73,0.479,0.039,2.7
2021-07-07 19:00,24.13,7.82,49.2237,13.79,167.3,3.7,4,5.28,0.446,0.035,2.7
2021-07-07 20:00,24.21,7.82,47.77,13.76,168.31,3.72,4,4.58,0.507,0.047,2.7
2021-07-07 21:00,23.99,7.8,47.83,13.84,165.55,3.67,4,5.22,0.513,0.039,2.71
2021-07-07 22:00,25.62,7.76,49.2134,13.77,167.82,3.78,4,5.61,0.455,0.038,2.7
2021-07-07 23:00,23.84,7.73,49.7848,13.9,163.71,3.71,5,5.0,0.606,0.046,2.72
2021-07-08 0:00,24.06,7.77,47.81,13.81,166.43,3.73,5,5.59,0.528,0.041,2.7
2021-07-08 1:00,23.9,7.73,47.85,13.88,164.45,3.73,6,5.43,0.628,0.047,2.72
2021-07-08 2:00,23.76,7.73,47.89,13.93,162.72,3.68,6,4.99,0.61,0.046,2.72
2021-07-08 3:00,23.55,7.67,47.95,14.02,160.17,3.69,7,4.4,0.546,0.045,2.72
2021-07-08 4:00,23.6,7.66,49.8472,14.0,160.78,3.71,5,5.34,0.589,0.049,2.72
2021-07-08 5:00,23.49,7.68,47.96,14.04,159.44,3.66,5,5.75,0.605,0.054,2.72
2021-07-08 6:00,23.47,7.67,47.97,14.05,159.2,3.66,6,5.05,0.565,0.05,2.72
2021-07-08 7:00,23.49,7.63,47.96,14.04,159.45,3.72,6,4.48,0.66,0.054,2.72
2021-07-08 8:00,23.57,7.7,51.94,14.01,160.41,3.66,6,4.6,0.631,0.054,2.72
2021-07-08 9:00,22.85,7.69,49.3576,13.98,161.38,3.69,5,4.17,0.536,0.053,2.72
2021-07-08 10:00,23.78,7.73,47.88,13.93,162.96,3.69,5,5.83,0.552,0.048,2.72
2021-07-08 11:00,23.59,7.7,47.94,14.0,160.65,3.66,6,5.28,0.6,0.045,2.72
2021-07-08 12:00,23.59,7.67,46.94,14.0,160.65,3.7,6,4.34,0.485,0.049,2.72
2021-07-08 13:00,23.53,7.66,49.3885,14.03,159.93,3.69,6,4.53,0.591,0.053,2.72
2021-07-08 14:00,24.55,7.71,49.8056,13.94,162.6,3.7,6,5.1,0.584,0.055,2.72
2021-07-08 15:00,22.9,7.7,47.91,13.96,161.99,3.7,7,4.05,0.618,0.054,2.72
2021-07-08 16:00,23.64,7.66,44.92,13.98,161.27,3.73,7,4.64,0.614,0.054,2.72
2021-07-08 17:00,23.61,7.65,49.8472,13.99,160.9,3.73,7,3.67,0.537,0.058,2.72
2021-07-08 18:00,23.66,7.67,47.92,13.97,161.51,3.72,8,4.15,0.526,0.057,2.72
2021-07-08 19:00,26.94,9.11,47.07,12.75,205.49,3.89,19,4.61,0.594,0.057,2.63
2021-07-08 20:00,26.87,9.22,51.799,12.78,204.42,3.88,17,10.56,0.982,0.057,2.63
2021-07-08 21:00,26.86,9.24,48.9736,12.78,204.27,3.89,17,18.19,0.982,0.067,2.63
2021-07-08 22:00,26.81,9.25,47.11,12.8,203.52,3.86,17,14.96,0.982,0.055,2.63
2021-07-08 23:00,23.28,7.95,49.9408,14.13,156.85,3.29,12,17.52,2.814,0.064,2.73
2021-07-09 0:00,23.29,7.81,48.02,14.12,157.01,3.45,10,14.31,2.8,0.048,2.72
2021-07-09 1:00,23.3,7.78,48.02,14.12,157.12,3.48,10,4.18,0.796,0.058,2.72
2021-07-09 2:00,23.33,7.75,48.01,14.11,157.51,3.53,10,4.02,0.549,0.053,2.72
2021-07-09 3:00,23.34,7.75,48.01,14.1,157.62,3.53,10,3.38,0.484,0.053,2.72
2021-07-09 4:00,23.32,7.74,46.01,14.11,157.39,3.53,9,4.3,0.46,0.055,2.72
2021-07-09 5:00,23.3,7.74,48.02,14.12,157.15,3.53,9,3.75,0.484,0.058,2.72
2021-07-09 6:00,23.27,7.7,48.03,14.13,156.8,3.56,10,4.47,0.439,0.053,2.73
2021-07-09 7:00,23.31,7.7,52.02,14.12,157.28,3.58,9,4.29,0.466,0.054,2.72
2021-07-09 8:00,23.33,7.66,48.01,14.11,157.53,3.63,10,3.67,0.463,0.058,2.72
2021-07-09 9:00,23.37,7.68,43.2,14.09,158.0,3.62,9,4.5,0.0,0.056,2.72
2021-07-09 10:00,24.22,7.7,47.98,14.07,158.6,3.61,9,3.49,0.45,0.058,2.72
2021-07-09 11:00,23.45,7.67,47.98,14.06,158.96,3.65,9,3.96,0.472,0.057,2.72
2021-07-09 12:00,23.46,7.72,47.97,14.05,159.07,3.6,9,3.86,0.491,0.057,2.72
2021-07-09 13:00,23.14,7.72,47.99,14.08,158.35,3.58,9,4.47,0.491,0.056,2.72
2021-07-09 14:00,22.93,7.69,47.98,14.07,158.72,3.63,9,3.69,0.491,0.059,2.72
2021-07-09 15:00,23.43,7.71,47.98,14.07,158.72,3.6,9,3.63,0.466,0.061,2.72
2021-07-09 16:00,23.51,7.74,51.96,14.03,159.67,3.59,10,3.44,0.471,0.064,2.72
2021-07-09 17:00,23.54,7.72,47.95,14.02,160.04,3.62,9,4.57,0.46,0.059,2.72
2021-07-09 18:00,23.51,7.67,47.96,14.03,159.69,3.67,9,5.02,0.466,0.061,2.72
2021-07-09 19:00,24.37,7.75,46.72,13.69,170.37,3.86,9,4.75,0.464,0.06,2.7
2021-07-09 20:00,27.13,9.19,46.03,12.69,208.4,3.98,14,5.18,0.472,0.058,2.63
2021-07-09 21:00,27.44,9.24,43.97,12.59,213.23,4.15,14,0.0,2.273,0.122,2.63
2021-07-09 22:00,27.64,9.34,46.93,12.52,216.42,4.28,16,18.41,2.701,0.114,2.62
2021-07-09 23:00,26.42,9.37,47.24,12.95,197.89,3.74,14,14.69,2.701,0.092,2.65
2021-07-10 0:00,23.19,8.03,52.778,14.06,158.85,3.26,10,16.88,2.701,0.069,2.72
2021-07-10 1:00,23.47,7.89,47.97,14.05,159.14,3.41,9,6.05,0.815,0.056,2.72
2021-07-10 2:00,23.49,7.81,47.96,14.04,159.41,3.5,9,5.36,0.424,0.06,2.72
2021-07-10 3:00,23.51,7.85,52.756,14.03,159.64,3.47,9,5.77,0.398,0.052,2.72
2021-07-10 4:00,23.49,7.83,47.96,14.04,159.4,3.48,10,4.5,0.407,0.061,2.72
2021-07-10 5:00,23.5,7.78,47.96,14.04,159.54,3.54,8,5.29,0.395,0.058,2.72
2021-07-10 6:00,23.5,7.79,51.96,14.04,159.54,3.53,9,4.87,0.393,0.057,2.72
2021-07-10 7:00,23.5,7.75,47.96,14.04,159.55,3.58,8,5.37,0.406,0.051,2.72
2021-07-10 8:00,23.83,7.73,47.95,14.04,159.92,3.61,8,5.41,0.412,0.055,2.72
2021-07-10 9:00,23.58,7.71,47.94,14.01,160.52,3.65,8,4.76,0.436,0.053,2.72
2021-07-10 10:00,23.77,7.75,45.89,13.93,162.84,3.66,9,5.18,0.446,0.055,2.72
2021-07-10 11:00,24.19,7.8,47.77,13.76,168.06,3.74,8,5.08,0.487,0.057,2.7
2021-07-10 12:00,24.26,7.9,42.768,13.32,179.27,3.91,8,4.01,0.506,0.055,2.68
2021-07-10 13:00,25.26,7.96,44.47,13.34,181.94,3.9,9,5.32,0.447,0.049,2.67
2021-07-10 14:00,25.71,8.02,42.642,13.2,188.26,4.03,12,5.68,0.31,0.04,2.67
2021-07-10 15:00,26.03,8.0,46.38,13.19,188.56,4.06,11,5.56,0.254,0.034,2.67
2021-07-10 16:00,26.42,8.05,47.4,13.23,186.99,3.96,11,6.06,0.293,0.038,2.67
2021-07-10 17:00,25.21,8.07,47.44,13.28,184.9,3.89,11,5.99,0.232,0.036,2.67
2021-07-10 18:00,25.3,8.07,48.8838,13.33,182.46,3.81,11,5.48,0.231,0.036,2.67
2021-07-10 19:00,22.66,8.07,47.48,13.37,180.78,3.76,11,5.49,0.236,0.034,2.68
2021-07-10 20:00,22.83,8.28,47.45,13.31,183.35,3.64,11,5.26,0.24,0.036,2.67
2021-07-10 21:00,25.55,8.4,47.47,13.35,181.57,3.5,11,5.39,0.24,0.037,2.67
2021-07-10 22:00,27.82,8.43,47.47,13.33,182.12,3.49,11,11.65,2.297,0.053,2.67
2021-07-10 23:00,25.32,8.5,47.46,13.33,182.49,3.46,12,12.41,2.529,0.055,2.67
2021-07-11 0:00,23.91,7.99,47.63,13.56,174.7,3.7,13,12.11,2.552,0.049,2.69
2021-07-11 1:00,27.24,8.02,47.62,13.55,175.35,3.69,11,12.16,2.552,0.048,2.69
2021-07-11 2:00,24.74,7.97,45.63,13.55,175.1,3.73,11,5.14,2.552,0.042,2.69
2021-07-11 3:00,26.16,7.99,47.64,13.58,174.31,3.69,12,4.46,0.453,0.04,2.69
2021-07-11 6:00,24.61,7.94,52.426,13.6,173.41,3.72,10,5.46,0.31,0.044,2.69
2021-07-11 7:00,26.08,7.9,47.66,13.61,173.3,3.76,10,4.73,0.342,0.046,2.69
2021-07-11 8:00,24.58,7.89,47.67,13.61,173.04,3.77,8,4.48,0.344,0.047,2.7
2021-07-11 9:00,24.57,7.84,47.67,13.62,172.93,3.82,8,5.21,0.351,0.049,2.7
2021-07-11 10:00,24.66,7.86,47.65,13.58,174.09,3.83,8,4.93,0.381,0.049,2.69
2021-07-11 11:00,24.65,7.82,49.556,13.59,173.98,3.87,8,4.66,0.386,0.049,2.69
2021-07-11 12:00,25.61,7.95,51.46,13.33,182.65,3.95,10,4.76,0.427,0.049,2.67
2021-07-11 13:00,25.59,8.04,47.46,13.33,182.33,3.84,10,6.0,0.398,0.04,2.67
2021-07-11 14:00,25.01,7.94,42.777,13.44,178.58,3.85,8,6.78,0.443,0.036,2.68
2021-07-11 15:00,24.82,7.93,42.849,13.52,176.17,3.81,10,5.54,0.402,0.047,2.69
2021-07-11 16:00,24.71,7.88,52.393,13.56,174.74,3.82,10,4.98,0.399,0.044,2.69
2021-07-11 17:00,24.68,7.86,47.64,13.58,174.36,3.84,10,5.05,0.408,0.044,2.69
2021-07-11 18:00,24.55,7.84,46.68,13.62,172.67,3.81,10,5.47,0.394,0.047,2.7
2021-07-11 19:00,24.45,7.83,47.7,13.66,171.38,3.79,10,4.91,0.417,0.049,2.7
2021-07-11 20:00,24.43,7.79,47.71,13.67,171.13,3.83,10,5.44,0.429,0.049,2.7
2021-07-11 21:00,25.93,7.76,42.93,13.66,171.53,3.88,9,5.01,0.423,0.051,2.7
2021-07-11 22:00,24.47,7.7,49.608,13.66,171.67,3.96,9,5.28,0.453,0.053,2.7
2021-07-11 23:00,24.51,7.73,47.69,13.64,172.18,3.93,9,4.36,0.462,0.05,2.7
2021-07-12 0:00,24.78,7.71,47.62,13.54,175.72,4.06,9,5.3,0.495,0.05,2.69
2021-07-12 1:00,24.49,7.69,49.5976,13.65,171.93,3.98,9,5.06,0.507,0.052,2.7
2021-07-12 2:00,24.77,7.67,47.7,13.66,171.68,4.0,9,5.52,0.461,0.049,2.7
2021-07-12 3:00,24.15,7.65,47.7,13.66,171.43,4.02,9,5.02,0.46,0.05,2.7
2021-07-12 4:00,24.4,7.67,47.71,13.68,170.78,3.97,9,4.26,0.453,0.051,2.7
2021-07-12 5:00,24.38,7.7,47.72,13.69,170.51,3.93,10,4.38,0.618,0.05,2.7
2021-07-12 6:00,24.99,7.71,49.6288,13.69,170.64,3.92,10,4.81,0.551,0.05,2.7
2021-07-12 7:00,23.57,7.68,47.72,13.69,170.39,3.95,10,5.03,0.5,0.052,2.7
2021-07-12 8:00,24.37,7.69,47.72,13.69,170.39,3.93,10,5.31,0.496,0.054,2.7
2021-07-12 9:00,24.38,7.68,47.72,13.69,170.52,3.95,10,4.57,0.48,0.055,2.7
2021-07-12 10:00,24.39,7.68,46.72,13.69,170.65,3.95,10,4.67,0.482,0.052,2.7
2021-07-12 11:00,24.49,7.66,42.921,13.65,171.94,4.02,9,4.69,0.547,0.057,2.7
2021-07-12 12:00,24.55,7.64,47.67,13.62,172.72,4.06,9,4.5,0.566,0.058,2.7
2021-07-12 13:00,24.7,7.67,47.64,13.57,174.57,4.08,9,3.89,0.573,0.056,2.69
2021-07-12 14:00,24.52,7.66,47.68,13.64,172.33,4.03,9,3.87,0.544,0.058,2.7
2021-07-12 15:00,24.82,7.66,47.68,13.64,172.33,4.03,10,4.12,0.536,0.056,2.7
2021-07-12 16:00,24.47,7.68,47.7,13.66,171.68,3.98,10,4.15,0.489,0.056,2.7
2021-07-12 17:00,25.18,7.68,49.6288,13.69,170.52,3.95,10,4.16,0.509,0.062,2.7
2021-07-12 18:00,24.72,7.7,47.71,13.67,171.03,3.94,11,4.29,0.526,0.058,2.7
2021-07-12 19:00,24.45,7.7,47.7,13.66,171.41,3.95,10,3.22,0.536,0.055,2.7
2021-07-12 20:00,24.68,7.69,47.72,13.69,170.52,3.94,10,3.19,0.512,0.059,2.7
2021-07-12 21:00,24.36,7.66,52.492,13.7,170.27,3.97,10,3.64,0.552,0.061,2.7
2021-07-12 22:00,25.82,7.65,47.72,13.7,170.27,3.98,10,3.65,0.536,0.058,2.7
2021-07-12 23:00,25.04,7.68,47.52,13.43,179.07,4.18,8,4.85,0.536,0.06,2.68
2021-07-13 0:00,24.64,7.66,47.65,13.59,173.89,4.07,7,4.74,0.558,0.057,2.69
2021-07-13 1:00,24.32,7.63,47.74,13.71,169.76,3.99,7,3.86,0.603,0.054,2.7
2021-07-13 2:00,26.81,7.63,49.1516,13.69,170.4,4.01,8,3.76,0.576,0.06,2.7
2021-07-13 3:00,24.6,7.64,47.66,13.61,173.37,4.08,8,4.44,0.606,0.058,2.69
2021-07-13 4:00,24.37,7.64,47.72,13.69,170.4,4.0,8,3.83,0.565,0.059,2.7
2021-07-13 5:00,24.29,7.69,47.74,13.72,169.36,3.91,8,4.17,0.565,0.06,2.7
2021-07-13 6:00,24.25,7.69,47.76,13.74,168.86,3.89,5,3.83,0.565,0.059,2.7
2021-07-13 7:00,24.28,7.65,47.75,13.73,169.24,3.95,6,4.11,0.664,0.06,2.7
2021-07-13 8:00,24.29,7.63,47.74,13.72,169.38,3.98,7,3.77,0.614,0.06,2.7
2021-07-13 9:00,24.24,7.59,45.76,13.74,168.75,4.02,7,4.17,0.615,0.061,2.7
2021-07-13 10:00,24.26,7.58,47.75,13.74,169.01,4.04,8,3.74,0.643,0.059,2.7
2021-07-13 11:00,24.33,7.58,47.73,13.71,169.9,4.06,9,3.97,0.593,0.063,2.7
2021-07-13 12:00,24.3,7.6,49.5768,13.62,172.86,4.12,8,4.45,0.637,0.063,2.7
2021-07-13 13:00,25.87,7.72,47.34,13.14,190.64,4.46,7,3.82,0.626,0.06,2.66
2021-07-13 14:00,26.4,7.72,47.29,13.06,193.93,4.56,10,3.73,0.572,0.059,2.65
2021-07-13 15:00,26.59,7.73,47.17,12.89,201.12,4.76,12,4.92,0.558,0.052,2.65
2021-07-13 16:00,27.11,7.86,51.722,12.69,208.79,4.79,12,5.2,0.496,0.057,2.63
2021-07-13 17:00,26.05,7.74,47.3,13.07,193.2,4.51,12,4.35,0.442,0.053,2.66
2021-07-13 18:00,25.26,7.68,52.217,13.34,182.04,4.26,14,4.39,0.514,0.057,2.67
2021-07-13 19:00,25.05,7.7,44.52,13.42,179.2,4.16,15,4.44,0.516,0.063,2.68
2021-07-13 20:00,24.99,7.7,47.54,13.44,178.39,4.13,13,4.63,0.5,0.056,2.68
2021-07-13 21:00,24.94,7.68,47.55,13.46,177.72,4.14,13,4.37,0.518,0.062,2.68
2021-07-13 22:00,25.01,7.67,47.53,13.44,178.67,4.18,13,4.1,0.533,0.06,2.68
2021-07-13 23:00,25.29,7.69,47.46,13.33,182.46,4.26,12,4.42,0.507,0.066,2.67
2021-07-14 0:00,25.37,7.68,46.46,13.31,183.61,4.31,13,4.67,0.51,0.062,2.67
2021-07-14 1:00,25.02,7.67,47.53,13.43,178.8,4.18,12,4.08,0.459,0.06,2.68
2021-07-14 2:00,25.74,7.69,49.2648,13.18,188.8,4.45,11,3.96,0.582,0.06,2.67
2021-07-14 3:00,26.36,7.78,47.22,12.97,197.69,4.58,13,4.26,0.537,0.06,2.65
2021-07-14 4:00,25.83,7.72,49.35,13.15,190.07,4.45,13,5.08,0.466,0.059,2.66
2021-07-14 5:00,25.04,7.69,50.52,13.43,179.07,4.17,15,4.97,0.503,0.057,2.68
2021-07-14 6:00,25.47,7.73,47.44,13.28,185.03,4.29,14,4.59,0.53,0.063,2.67
2021-07-14 7:00,24.95,7.66,47.54,13.46,177.86,4.17,15,5.23,0.53,0.06,2.68
2021-07-14 8:00,24.82,7.67,52.371,13.52,176.25,4.12,16,5.06,0.53,0.061,2.69
2021-07-14 9:00,24.69,7.65,47.64,13.57,174.55,4.1,16,5.42,0.616,0.061,2.69
2021-07-14 10:00,23.9,7.66,47.64,13.57,174.68,4.09,14,4.84,0.526,0.062,2.69
2021-07-14 11:00,24.75,7.65,47.62,13.55,175.34,4.12,15,4.34,0.567,0.065,2.69
2021-07-14 12:00,25.0,7.64,47.53,13.44,178.54,4.22,16,5.0,0.588,0.065,2.68
2021-07-14 13:00,25.76,7.7,47.37,13.18,189.09,4.45,16,4.97,0.61,0.066,2.67
2021-07-14 14:00,26.71,7.81,47.11,12.83,202.71,4.67,16,5.14,0.643,0.062,2.63
2021-07-14 15:00,25.89,7.74,47.34,13.13,190.91,4.44,17,4.71,0.526,0.055,2.66
2021-07-14 16:00,26.75,7.8,49.1,12.81,203.32,4.71,18,4.38,0.617,0.061,2.63
2021-07-14 17:00,27.24,7.84,48.3997,12.65,210.81,4.88,18,5.27,0.553,0.053,2.63
2021-07-14 18:00,27.03,7.82,51.04,12.72,207.57,4.81,19,5.22,0.502,0.053,2.63
2021-07-14 19:00,26.73,7.8,47.1,12.82,203.02,4.7,18,5.82,0.504,0.0,2.63
2021-07-14 20:00,25.9,7.75,49.33,13.13,191.05,4.43,20,5.05,0.537,0.057,2.66
2021-07-14 22:00,25.37,7.75,49.45,13.31,183.59,4.22,20,5.26,0.542,0.061,2.67
2021-07-14 23:00,27.81,7.75,49.76,13.34,182.3,4.18,20,5.41,0.536,0.066,2.67
2021-07-15 0:00,25.31,7.74,47.46,13.33,182.73,4.2,19,4.98,0.523,0.063,2.67
2021-07-15 1:00,27.09,7.72,49.3168,13.25,186.28,4.34,19,5.21,0.562,0.071,2.67
2021-07-15 2:00,25.73,7.74,47.38,13.19,188.65,4.38,18,5.01,0.54,0.062,2.67
2021-07-15 3:00,23.88,7.77,50.19,12.91,200.21,4.67,16,5.07,0.525,0.061,2.65
2021-07-15 6:00,25.08,7.72,47.52,13.41,179.6,4.14,17,5.44,0.559,0.06,2.68
2021-07-15 7:00,25.2,7.74,47.48,13.36,181.18,4.16,16,6.27,0.571,0.059,2.68
2021-07-15 8:00,24.68,7.71,52.404,13.58,174.4,4.02,16,5.36,0.537,0.06,2.69
2021-07-15 9:00,25.15,7.7,49.4,13.39,180.56,4.19,17,5.74,0.537,0.064,2.68
2021-07-15 10:00,25.05,7.7,47.52,13.42,179.2,4.16,18,4.84,0.537,0.063,2.68
2021-07-15 11:00,25.05,7.71,47.52,13.42,179.2,4.14,17,5.62,0.575,0.066,2.68
2021-07-15 12:00,27.23,7.71,46.99,12.65,210.7,5.06,0,0.0,0.0,0.0,2.63
2021-07-15 13:00,28.24,8.07,48.6408,12.33,226.79,5.07,4,5.88,0.573,0.065,2.61
2021-07-15 14:00,29.08,8.2,46.6,12.08,241.08,5.38,4,6.88,0.495,0.058,2.59
2021-07-15 15:00,27.95,8.02,45.84,12.42,222.04,4.98,4,6.62,0.419,0.046,2.61
2021-07-15 16:00,28.78,8.12,46.66,12.17,235.91,5.3,5,6.64,0.387,0.038,2.59
2021-07-15 17:00,26.71,7.86,47.11,12.83,202.7,4.61,5,6.58,0.485,0.041,2.63
2021-07-15 18:00,25.02,7.79,47.35,13.16,189.9,4.35,6,6.72,0.439,0.037,2.66
2021-07-15 19:00,24.92,7.74,47.48,13.37,180.9,4.15,5,6.01,0.58,0.059,2.68
2021-07-15 20:00,25.3,7.8,48.8838,13.33,182.57,4.12,6,6.67,0.516,0.055,2.67
2021-07-15 21:00,25.14,7.79,47.5,13.39,180.4,4.08,5,6.27,0.504,0.063,2.68
2021-07-15 22:00,24.29,7.79,47.51,13.41,179.72,4.06,5,6.0,0.477,0.06,2.68
2021-07-15 23:00,25.09,7.8,47.51,13.41,179.72,4.04,4,4.68,0.466,0.061,2.68
2021-07-16 0:00,23.63,7.79,51.93,13.99,161.11,3.57,4,4.29,0.47,0.06,2.72
2021-07-16 1:00,25.17,7.77,47.5,13.38,180.81,4.11,4,4.72,0.477,0.061,2.68
2021-07-16 2:00,25.59,7.71,47.41,13.24,286.7,4.36,3,3.43,0.481,0.063,2.67
2021-07-16 3:00,25.11,7.74,52.261,13.4,180.01,4.13,3,3.98,0.537,0.066,2.68
2021-07-16 4:00,25.13,7.77,47.5,13.39,180.27,4.1,4,4.65,0.557,0.06,2.68
2021-07-16 10:00,24.87,7.72,49.0177,13.5,176.9,4.08,4,4.3,0.55,0.066,2.69
2021-07-16 11:00,24.22,7.71,47.77,13.75,168.47,3.86,4,4.22,0.55,0.068,2.7
2021-07-16 13:00,28.8,8.12,46.66,12.16,236.25,5.31,5,3.58,0.655,0.066,2.59
2021-07-16 18:00,25.71,7.75,48.8014,13.19,188.37,4.36,6,7.37,0.304,0.038,2.67
2021-07-16 19:00,26.75,7.72,47.47,13.35,181.75,4.2,5,6.26,0.473,0.055,2.68
2021-07-16 20:00,25.3,7.74,52.206,13.33,182.58,4.2,5,6.34,0.46,0.062,2.67
2021-07-16 21:00,25.21,7.72,48.9044,13.36,181.33,4.19,5,5.78,0.495,0.065,2.68
2021-07-16 22:00,26.64,7.71,47.5,13.39,180.29,4.17,5,2.9,0.464,0.062,2.68
2021-07-17 2:00,25.08,7.71,47.52,13.41,179.61,4.15,4,2.1,0.543,0.066,2.68
2021-07-17 3:00,27.98,7.71,47.5,13.39,180.42,4.18,4,2.23,0.489,0.067,2.68
2021-07-17 4:00,24.99,7.7,47.54,13.44,178.39,4.13,4,1.83,0.529,0.07,2.68
2021-07-17 6:00,24.92,7.7,49.0074,13.48,177.57,4.12,5,1.59,0.503,0.067,2.68
2021-07-17 7:00,25.17,7.78,47.75,13.38,180.81,4.1,5,2.01,0.526,0.068,2.68
2021-07-17 9:00,25.34,7.74,47.52,13.43,179.06,4.1,4,2.97,0.463,0.064,2.68
2021-07-17 11:00,25.06,7.72,42.768,13.42,179.33,4.13,4,0.0,0.477,0.066,2.68
2021-07-17 14:00,25.16,7.71,47.5,13.38,180.69,4.19,3,1.03,0.476,0.068,2.68
2021-07-17 15:00,25.46,7.74,46.44,13.28,184.49,4.27,3,2.52,0.674,0.066,2.67
2021-07-17 16:00,25.23,7.7,49.3688,13.35,181.61,4.22,2,0.36,0.567,0.065,2.68
2021-07-17 18:00,26.78,7.87,47.09,12.8,203.75,4.63,4,0.88,0.541,0.065,2.63
2021-07-17 19:00,26.67,7.87,47.12,12.84,202.09,4.58,4,3.02,0.485,0.065,2.64
2021-07-17 23:00,25.71,7.78,52.569,13.19,188.36,4.32,4,3.26,0.453,0.05,2.67
2021-07-18 2:00,24.73,7.77,47.63,13.56,175.04,3.96,4,2.39,0.527,0.056,2.69
2021-07-18 3:00,25.52,7.75,47.43,13.26,185.71,4.28,2,1.21,0.542,0.057,2.67
2021-07-18 4:00,25.18,7.74,47.45,13.29,184.61,4.26,2,2.22,0.569,0.054,2.67
2021-07-18 5:00,25.33,7.77,50.45,13.32,182.95,4.17,3,1.68,0.554,0.057,2.67
2021-07-18 6:00,25.38,7.75,51.45,13.31,183.74,4.22,2,2.52,0.528,0.053,2.67
2021-07-18 7:00,25.58,7.74,47.41,13.24,186.55,4.32,3,2.79,0.547,0.057,2.67
2021-07-18 8:00,25.96,7.79,47.32,13.11,191.9,4.4,3,2.48,0.555,0.059,2.66
2021-07-18 10:00,25.44,7.74,47.38,13.2,188.23,4.37,3,1.58,0.5,0.054,2.67
2021-07-18 11:00,25.45,7.74,47.44,13.29,184.75,4.27,2,0.0,0.493,0.051,2.67
2021-07-18 13:00,25.82,7.78,47.35,13.16,189.91,4.36,2,0.0,0.525,0.058,2.66
2021-07-18 14:00,25.54,7.84,47.42,13.26,185.96,4.17,2,0.53,0.496,0.064,2.67
2021-07-18 16:00,26.98,7.99,51.05,12.74,206.73,4.56,2,1.18,0.496,0.05,2.63
2021-07-18 17:00,25.9,7.79,47.33,13.13,191.04,4.38,2,0.4,0.535,0.047,2.66
2021-07-18 19:00,25.44,7.71,52.195,13.29,184.62,4.31,3,2.04,0.511,0.059,2.67
2021-07-18 20:00,25.37,7.7,47.45,13.31,183.6,4.28,3,0.0,0.52,0.057,2.67
2021-07-18 21:00,25.35,7.7,47.45,13.31,183.29,4.27,3,0.45,0.542,0.059,2.67
2021-07-18 22:00,25.57,7.71,47.41,13.24,186.42,4.36,2,2.0,0.572,0.063,2.67
2021-07-18 23:00,25.76,7.71,42.633,13.18,189.08,4.43,2,0.0,0.565,0.062,2.67
2021-07-19 1:00,25.98,7.71,49.31,13.1,192.21,4.52,2,1.26,0.462,0.049,2.66
2021-07-19 3:00,25.9,7.72,51.33,13.13,191.06,4.47,2,1.06,0.473,0.047,2.66
2021-07-19 14:00,26.11,7.71,47.28,13.05,194.07,4.58,2,1.94,1.05,0.061,2.65
2021-07-19 16:00,26.19,7.71,48.6778,13.02,195.23,4.61,2,2.63,0.892,0.06,2.65
2021-07-19 18:00,23.46,7.7,49.1816,13.09,193.5,4.57,5,2.91,0.892,0.059,2.65
2021-07-19 22:00,25.54,7.72,46.42,13.26,186.0,4.33,2,1.4,0.459,0.07,2.67
2021-07-20 0:00,25.22,7.7,47.44,13.28,185.17,4.34,2,2.53,0.359,0.065,2.67
2021-07-20 1:00,25.52,7.71,47.41,13.26,185.72,4.34,2,0.91,0.34,0.062,2.67
2021-07-20 9:00,25.94,7.7,47.4,13.22,187.4,4.4,1,2.7,0.352,0.065,2.67
2021-07-20 11:00,23.22,7.75,47.36,13.16,189.64,4.39,2,3.05,0.317,0.059,2.66
2021-07-20 12:00,25.89,7.78,51.34,13.13,190.9,4.39,1,1.39,0.298,0.056,2.66
2021-07-20 13:00,26.2,7.91,47.0,12.66,210.16,4.76,2,0.0,0.208,0.05,2.63
2021-07-20 18:00,30.08,8.25,46.56,12.02,244.58,5.45,1,1.58,0.148,0.033,2.58
2021-07-20 20:00,26.03,7.78,47.3,13.08,192.9,4.45,2,1.22,0.148,0.029,2.65
2021-07-20 21:00,25.9,7.79,47.33,13.13,191.04,4.38,3,0.0,0.428,0.038,2.66
2021-07-20 23:00,25.75,7.75,47.37,13.18,188.93,4.37,3,1.28,0.396,0.045,2.67
2021-07-21 0:00,24.85,7.72,42.651,13.22,187.53,4.38,2,0.82,0.418,0.049,2.67
2021-07-21 1:00,25.64,7.71,47.4,13.22,187.4,4.38,3,1.84,0.438,0.049,2.67
2021-07-21 2:00,27.15,7.71,47.4,13.23,186.98,4.37,2,2.05,0.438,0.052,2.67
2021-07-21 3:00,25.61,7.71,47.4,13.23,186.98,4.37,2,2.39,0.42,0.054,2.67
2021-07-21 13:00,25.77,7.72,51.37,13.17,189.22,4.42,2,2.69,0.435,0.058,2.67
2021-07-22 1:00,26.08,7.77,47.29,13.06,193.63,4.48,2,3.5,0.478,0.047,2.65
2021-07-22 3:00,25.79,7.56,46.36,13.17,189.54,4.66,2,3.41,0.494,0.047,2.67
2021-07-22 6:00,25.94,7.56,47.32,13.11,191.67,4.72,2,3.11,0.501,0.045,2.66
2021-07-22 8:00,28.07,7.52,47.36,13.17,189.41,4.72,2,2.94,0.444,0.042,2.67
2021-07-22 9:00,25.89,7.56,47.34,13.13,190.56,4.7,2,2.39,0.44,0.041,2.66
2021-07-22 10:00,25.78,7.52,47.36,13.17,189.41,4.72,2,2.94,0.446,0.043,2.67
2021-07-22 13:00,25.86,7.72,52.074,13.14,190.5,4.46,2,2.89,0.434,0.044,2.66
2021-07-22 15:00,26.19,7.78,47.26,13.02,195.21,4.51,2,2.89,0.434,0.0,2.65
2021-07-22 23:00,27.11,7.84,47.02,12.69,208.8,4.81,3,4.26,0.394,0.0,2.63
2021-07-23 3:00,26.88,7.84,42.363,12.77,205.27,4.71,3,4.85,0.344,0.0,2.63
2021-07-23 4:00,26.43,7.74,49.0984,12.94,198.74,4.67,3,4.33,0.373,0.0,2.65
2021-07-23 5:00,27.19,7.77,47.17,12.89,201.11,4.7,3,5.19,0.388,0.0,2.65
2021-07-23 9:00,26.46,7.75,47.2,12.93,199.17,4.67,4,4.88,0.407,0.0,2.65
2021-07-23 10:00,26.52,7.74,47.19,12.91,200.07,4.71,4,4.3,0.396,0.0,2.65
2021-07-23 11:00,25.75,7.72,47.37,13.18,188.94,4.41,4,4.38,0.429,0.0,2.67
2021-07-23 12:00,26.22,7.74,48.616,12.92,199.47,4.69,4,4.73,0.402,0.0,2.65
2021-07-23 13:00,26.94,7.78,49.0048,12.85,201.68,4.68,5,5.73,0.412,0.0,2.64
2021-07-23 14:00,26.61,7.77,47.13,12.88,201.23,4.71,5,5.52,0.403,0.0,2.64
2021-07-24 12:00,27.22,7.84,46.99,12.66,210.5,4.87,8,5.24,0.43,0.0,2.63
2021-07-24 13:00,27.06,7.86,46.97,12.62,212.05,4.89,8,5.23,0.417,0.0,2.63
2021-07-24 16:00,27.35,7.87,46.96,12.62,212.52,4.89,8,5.3,0.416,0.0,2.63
2021-07-24 19:00,27.26,7.87,47.12,12.84,202.09,4.58,10,5.51,0.401,0.0,2.64
2021-07-24 21:00,27.17,7.86,47.0,12.67,209.71,4.82,8,5.14,0.447,0.0,2.63
2021-07-24 22:00,27.11,7.79,48.9008,12.69,208.81,4.88,8,5.37,0.428,0.0,2.63
2021-07-24 23:00,26.26,7.84,47.47,13.34,181.99,4.05,8,6.41,0.44,0.0,2.67
2021-07-25 0:00,27.23,7.86,45.99,12.65,210.64,4.84,9,6.83,0.509,0.0,2.63
2021-07-25 1:00,26.47,7.84,47.2,12.93,199.29,4.55,9,5.15,0.468,0.0,2.65
2021-07-25 7:00,26.99,7.84,47.04,12.73,206.95,4.76,8,5.19,0.43,0.0,2.63
2021-07-25 11:00,27.18,7.79,47.0,12.67,209.99,4.92,9,5.51,0.442,0.0,2.63
2021-07-25 14:00,24.4,7.79,47.02,12.69,208.81,4.88,9,5.31,0.45,0.0,2.63
2021-07-25 16:00,27.47,7.86,46.94,12.58,214.41,4.96,9,5.76,0.545,0.0,2.63
2021-07-25 18:00,27.02,7.78,46.98,12.64,211.45,4.98,11,5.58,0.488,0.0,2.63
2021-07-25 21:00,27.2,7.78,47.0,12.66,210.21,4.94,8,5.87,0.465,0.0,2.63
2021-07-25 22:00,27.21,7.75,46.99,12.66,210.37,4.99,9,5.85,0.53,0.0,2.63
2021-07-25 23:00,29.94,7.75,46.99,12.66,210.53,4.99,9,5.23,0.487,0.0,2.63
2021-07-26 0:00,27.26,7.77,49.98,12.64,211.14,4.98,9,5.88,0.456,0.0,2.63
2021-07-26 1:00,27.13,7.8,46.01,12.69,209.12,4.88,9,5.85,0.454,0.0,2.63
2021-07-26 3:00,26.99,7.77,47.04,12.73,206.88,4.86,10,4.82,0.449,0.0,2.63
2021-07-26 11:00,27.34,7.79,49.97,12.62,212.39,4.99,9,5.66,0.473,0.0,2.63
2021-07-26 14:00,28.89,7.75,46.99,12.65,210.99,5.01,7,5.12,0.452,0.0,2.63
2021-07-26 15:00,27.41,7.79,46.95,12.6,213.49,5.03,7,0.0,0.0,0.0,2.63
2021-07-26 16:00,27.29,7.78,50.98,12.63,211.61,4.98,6,5.27,0.453,0.074,2.63
2021-07-26 17:00,26.51,7.75,47.19,12.91,199.92,4.69,6,5.28,0.452,0.06,2.65
2021-07-26 19:00,27.36,7.85,46.96,12.61,212.65,4.84,5,4.64,0.458,0.059,2.63
2021-07-26 22:00,27.19,7.79,47.0,12.67,210.05,4.92,6,3.76,0.378,0.054,2.63
2021-07-26 23:00,27.29,7.75,46.98,12.63,211.62,5.03,6,4.63,0.378,0.052,2.63
2021-07-27 2:00,26.43,7.79,46.99,12.65,210.67,4.94,7,4.89,0.446,0.056,2.63
2021-07-27 3:00,28.77,7.78,51.01,12.68,209.28,4.91,6,4.59,0.445,0.074,2.63
2021-07-27 4:00,27.07,7.78,47.03,12.71,208.2,4.88,7,4.44,0.456,0.081,2.63
2021-07-27 5:00,28.72,7.78,47.02,12.7,208.51,4.89,7,4.66,0.457,0.058,2.63
2021-07-27 8:00,27.05,7.74,47.03,12.71,207.9,4.93,7,4.74,0.49,0.059,2.63
2021-07-27 9:00,27.07,7.75,47.03,12.71,208.21,4.92,6,3.7,0.522,0.064,2.63
2021-07-27 10:00,27.03,7.74,48.9112,12.72,207.6,4.92,6,4.26,0.481,0.061,2.63
2021-07-27 11:00,26.86,7.65,51.01,12.68,209.63,5.12,6,4.33,0.458,0.06,2.63
2021-07-27 16:00,28.88,8.13,46.64,12.14,237.63,5.34,6,4.55,0.375,0.054,2.59
2021-07-28 1:00,27.36,7.79,46.94,12.61,212.7,5.0,3,3.92,0.517,0.062,2.63
2021-07-28 2:00,27.1,7.79,46.94,12.61,212.7,5.0,3,4.36,0.533,0.058,2.63
2021-07-28 3:00,27.4,7.79,46.95,12.6,213.33,5.02,3,4.54,0.524,0.061,2.63
2021-07-28 4:00,27.38,7.77,45.96,12.6,213.02,5.04,3,5.01,0.443,0.057,2.63
2021-07-28 6:00,27.18,7.78,46.92,12.59,213.96,5.06,3,3.77,0.424,0.052,2.63
2021-07-28 7:00,27.46,7.79,46.94,12.58,214.28,5.05,3,6.28,0.531,0.06,2.63
2021-07-28 8:00,27.49,7.79,46.93,12.57,214.75,5.07,2,5.23,0.376,0.047,2.63
2021-07-28 9:00,27.44,7.74,46.94,12.59,213.98,5.12,2,4.17,0.349,0.047,2.63
2021-07-28 10:00,27.31,7.7,42.273,12.63,211.95,5.11,2,3.99,0.318,0.051,2.63
2021-07-28 11:00,27.44,7.72,46.94,12.59,213.98,5.15,2,3.38,0.341,0.045,2.63
2021-07-28 12:00,27.52,7.74,46.93,12.56,215.24,5.15,2,3.57,0.37,0.055,2.62
2021-07-28 14:00,27.65,7.74,46.9,12.52,217.31,5.22,3,3.84,0.303,0.048,2.61
2021-07-28 15:00,29.22,7.75,46.92,12.54,216.03,5.16,4,4.54,0.311,0.054,2.62
2021-07-28 16:00,27.6,7.75,46.91,12.53,216.51,5.18,2,4.24,0.346,0.048,2.62
2021-07-28 17:00,28.36,7.75,46.92,12.55,215.87,5.16,2,4.63,0.349,0.051,2.62
2021-07-28 23:00,28.35,7.74,48.7968,12.55,215.72,5.17,2,3.22,0.396,0.06,2.62
2021-07-29 0:00,27.54,7.74,48.3276,12.55,215.56,5.16,2,3.28,0.377,0.055,2.62
2021-07-29 2:00,28.24,7.7,50.94,12.59,213.99,5.18,4,2.24,0.405,0.055,2.63
2021-07-29 8:00,27.42,7.79,42.255,12.59,213.65,5.02,5,3.12,0.364,0.049,2.63
2021-07-29 11:00,27.53,7.78,48.3276,12.56,215.39,5.1,2,3.57,0.355,0.05,2.62
2021-07-29 14:00,27.91,7.87,46.84,12.44,221.46,5.16,5,3.86,0.388,0.051,2.61
2021-07-29 17:00,30.35,8.25,49.38,11.75,262.41,6.06,2,4.97,0.332,0.052,2.56
2021-07-30 9:00,27.85,7.86,46.86,12.45,220.49,5.14,10,1.69,0.305,0.047,2.61
2021-07-31 9:00,28.68,8.15,46.68,12.2,234.17,5.21,2,10.3,0.515,0.077,2.6
2021-07-31 10:00,28.69,8.13,46.68,12.2,234.45,5.24,2,10.45,0.468,0.073,2.59
2021-07-31 11:00,28.95,8.04,42.021,12.21,233.72,5.32,2,7.47,0.293,0.057,2.6
2021-07-31 12:00,28.67,7.99,48.5472,12.2,234.09,5.4,2,5.18,0.363,0.053,2.6
2021-07-31 13:00,28.71,8.05,46.86,12.19,234.74,5.34,2,6.27,0.346,0.057,2.59
2021-07-31 14:00,28.76,8.07,48.5368,12.17,235.59,5.35,1,4.48,0.223,0.049,2.59
2021-07-31 15:00,28.82,8.09,45.65,12.16,236.62,5.36,1,5.29,0.204,0.036,2.59
2021-07-31 16:00,29.3,8.08,46.56,12.02,245.05,5.65,2,5.83,0.206,0.035,2.58
2021-07-31 17:00,30.91,7.97,46.42,11.81,258.26,6.24,2,5.8,0.204,0.0,2.57
2021-07-31 18:00,30.49,8.1,46.33,11.68,267.11,6.4,1,28.74,1.052,0.0,2.56
2021-07-31 19:00,30.38,8.32,46.35,11.71,264.85,6.09,2,21.37,0.9,0.063,2.56
2021-07-31 20:00,30.2,8.45,51.029,11.76,261.32,5.86,1,21.25,0.746,0.045,2.56
2021-07-31 21:00,30.06,8.41,46.41,11.8,258.71,5.79,1,25.71,0.846,0.052,2.57
2021-07-31 22:00,29.17,8.28,46.58,12.05,242.61,5.36,2,18.92,0.696,0.044,2.59
2021-07-31 23:00,28.61,7.87,46.7,12.22,233.13,5.53,2,12.7,0.56,0.0,2.6
2021-08-01 0:00,28.52,7.82,46.71,12.25,231.62,5.55,2,25.47,1.352,0.102,2.6
2021-08-01 1:00,28.42,7.78,46.73,12.28,229.94,5.56,3,22.96,0.97,0.072,2.6
2021-08-01 2:00,28.38,7.7,48.1422,12.29,229.3,5.67,3,20.02,0.852,0.054,2.6
2021-08-01 3:00,28.36,7.73,45.75,12.29,228.95,5.61,4,23.74,0.843,0.058,2.6
2021-08-01 4:00,28.32,7.63,46.75,12.31,228.32,5.75,4,23.3,0.887,0.07,2.6
2021-08-01 5:00,28.28,7.69,46.76,12.32,227.63,5.63,4,25.11,0.933,0.065,2.61
2021-08-01 6:00,28.25,7.7,46.77,12.33,227.13,5.6,4,25.34,1.015,0.075,2.61
2021-08-05 11:00,29.4,7.24,47.92,12.44,197.2,5.78,0,7.82,0.743,0.0,2.65
2021-08-07 9:00,27.51,7.55,44.93,12.56,215.14,5.46,0,5.75,0.48,0.0,2.62
2021-08-08 13:00,27.64,7.57,46.9,12.52,217.2,5.49,4,5.84,0.793,0.0,2.61
2021-08-08 19:00,27.64,7.57,46.9,12.52,217.2,5.49,4,5.44,0.755,0.0,2.61
2021-08-09 1:00,27.51,7.55,46.93,12.56,215.14,5.46,2,5.69,0.787,0.0,2.62
2021-08-09 7:00,28.16,7.56,46.96,12.61,212.77,5.37,3,6.31,0.645,0.0,2.63
2021-08-09 8:00,27.36,7.56,46.96,12.61,212.77,5.37,3,5.97,0.62,0.0,2.63
2021-08-09 9:00,27.42,7.57,50.95,12.59,213.71,5.38,2,5.9,0.598,0.0,2.63
2021-08-09 10:00,27.42,7.57,46.95,12.59,213.71,5.38,2,5.71,0.602,0.0,2.63
2021-08-12 13:00,28.49,8.12,46.67,12.18,235.39,5.28,0,3.56,0.423,0.0,2.59
2021-08-20 3:00,27.62,8.11,46.91,12.53,216.66,4.72,0,1.79,0.367,0.052,2.61
2021-08-20 4:00,27.32,8.12,42.219,12.54,216.18,4.69,0,0.0,0.362,0.052,2.62
2021-08-20 5:00,27.56,8.14,46.92,12.55,215.69,4.66,0,1.63,0.391,0.049,2.62
2021-08-20 6:00,29.19,8.14,45.92,12.55,215.38,4.65,0,1.62,0.38,0.05,2.62
2021-08-20 7:00,27.01,8.14,46.93,12.56,214.9,4.63,0,0.0,0.418,0.052,2.62
2021-08-20 8:00,27.51,8.14,46.93,12.56,214.9,4.63,0,1.44,0.367,0.052,2.62
2021-08-20 22:00,29.98,8.11,46.92,12.55,215.55,4.69,0,2.94,0.163,0.034,2.62
2021-08-21 1:00,27.81,8.11,46.87,12.47,219.71,4.81,1,2.44,0.166,0.047,2.61
2021-08-22 4:00,26.94,7.99,47.06,12.75,206.12,4.54,1,4.6,0.291,0.058,2.63
2021-08-22 12:00,26.97,8.0,47.05,0.49,206.57,4.55,2,4.23,0.288,0.056,2.63
2021-08-24 18:00,26.98,7.99,47.05,12.74,206.73,4.56,3,4.68,0.473,0.081,2.63
2021-08-24 19:00,26.94,7.99,51.766,12.75,206.12,4.54,3,4.68,0.454,0.083,2.63
2021-08-30 5:00,26.16,7.99,44.27,13.04,194.7,4.24,3,4.43,0.59,0.076,2.65
2021-08-30 14:00,26.24,8.0,47.25,13.01,195.85,4.26,2,4.28,0.515,0.079,2.65
2021-08-30 15:00,27.81,8.0,47.25,13.01,195.85,4.26,2,4.41,0.494,0.077,2.65
2021-08-31 10:00,26.16,7.99,42.543,13.04,194.7,4.24,3,4.25,0.527,0.081,2.65
2021-08-31 12:00,26.16,7.99,46.27,13.04,194.7,4.24,2,4.34,0.526,0.079,2.65
2021-09-01 3:00,25.77,7.95,47.37,13.17,189.14,4.13,6,5.49,0.56,0.078,2.67
2021-09-01 4:00,26.79,7.96,47.39,13.2,188.01,4.09,6,5.49,0.543,0.078,2.67
2021-09-01 5:00,25.77,7.96,48.7911,13.17,189.14,4.12,5,5.1,0.532,0.076,2.67
2021-09-01 6:00,26.03,7.96,48.8014,13.19,188.58,4.11,5,4.62,0.531,0.076,2.67
2021-09-01 7:00,25.45,7.97,47.38,13.2,188.29,4.08,4,5.17,0.554,0.077,2.67
2021-09-01 8:00,25.45,7.97,52.118,13.2,188.29,4.08,4,5.07,0.511,0.076,2.67
2021-09-01 9:00,25.73,7.97,47.38,13.19,188.57,4.09,4,5.0,0.526,0.073,2.67
2021-09-01 10:00,25.72,7.97,47.38,13.19,188.43,4.09,5,4.96,0.526,0.077,2.67
2021-09-01 11:00,25.72,7.96,47.38,13.19,188.43,4.1,5,4.97,0.526,0.075,2.67
2021-09-01 12:00,25.75,7.97,51.37,13.18,188.85,4.1,8,4.97,0.526,0.075,2.67
2021-09-01 13:00,27.35,8.03,47.51,13.4,180.04,3.79,10,4.97,0.526,0.075,2.68
2021-09-01 14:00,24.71,8.07,46.63,13.56,174.67,3.62,36,4.97,0.526,0.075,2.69
2021-09-01 15:00,24.72,8.06,47.63,13.56,174.8,3.63,28,13.85,2.411,0.127,2.69
2021-09-01 16:00,24.77,8.06,47.62,13.54,175.46,3.63,21,11.96,2.373,0.134,2.69
2021-09-01 17:00,26.18,8.03,49.5456,13.57,174.55,3.66,19,11.2,2.355,0.141,2.69
2021-09-01 18:00,27.33,7.99,47.36,13.17,189.26,4.09,4,10.74,2.674,0.147,2.67
2021-09-01 19:00,25.85,8.01,48.41,13.09,171.36,3.82,3,3.09,1.364,0.095,2.7
2021-09-01 20:00,25.84,8.01,47.35,13.15,190.1,4.09,3,3.18,1.026,0.0,2.66
2021-09-01 21:00,25.86,8.02,43.569,13.09,171.48,3.81,2,2.25,0.925,0.078,2.69
2021-09-01 22:00,25.85,8.02,48.41,13.09,171.35,3.81,2,3.2,0.882,0.077,2.7
2021-09-01 23:00,28.42,8.01,49.244,13.15,190.1,4.09,2,2.95,0.882,0.083,2.66
2021-09-02 0:00,25.84,8.01,47.35,13.15,190.1,4.09,2,2.17,0.816,0.077,2.66
2021-09-02 1:00,25.85,8.01,52.41,13.09,171.36,3.82,2,3.02,0.767,0.074,2.7
2021-09-02 2:00,25.82,8.0,53.262,13.1,170.98,3.82,2,2.55,0.761,0.075,2.7
2021-09-02 3:00,25.83,8.0,48.42,13.1,171.11,3.82,1,3.69,0.767,0.076,2.7
2021-09-02 4:00,25.81,7.99,50.3568,13.11,170.86,3.83,2,2.33,0.707,0.075,2.7
2021-09-02 5:00,25.82,7.99,48.42,13.1,170.98,3.38,2,2.53,0.724,0.075,2.7
2021-09-02 6:00,25.83,7.99,48.42,13.1,171.11,3.83,2,3.22,0.71,0.075,2.7
2021-09-02 7:00,25.86,7.99,48.41,13.09,171.5,3.84,2,3.23,0.683,0.077,2.69
2021-09-02 8:00,25.87,7.99,48.41,13.08,171.63,3.85,2,3.42,0.711,0.077,2.69
2021-09-02 9:00,25.89,7.99,48.4,13.08,171.88,3.85,2,3.1,0.721,0.079,2.69
2021-09-02 10:00,26.2,7.98,47.33,13.13,190.97,4.15,2,3.07,0.711,0.079,2.66
2021-09-02 11:00,25.9,7.98,47.33,13.13,190.97,4.15,2,3.03,0.736,0.078,2.66
2021-09-02 12:00,25.91,7.97,48.4,13.07,172.14,3.88,2,3.21,0.725,0.08,2.69
2021-09-02 13:00,26.19,7.98,48.4,13.08,171.88,3.87,2,3.4,0.726,0.078,2.69
2021-09-09 12:00,25.4,8.03,48.51,13.24,165.58,3.63,1,0.0,0.0,0.0,2.7
2021-09-09 14:00,25.47,8.0,51.38,13.19,188.56,4.06,2,1.63,0.819,0.0,2.67
2021-09-09 18:00,25.7,7.99,49.2752,13.2,188.14,4.06,1,0.74,0.798,0.0,2.67
2021-09-09 19:00,25.53,7.98,47.42,13.26,185.77,4.01,1,0.78,0.83,0.0,2.67
2021-09-09 22:00,25.27,7.99,48.8941,13.34,182.07,3.89,1,2.92,0.753,0.0,2.67
2021-09-10 4:00,25.25,7.99,47.47,13.35,181.79,3.88,2,1.4,0.774,0.0,2.67
2021-09-10 5:00,25.25,7.99,47.47,13.35,181.79,3.88,3,2.37,0.672,0.0,2.67
2021-09-10 7:00,25.25,7.99,47.47,13.35,181.79,3.88,1,2.26,0.672,0.0,2.67
2021-09-10 13:00,25.72,7.96,47.38,13.19,188.43,4.1,2,3.63,0.646,0.0,2.67
2021-09-10 22:00,25.84,8.0,47.42,13.26,185.9,3.99,2,2.95,0.63,0.0,2.67
2021-09-11 2:00,25.53,7.98,47.42,13.26,185.77,4.01,2,2.57,0.665,0.0,2.67
2021-09-11 3:00,25.75,7.98,46.37,13.18,188.84,4.09,3,3.67,0.612,0.0,2.67
2021-09-11 7:00,25.54,8.0,49.3168,13.26,185.9,3.99,3,2.88,0.615,0.0,2.67
2021-09-11 9:00,25.53,7.97,47.42,13.26,185.78,4.02,2,3.52,0.615,0.0,2.67
2021-09-11 16:00,26.97,8.0,51.05,0.49,206.57,4.55,5,2.81,0.645,0.0,2.63
2021-09-11 19:00,26.16,7.99,47.27,13.04,194.7,4.24,4,4.04,0.612,0.0,2.65
2021-09-11 20:00,25.7,7.99,47.38,13.2,188.14,4.06,4,2.3,0.619,0.0,2.67
2021-09-11 23:00,22.83,7.97,42.705,13.31,183.51,3.95,4,3.64,0.641,0.0,2.67
2021-09-12 0:00,25.39,7.97,47.45,13.31,182.82,3.96,3,1.06,0.626,0.0,2.67
2021-09-12 6:00,25.24,7.97,47.47,13.35,181.66,3.9,4,3.22,0.497,0.0,2.68
2021-09-12 9:00,25.24,7.97,47.47,13.35,181.66,3.9,4,1.64,0.58,0.0,2.68
2021-09-12 13:00,25.75,7.98,47.37,13.18,188.84,4.09,4,1.97,0.625,0.0,2.67
2021-09-12 20:00,25.48,7.98,47.44,13.28,185.08,3.99,4,3.63,0.612,0.0,2.67
2021-09-12 21:00,25.48,7.98,47.44,13.28,185.08,3.99,4,3.19,0.502,0.0,2.67
2021-09-12 23:00,25.48,7.98,52.184,13.28,185.08,3.99,4,1.59,0.656,0.0,2.67
2021-09-13 5:00,25.05,7.95,47.46,13.33,182.65,3.95,5,0.44,0.533,0.0,2.67
2021-09-13 10:00,25.3,7.95,44.46,13.33,182.51,3.94,5,0.27,0.614,0.0,2.67
2021-09-13 19:00,25.39,7.97,51.45,13.31,182.82,3.96,6,1.65,0.423,0.077,2.67
2021-09-13 20:00,25.48,7.98,46.44,13.28,185.08,3.99,8,1.73,0.426,0.071,2.67
2021-09-13 23:00,26.13,7.97,47.42,13.26,185.78,4.02,6,1.62,0.506,0.068,2.67
2021-09-14 1:00,25.47,7.97,47.44,13.28,184.95,3.99,5,1.75,0.49,0.073,2.67
2021-09-14 5:00,25.11,7.97,47.45,13.31,183.51,3.95,6,2.18,0.404,0.065,2.67
2021-09-14 8:00,25.26,7.96,47.47,13.34,181.94,3.9,6,2.12,0.499,0.065,2.67
2021-09-14 16:00,25.3,7.95,47.46,13.33,182.51,3.94,5,1.81,0.667,0.064,2.67
2021-09-14 21:00,25.16,7.95,45.5,13.38,180.61,3.89,6,1.76,0.494,0.067,2.68
2021-09-15 0:00,25.14,7.95,45.5,13.39,180.34,3.89,5,1.59,0.5,0.065,2.68
2021-09-15 1:00,25.14,7.95,49.4,13.39,180.34,3.89,5,2.11,0.506,0.067,2.68
2021-09-15 5:00,25.01,7.94,47.53,13.44,178.58,3.85,5,2.39,0.529,0.063,2.68
2021-09-15 7:00,24.85,7.95,49.028,13.51,176.56,3.79,6,2.1,0.596,0.065,2.69
2021-09-15 8:00,24.78,7.96,47.62,13.54,175.63,3.75,6,3.13,0.6,0.064,2.69
2021-09-15 13:00,24.85,7.95,47.6,13.51,176.56,3.79,6,2.37,0.625,0.068,2.69
2021-09-16 14:00,25.08,7.97,47.62,13.54,175.63,3.75,5,2.02,0.611,0.066,2.69
2021-09-16 15:00,23.96,7.96,47.62,13.55,175.37,3.74,5,2.68,0.592,0.066,2.69
2021-09-16 18:00,25.06,7.96,47.62,13.55,175.37,3.74,5,2.15,0.587,0.065,2.69
2021-09-16 19:00,22.28,7.96,47.62,13.55,175.37,3.74,5,2.13,0.587,0.066,2.69
2021-09-17 2:00,24.78,7.97,47.62,13.54,175.63,3.75,4,2.27,0.58,0.065,2.69
2021-09-17 3:00,24.78,7.96,47.62,13.54,175.63,3.75,4,1.8,0.58,0.064,2.69
2021-09-17 4:00,24.78,7.96,45.62,13.54,175.63,3.75,4,1.85,0.6,0.065,2.69
2021-09-17 9:00,24.68,7.93,49.5456,13.58,174.33,3.76,5,1.81,0.627,0.065,2.69
2021-09-18 4:00,24.6,7.9,46.66,13.61,173.3,3.76,4,2.74,0.666,0.069,2.69
2021-09-18 11:00,24.88,7.89,47.67,13.61,173.04,3.77,4,2.47,0.665,0.07,2.7
2021-09-18 19:00,24.68,7.93,42.876,13.58,174.33,3.76,4,2.52,0.641,0.068,2.69
2021-09-18 20:00,24.68,7.93,47.64,13.58,174.33,3.76,4,2.16,0.647,0.068,2.69
2021-09-19 15:00,25.47,7.97,51.44,13.28,184.95,3.99,3,2.52,0.63,0.064,2.67
2021-09-21 14:00,24.6,7.9,52.426,13.61,173.3,3.76,5,1.73,0.638,0.067,2.69
2021-09-22 14:00,25.24,7.97,47.47,13.35,181.66,3.9,6,2.26,0.586,0.059,2.68
2021-09-22 20:00,25.27,7.99,49.3688,13.34,182.07,3.89,5,2.05,0.551,0.054,2.67
2021-09-23 1:00,25.16,7.95,48.925,13.38,180.61,3.89,5,2.44,0.594,0.051,2.68
2021-09-23 16:00,25.01,8.11,49.4312,13.44,178.51,3.67,6,2.73,0.517,0.046,2.68
2021-09-23 17:00,25.29,8.12,47.54,13.44,178.23,3.65,6,2.68,0.532,0.046,2.68
2021-09-25 9:00,24.33,7.99,49.6392,13.71,169.78,3.57,5,2.77,0.508,0.049,2.7
2021-09-25 15:00,24.4,8.0,47.21,13.68,170.67,3.59,4,2.64,0.542,0.052,2.7
2021-09-25 21:00,24.4,8.0,47.21,13.68,170.67,3.59,4,2.14,0.476,0.046,2.7
2021-09-25 23:00,24.33,7.99,47.73,13.71,169.78,3.57,4,3.13,0.507,0.045,2.7
2021-09-26 4:00,26.62,8.0,47.77,13.76,168.12,3.52,5,3.07,0.528,0.047,2.7
2021-09-26 8:00,23.77,7.98,52.591,13.81,166.49,3.5,4,2.41,0.468,0.048,2.85
2021-09-26 10:00,24.09,7.97,47.8,13.8,166.74,3.52,4,2.71,0.526,0.048,2.7
2021-09-27 0:00,24.22,8.12,50.77,13.75,168.32,3.41,4,3.35,0.412,0.04,2.7
2021-09-27 1:00,25.62,8.12,47.78,13.77,167.69,3.4,4,3.74,0.441,0.034,2.7
2021-09-27 13:00,24.2,8.0,47.77,13.76,168.12,3.52,5,0.0,0.642,0.046,2.7
2021-09-27 16:00,24.53,8.13,47.68,13.63,172.29,3.5,5,0.0,0.741,0.055,2.7
2021-09-27 22:00,24.9,8.14,47.74,13.72,169.33,3.42,5,1.91,0.418,0.0,2.7
2021-09-29 4:00,23.83,8.12,46.87,13.91,163.44,3.29,7,0.14,0.401,0.036,2.72
2021-09-29 5:00,24.14,8.12,47.87,13.9,163.57,3.29,7,0.41,0.445,0.035,2.72
2021-09-29 6:00,23.79,8.12,49.88,13.92,162.95,3.28,6,0.23,0.442,0.039,2.72
2021-09-29 7:00,23.79,8.11,47.88,13.92,162.95,3.29,6,0.61,0.443,0.036,2.72
2021-09-29 10:00,23.6,7.94,47.93,14.0,160.7,3.4,8,1.45,0.575,0.055,2.72
2021-09-29 11:00,23.6,7.94,49.3679,14.0,160.7,3.4,7,1.19,0.548,0.055,2.72
2021-09-29 13:00,23.65,7.95,47.92,13.98,161.31,3.4,6,1.46,0.564,0.058,2.72
2021-09-29 14:00,23.65,7.99,51.92,13.98,161.29,3.36,6,1.58,0.547,0.056,2.72
2021-09-29 20:00,23.72,8.11,52.69,13.95,162.09,3.27,6,1.97,0.629,0.044,2.72
2021-09-29 21:00,23.74,8.13,47.9,13.94,162.33,3.26,6,2.05,0.439,0.042,2.72
2021-09-29 22:00,23.71,8.11,47.91,13.95,161.98,3.27,6,2.2,0.388,0.04,2.72
2021-09-30 2:00,23.62,8.12,47.93,13.99,160.87,3.23,5,2.14,0.499,0.037,2.72
2021-10-01 0:00,23.49,8.03,49.8888,14.04,159.33,3.28,4,2.08,0.397,0.045,2.72
2021-10-01 1:00,23.21,8.02,47.97,14.05,159.1,3.28,5,2.19,0.383,0.043,2.72
2021-10-01 2:00,23.5,8.0,51.96,14.04,159.47,3.31,5,2.49,0.387,0.045,2.72
2021-10-01 3:00,23.52,7.99,50.96,14.03,159.71,3.33,5,2.83,0.523,0.061,2.72
2021-10-01 4:00,23.51,7.98,49.3988,14.04,159.6,3.33,5,2.38,0.366,0.044,2.72
2021-10-01 5:00,23.55,7.92,47.95,14.02,160.1,3.4,5,2.97,0.552,0.066,2.72
2021-10-01 6:00,23.57,7.9,47.94,14.01,160.35,3.43,5,2.22,0.545,0.066,2.72
2021-10-01 7:00,24.33,7.94,49.95,14.03,159.85,3.38,5,2.69,0.571,0.059,2.72
2021-10-01 8:00,23.65,7.95,47.92,13.98,161.31,3.4,5,3.04,0.517,0.056,2.72
2021-10-01 9:00,23.9,7.97,47.93,14.0,160.69,3.37,5,2.64,0.495,0.055,2.72
2021-10-01 10:00,23.61,8.03,47.93,13.99,160.79,3.31,4,2.7,0.485,0.05,2.72
2021-10-01 11:00,23.35,8.05,46.93,13.99,160.78,3.29,4,2.56,0.472,0.044,2.72
2021-10-01 12:00,23.63,8.04,49.3679,13.99,161.03,3.31,4,1.99,0.408,0.043,2.72
2021-10-01 13:00,23.63,8.04,49.3679,13.99,161.03,3.31,5,1.81,0.428,0.047,2.72
2021-10-01 14:00,23.64,8.03,51.92,13.98,161.15,3.32,5,1.71,0.384,0.044,2.72
2021-10-01 15:00,23.66,8.02,47.92,13.97,161.4,3.34,5,1.42,0.38,0.045,2.72
2021-10-01 16:00,23.91,8.04,43.065,13.87,164.47,3.39,5,1.32,0.379,0.045,2.72
2021-10-01 17:00,24.43,8.12,47.71,13.67,171.01,3.48,5,1.96,0.349,0.044,2.7
2021-10-01 18:00,25.92,8.14,47.7,13.66,171.25,3.47,5,1.92,0.334,0.038,2.7
2021-10-01 19:00,24.68,8.15,47.72,13.69,170.35,3.43,5,1.83,0.334,0.038,2.7
2021-10-01 20:00,24.41,8.15,47.71,13.68,170.73,3.44,5,1.83,0.386,0.041,2.7
2021-10-01 21:00,24.53,8.12,47.76,13.75,168.45,3.41,5,0.0,0.608,0.0,2.7
2021-10-01 22:00,24.25,8.07,47.76,13.74,168.73,3.47,5,4.06,0.608,0.044,2.7
2021-10-01 23:00,24.21,8.07,49.77,13.76,168.22,3.46,5,3.22,0.608,0.048,2.7
2021-10-02 0:00,24.14,8.05,47.79,13.78,167.34,3.45,5,3.08,0.631,0.042,2.7
2021-10-02 1:00,24.14,8.05,47.79,13.78,167.34,3.45,5,3.39,0.523,0.043,2.7
2021-10-02 2:00,24.1,8.05,47.8,13.8,166.84,3.44,5,4.03,0.466,0.045,2.7
2021-10-02 3:00,24.08,8.04,47.8,13.81,166.59,3.44,5,4.2,0.462,0.045,2.7
2021-10-02 4:00,24.0,8.04,43.038,13.84,165.59,3.42,5,3.61,0.439,0.045,2.71
2021-10-02 5:00,23.98,8.02,47.83,13.85,165.35,3.43,6,4.28,0.424,0.048,2.71
2021-10-02 6:00,23.89,7.97,47.86,13.88,164.25,3.46,6,3.78,0.416,0.047,2.72
2021-10-02 7:00,23.9,7.97,47.85,13.88,164.37,3.46,6,3.7,0.448,0.05,2.72
2021-10-02 8:00,23.89,7.94,49.86,13.88,164.25,3.46,5,3.52,0.482,0.054,2.72
2021-10-02 9:00,23.93,7.93,47.84,13.87,164.76,3.51,4,3.8,0.475,0.056,2.71
2021-10-02 10:00,23.94,7.94,47.84,13.86,164.88,3.5,5,3.74,0.528,0.06,2.71
2021-10-02 11:00,21.58,7.94,47.83,13.85,165.38,3.52,5,2.97,0.508,0.059,2.71
2021-10-02 12:00,24.02,7.98,47.82,13.83,165.86,3.49,4,3.24,0.496,0.055,2.71
2021-10-02 13:00,24.0,8.02,47.82,13.84,165.6,3.44,5,2.82,0.46,0.051,2.71
2021-10-02 14:00,24.4,8.03,46.8,13.8,166.85,3.46,4,2.33,0.427,0.044,2.7
2021-10-02 15:00,24.06,8.02,47.81,13.82,166.35,3.46,4,2.41,0.448,0.047,2.7
2021-10-02 16:00,24.2,8.06,45.77,13.76,168.1,3.46,4,2.62,0.446,0.064,2.7
2021-10-02 17:00,24.85,8.13,47.6,13.51,176.48,3.61,4,2.32,0.429,0.042,2.69
2021-10-02 18:00,25.21,8.26,51.44,13.28,184.8,3.71,4,3.15,0.387,0.035,2.67
2021-10-02 19:00,25.49,8.26,47.44,13.28,185.08,3.71,4,2.38,0.368,0.033,2.67
2021-10-02 20:00,25.44,8.22,47.45,13.29,184.41,3.73,4,2.58,0.352,0.034,2.67
2021-10-02 21:00,22.6,8.21,47.45,13.31,183.39,3.71,5,2.54,0.365,0.035,2.67
2021-10-02 22:00,24.79,8.21,49.5144,13.53,175.65,3.51,4,2.18,0.347,0.033,2.69
2021-10-02 23:00,24.61,8.14,47.66,13.6,173.33,3.52,5,3.21,0.36,0.036,2.69
2021-10-03 0:00,24.59,8.15,47.67,13.61,173.06,3.5,5,2.65,0.36,0.038,2.7
2021-10-03 1:00,24.57,8.17,47.67,13.62,172.79,3.48,4,2.85,0.36,0.037,2.7
2021-10-03 2:00,24.55,8.17,47.68,13.63,172.53,3.47,5,3.11,0.5,0.037,2.7
2021-10-03 3:00,24.16,8.09,47.78,13.78,167.58,3.42,5,3.36,0.406,0.036,2.7
2021-10-03 4:00,24.16,8.07,47.78,13.78,167.59,3.44,4,3.62,0.438,0.04,2.7
2021-10-03 5:00,24.06,8.07,47.81,13.82,166.33,3.41,5,3.24,0.417,0.041,2.7
2021-10-03 6:00,24.05,8.01,47.81,13.82,166.23,3.46,5,3.63,0.402,0.043,2.71
2021-10-03 7:00,24.01,7.98,47.82,13.83,165.74,3.48,5,0.0,0.426,0.047,2.71
2021-10-03 8:00,23.96,7.98,47.84,13.85,165.11,3.47,4,3.69,0.468,0.049,2.71
2021-10-03 9:00,23.98,7.99,47.83,13.85,165.36,3.46,4,3.86,0.451,0.045,2.71
2021-10-03 10:00,24.0,7.99,47.82,13.84,165.61,3.47,4,3.71,0.418,0.043,2.71
2021-10-03 11:00,24.01,7.98,52.602,13.83,165.74,3.48,4,3.17,0.453,0.046,2.71
2021-10-03 12:00,21.63,7.98,47.82,13.83,165.99,3.49,4,3.26,0.46,0.043,2.71
2021-10-03 13:00,24.54,8.18,44.68,13.63,172.4,3.46,5,3.4,0.446,0.044,2.7
2021-10-03 14:00,24.23,8.18,47.69,13.65,171.75,3.44,5,3.9,0.412,0.035,2.7
2021-10-03 15:00,24.47,8.17,47.7,13.66,171.5,3.45,4,3.33,0.405,0.035,2.7
2021-10-03 16:00,24.53,8.16,47.68,13.63,172.28,3.47,4,3.51,0.391,0.032,2.7
2021-10-03 17:00,24.54,8.16,47.68,13.63,172.41,3.48,4,3.3,0.404,0.031,2.7
2021-10-03 18:00,24.65,8.17,47.65,13.59,173.83,3.51,4,2.75,0.384,0.031,2.69
2021-10-03 19:00,24.68,8.17,47.64,13.58,174.23,3.51,4,3.16,0.435,0.033,2.69
2021-10-03 20:00,24.57,8.17,47.67,13.62,172.79,3.48,4,2.76,0.429,0.028,2.7
2021-10-03 21:00,24.58,8.14,47.67,13.61,172.94,3.51,4,2.58,0.439,0.031,2.7
2021-10-03 22:00,24.67,8.13,49.5456,13.58,174.11,3.55,5,2.67,0.432,0.035,2.69
2021-10-03 23:00,24.33,8.09,47.73,13.71,169.74,3.47,7,2.96,0.465,0.034,2.7
2021-10-04 0:00,24.45,8.12,49.131,13.66,171.26,3.49,7,3.62,0.475,0.037,2.7
2021-10-04 1:00,24.43,8.13,42.939,13.67,171.0,3.47,8,3.86,0.468,0.032,2.7
2021-10-04 2:00,24.36,8.07,46.73,13.7,170.13,3.5,8,4.15,0.468,0.038,2.7
2021-10-04 3:00,24.31,8.06,47.74,13.72,169.5,3.5,8,3.68,0.468,0.036,2.7
2021-10-04 4:00,24.31,8.04,47.74,13.72,169.5,3.52,8,3.7,0.557,0.04,2.7
2021-10-04 5:00,24.51,8.06,49.6808,13.76,168.22,3.47,8,4.45,0.493,0.043,2.7
2021-10-04 6:00,24.19,8.05,49.2031,13.76,167.97,3.47,16,3.92,0.478,0.041,2.7
2021-10-04 7:00,24.15,8.01,45.78,13.78,167.49,3.5,14,3.52,0.466,0.039,2.7
2021-10-04 8:00,24.17,7.96,47.78,13.77,167.76,3.55,13,4.44,0.467,0.046,2.7
2021-10-04 21:00,24.09,7.97,47.8,13.8,166.74,3.52,5,2.9,0.445,0.048,2.7
2021-10-04 23:00,25.54,7.97,47.8,13.8,166.74,3.52,6,2.94,0.496,0.053,2.7
2021-10-05 6:00,25.4,7.98,47.84,13.85,165.11,3.47,4,2.89,0.598,0.053,2.71
2021-10-05 19:00,24.3,8.14,49.6496,13.72,169.33,3.42,1,2.4,0.511,0.043,2.7
2021-10-06 5:00,24.27,8.14,47.75,13.73,168.95,3.41,2,3.56,0.522,0.04,2.7
2021-10-06 6:00,24.27,8.14,47.75,13.73,168.95,3.41,2,3.18,0.522,0.041,2.7
2021-10-06 7:00,24.27,8.13,47.75,13.73,168.95,3.42,2,3.12,0.522,0.041,2.7
2021-10-06 8:00,23.5,8.11,47.74,13.72,169.35,3.45,2,3.56,0.58,0.04,2.7
2021-10-06 12:00,24.42,8.13,47.71,13.68,170.87,3.47,2,3.16,0.545,0.045,2.7
2021-10-06 13:00,24.38,8.13,47.72,13.69,170.36,3.45,3,3.54,0.428,0.04,2.7
2021-10-06 16:00,24.34,8.12,47.73,13.71,169.85,3.45,2,3.45,0.555,0.048,2.7
2021-10-06 17:00,26.76,8.13,44.73,13.71,169.72,3.44,2,3.49,0.555,0.04,2.7
2021-10-06 18:00,24.31,8.11,47.74,13.72,169.47,3.45,2,3.83,0.465,0.039,2.7
2021-10-07 1:00,24.03,8.11,49.7328,13.83,165.93,3.36,3,16.43,1.889,0.101,2.71
2021-10-07 8:00,23.98,8.12,49.2649,13.85,165.3,3.34,3,2.93,0.479,0.043,2.71
2021-10-07 11:00,23.95,8.14,47.84,13.86,164.92,3.31,3,2.88,0.629,0.041,2.71
2021-10-09 2:00,24.26,8.11,49.7536,13.85,165.06,3.34,5,17.1,2.128,0.0,2.71
2021-10-09 15:00,24.2,8.0,47.77,13.76,168.12,3.52,4,2.86,0.62,0.0,2.7
2021-10-10 2:00,24.07,7.98,47.81,13.81,166.49,3.5,3,2.69,0.581,0.0,2.85
2021-10-10 12:00,24.05,8.0,47.24,13.72,169.52,3.56,3,3.01,0.554,0.0,2.7
2021-10-10 23:00,24.31,8.0,47.24,13.72,169.52,3.56,3,1.94,0.602,0.0,2.7
2021-10-11 7:00,23.71,7.99,47.9,13.95,162.03,3.38,5,3.84,0.778,0.0,2.72
2021-10-11 12:00,23.6,7.94,47.93,14.0,160.7,3.4,3,2.72,0.808,0.0,2.72
2021-10-11 16:00,23.65,7.99,47.92,13.98,161.29,3.36,3,4.28,0.675,0.0,2.72
2021-10-11 17:00,23.71,7.99,47.9,13.95,162.03,3.38,4,4.0,0.675,0.0,2.72
2021-10-11 18:00,21.37,8.0,47.9,13.94,162.39,3.38,4,4.15,0.751,0.0,2.72
2021-10-11 21:00,23.74,8.0,46.9,13.94,162.39,3.38,4,4.45,0.684,0.0,2.72
2021-10-12 12:00,23.12,7.96,48.07,14.19,154.95,3.23,3,4.84,0.777,0.0,2.74
2021-10-13 5:00,22.63,7.98,46.21,14.4,149.29,3.08,1,4.73,0.84,0.0,2.75
2021-10-13 13:00,23.48,7.94,48.2,14.38,149.87,3.14,1,4.55,0.692,0.0,2.74
2021-10-13 14:00,22.81,7.96,48.16,14.32,151.35,3.14,1,4.55,0.692,0.0,2.74
2021-10-14 5:00,22.62,7.99,48.22,14.4,149.17,3.07,1,3.79,0.484,0.066,2.75
2021-10-14 9:00,22.62,7.99,48.22,14.4,149.17,3.07,1,3.57,0.545,0.069,2.75
2021-10-14 10:00,22.62,7.99,48.22,14.4,149.17,3.07,2,2.6,0.558,0.073,2.75
2021-10-14 11:00,22.63,7.98,46.21,14.4,149.29,3.08,1,2.28,0.551,0.067,2.75
2021-10-14 19:00,24.09,8.11,47.88,13.92,162.95,3.29,2,2.43,0.426,0.056,2.72
2021-10-15 8:00,22.81,7.96,48.16,14.32,151.35,3.14,1,1.92,0.545,0.064,2.74
2021-10-15 17:00,22.68,7.94,48.2,14.38,149.87,3.14,1,1.9,0.491,0.072,2.74
2021-10-15 19:00,22.73,7.95,48.18,14.36,150.44,3.14,2,2.1,0.491,0.0,2.74
2021-10-15 20:00,23.03,7.95,48.18,14.36,150.44,3.14,1,1.94,0.648,0.067,2.74
2021-10-16 11:00,21.94,7.96,48.42,14.7,141.64,2.91,3,3.08,0.546,0.066,2.77
2021-10-16 22:00,20.81,7.97,48.78,15.21,129.86,2.65,5,6.26,0.725,0.071,2.81
2021-10-16 23:00,20.81,7.97,48.78,15.21,129.86,2.65,5,6.26,0.725,0.071,2.81
2021-10-17 21:00,20.24,7.96,48.37,15.48,124.3,2.52,10,6.01,0.934,0.071,2.83
2021-10-17 23:00,20.24,7.96,49.8211,15.48,124.3,2.52,10,6.34,0.934,0.0,2.83
2021-10-18 3:00,20.23,7.97,48.98,15.49,124.2,2.52,8,6.66,0.842,0.079,2.83
2021-10-19 2:00,19.96,7.94,49.07,15.62,121.65,2.49,8,5.98,0.939,0.059,2.83
2021-10-19 3:00,19.96,7.94,47.35255,15.62,121.65,2.49,8,6.06,0.88,0.057,2.83
2021-10-19 4:00,19.87,7.96,49.1,15.66,120.8,2.45,8,6.14,0.855,0.058,2.83
2021-10-19 5:00,19.83,7.98,49.12,15.68,120.42,2.43,9,5.86,0.828,0.052,2.83
2021-10-19 6:00,19.84,7.96,49.11,15.68,120.52,2.44,9,5.62,0.795,0.052,2.83
2021-10-19 7:00,19.58,7.96,54.021,15.68,120.52,2.44,8,5.75,0.844,0.054,2.83
2021-10-19 8:00,19.84,7.94,49.11,15.68,120.52,2.46,9,6.22,0.819,0.053,2.83
2021-10-19 9:00,19.86,7.94,49.1,15.67,120.71,2.47,8,6.16,0.819,0.054,2.83
2021-10-19 10:00,20.73,7.93,51.0432,15.63,121.37,2.49,11,5.8,0.824,0.054,2.83
2021-10-19 11:00,19.85,7.94,46.11,15.67,120.62,2.47,9,5.28,0.809,0.057,2.83
2021-10-19 12:00,19.93,7.96,46.08,15.63,121.36,2.46,9,0.0,0.791,0.054,2.83
2021-10-19 13:00,19.87,7.96,54.01,15.66,120.8,2.45,10,5.28,0.788,0.056,2.83
2021-10-19 14:00,19.91,7.97,49.09,15.64,121.17,2.45,10,4.0,0.767,0.054,2.83
2021-10-19 15:00,19.92,7.97,49.08,15.64,121.26,2.46,10,4.42,0.727,0.057,2.83
2021-10-19 16:00,19.97,7.98,49.07,15.61,121.73,2.46,11,2.78,0.72,0.056,2.83
2021-10-19 17:00,19.71,7.99,47.07,15.61,121.73,2.45,10,3.4,0.724,0.05,2.83
2021-10-19 18:00,20.56,7.99,49.07,15.62,121.63,2.45,9,2.84,0.686,0.051,2.83
2021-10-19 19:00,19.92,7.99,47.3622,15.64,121.26,2.44,9,4.21,0.667,0.051,2.83
2021-10-19 20:00,19.9,7.97,49.09,15.65,121.08,2.45,9,5.24,0.647,0.048,2.83
2021-10-19 21:00,19.87,7.93,49.1,15.66,120.81,2.48,10,5.51,0.666,0.049,2.83
2021-10-19 23:00,19.72,7.94,47.41045,15.72,119.33,2.44,10,6.32,0.756,0.052,2.84
2021-10-20 0:00,21.69,7.96,49.13,15.72,119.32,2.41,11,6.03,0.729,0.05,2.84
2021-10-20 1:00,18.62,8.0,49.23,15.86,116.55,2.33,10,6.4,0.761,0.051,2.85
2021-10-20 2:00,19.44,8.0,49.22,15.85,116.73,2.33,11,6.5,0.761,0.054,2.85
2021-10-20 3:00,19.96,7.94,44.163,15.62,121.65,2.49,8,6.06,0.88,0.057,2.83
2021-10-20 4:00,19.87,7.96,49.1,15.66,120.8,2.45,8,6.14,0.855,0.058,2.83
2021-10-20 5:00,19.83,7.98,49.12,15.68,120.42,2.43,9,5.86,0.828,0.052,2.83
2021-10-20 6:00,21.03,7.96,49.11,15.68,120.52,2.44,9,5.62,0.795,0.052,2.83
2021-10-20 7:00,19.84,7.96,54.021,15.68,120.52,2.44,8,5.75,0.844,0.054,2.83
2021-10-20 8:00,19.84,7.94,49.11,15.68,120.52,2.46,9,6.22,0.819,0.053,2.83
2021-10-20 9:00,19.86,7.94,51.064,15.67,120.71,2.47,8,6.16,0.819,0.054,2.83
2021-10-20 10:00,19.13,7.93,49.08,15.63,121.37,2.49,11,5.8,0.824,0.054,2.83
2021-10-20 11:00,19.85,7.94,49.11,15.67,120.62,2.47,9,5.28,0.809,0.057,2.83
2021-10-20 12:00,19.93,7.96,47.3622,15.63,121.36,2.46,9,0.0,0.791,0.054,2.83
2021-10-20 13:00,19.87,7.96,47.1,15.66,120.8,2.45,10,5.28,0.788,0.056,2.83
2021-10-20 14:00,19.91,7.97,49.09,15.64,121.17,2.45,10,4.0,0.767,0.054,2.83
2021-10-20 15:00,19.92,7.97,49.08,15.64,121.26,2.46,10,4.42,0.727,0.057,2.83
2021-10-20 16:00,19.17,7.98,44.163,15.61,121.73,2.46,11,2.78,0.72,0.056,2.83
2021-10-20 17:00,19.97,7.99,49.07,15.61,121.73,2.45,10,3.4,0.724,0.05,2.83
2021-10-20 18:00,19.96,7.99,49.07,15.62,121.63,2.45,9,2.84,0.686,0.051,2.83
2021-10-20 19:00,19.92,7.99,46.08,15.64,121.26,2.44,9,4.21,0.667,0.051,2.83
2021-10-20 20:00,19.9,7.97,49.09,15.65,121.08,2.45,9,5.24,0.647,0.048,2.83
2021-10-20 21:00,19.87,7.93,49.1,15.66,120.81,2.48,10,5.51,0.666,0.049,2.83
2021-10-20 23:00,17.48,7.94,49.13,15.72,119.33,2.44,10,6.32,0.756,0.052,2.84
2021-10-21 0:00,19.72,7.96,54.043,15.72,119.32,2.41,11,6.03,0.729,0.05,2.84
2021-10-21 1:00,19.42,8.0,49.23,15.86,116.55,2.33,10,6.4,0.761,0.051,2.85
2021-10-21 2:00,19.44,8.0,49.22,15.85,116.73,2.33,11,6.5,0.761,0.054,2.85
2021-10-21 3:00,19.96,7.94,49.07,15.62,121.65,2.49,8,6.06,0.88,0.057,2.83
2021-10-21 4:00,19.61,7.96,49.1,15.66,120.8,2.45,8,6.14,0.855,0.058,2.83
2021-10-21 5:00,19.83,7.98,49.12,15.68,120.42,2.43,9,5.86,0.828,0.052,2.83
2021-10-21 6:00,19.84,7.96,49.11,15.68,120.52,2.44,9,5.62,0.795,0.052,2.83
2021-10-21 7:00,19.84,7.96,49.11,15.68,120.52,2.44,8,5.75,0.844,0.054,2.83
2021-10-21 8:00,19.84,7.94,49.11,15.68,120.52,2.46,9,6.22,0.819,0.053,2.83
2021-10-21 9:00,19.86,7.94,49.1,15.67,120.71,2.47,8,6.16,0.819,0.054,2.83
2021-10-21 10:00,19.67,7.93,49.08,15.63,121.37,2.49,11,5.8,0.824,0.054,2.83
2021-10-21 11:00,19.85,7.94,47.39115,15.67,120.62,2.47,9,5.28,0.809,0.057,2.83
2021-10-21 12:00,19.93,7.96,49.08,15.63,121.36,2.46,9,0.0,0.791,0.054,2.83
2021-10-21 13:00,20.17,7.96,47.3815,15.66,120.8,2.45,10,5.28,0.788,0.056,2.83
2021-10-21 14:00,19.91,7.97,49.09,15.64,121.17,2.45,10,4.0,0.767,0.054,2.83
2021-10-21 15:00,19.92,7.97,51.08,15.64,121.26,2.46,10,4.42,0.727,0.057,2.83
2021-10-21 16:00,19.97,7.98,49.07,15.61,121.73,2.46,11,2.78,0.72,0.056,2.83
2021-10-21 17:00,19.97,7.99,51.0328,15.61,121.73,2.45,10,3.4,0.724,0.05,2.83
2021-10-21 18:00,19.96,7.99,49.07,15.62,121.63,2.45,9,2.84,0.686,0.051,2.83
2021-10-21 19:00,19.92,7.99,49.08,15.64,121.26,2.44,9,4.21,0.667,0.051,2.83
2021-10-21 20:00,19.9,7.97,49.09,15.65,121.08,2.45,9,5.24,0.647,0.048,2.83
2021-10-21 21:00,17.88,7.93,49.1,15.66,120.81,2.48,10,5.51,0.666,0.049,2.83
2021-10-21 23:00,19.72,7.94,49.13,15.72,119.33,2.44,10,6.32,0.756,0.052,2.84
2021-10-22 0:00,19.72,7.96,51.0952,15.72,119.32,2.41,11,6.03,0.729,0.05,2.84
2021-10-22 1:00,19.42,8.0,47.50695,15.86,116.55,2.33,10,6.4,0.761,0.051,2.85
2021-10-22 2:00,19.44,8.0,44.298,15.85,116.73,2.33,11,6.5,0.761,0.054,2.85
2021-10-22 3:00,19.96,7.94,44.163,15.62,121.65,2.49,8,6.06,0.88,0.057,2.83
2021-10-22 4:00,19.87,7.96,54.01,15.66,120.8,2.45,8,6.14,0.855,0.058,2.83
2021-10-22 5:00,19.83,7.98,49.12,15.68,120.42,2.43,9,5.86,0.828,0.052,2.83
2021-10-22 6:00,19.84,7.96,49.11,15.68,120.52,2.44,9,5.62,0.795,0.052,2.83
2021-10-22 7:00,19.84,7.96,49.11,15.68,120.52,2.44,8,5.75,0.844,0.054,2.83
2021-10-22 8:00,19.84,7.94,47.39115,15.68,120.52,2.46,9,6.22,0.819,0.053,2.83
2021-10-22 9:00,19.86,7.94,49.1,15.67,120.71,2.47,8,6.16,0.819,0.054,2.83
2021-10-22 10:00,19.93,7.93,51.0432,15.63,121.37,2.49,11,5.8,0.824,0.054,2.83
2021-10-22 11:00,19.85,7.94,51.0744,15.67,120.62,2.47,9,5.28,0.809,0.057,2.83
2021-10-22 12:00,17.94,7.96,49.08,15.63,121.36,2.46,9,0.0,0.791,0.054,2.83
2021-10-22 13:00,20.67,7.96,49.1,15.66,120.8,2.45,10,5.28,0.788,0.056,2.83
2021-10-22 14:00,19.91,7.97,49.09,15.64,121.17,2.45,10,4.0,0.767,0.054,2.83
2021-10-22 15:00,19.92,7.97,49.08,15.64,121.26,2.46,10,4.42,0.727,0.057,2.83
2021-10-22 16:00,19.97,7.98,49.07,15.61,121.73,2.46,11,2.78,0.72,0.056,2.83
2021-10-22 17:00,19.97,7.99,49.07,15.61,121.73,2.45,10,3.4,0.724,0.05,2.83
2021-10-22 18:00,19.96,7.99,49.07,15.62,121.63,2.45,9,2.84,0.686,0.051,2.83
2021-10-22 19:00,19.92,7.99,49.08,15.64,121.26,2.44,9,4.21,0.667,0.051,2.83
2021-10-22 20:00,20.7,7.97,47.37185,15.65,121.08,2.45,9,5.24,0.647,0.048,2.83
2021-10-22 21:00,19.61,7.93,49.1,15.66,120.81,2.48,10,5.51,0.666,0.049,2.83
2021-10-22 23:00,19.72,7.94,49.13,15.72,119.33,2.44,10,6.32,0.756,0.052,2.84
2021-10-23 0:00,19.72,7.96,49.13,15.72,119.32,2.41,11,6.03,0.729,0.05,2.84
2021-10-23 1:00,19.42,8.0,49.23,15.86,116.55,2.33,10,6.4,0.761,0.051,2.85
2021-10-23 2:00,19.44,8.0,49.22,15.85,116.73,2.33,11,6.5,0.761,0.054,2.85
2021-10-23 3:00,19.96,7.94,49.07,15.62,121.65,2.49,8,6.06,0.88,0.057,2.83
2021-10-23 4:00,19.87,7.96,49.1,15.66,120.8,2.45,8,6.14,0.855,0.058,2.83
2021-10-23 5:00,21.82,7.98,51.0848,15.68,120.42,2.43,9,5.86,0.828,0.052,2.83
2021-10-23 6:00,19.84,7.96,49.11,15.68,120.52,2.44,9,5.62,0.795,0.052,2.83
2021-10-23 7:00,19.84,7.96,54.021,15.68,120.52,2.44,8,5.75,0.844,0.054,2.83
2021-10-23 8:00,19.84,7.94,49.11,15.68,120.52,2.46,9,6.22,0.819,0.053,2.83
2021-10-23 9:00,19.86,7.94,51.064,15.67,120.71,2.47,8,6.16,0.819,0.054,2.83
2021-10-23 10:00,19.93,7.93,49.08,15.63,121.37,2.49,11,5.8,0.824,0.054,2.83
2021-10-23 11:00,19.85,7.94,49.11,15.67,120.62,2.47,9,5.28,0.809,0.057,2.83
2021-10-23 12:00,19.93,7.96,53.988,15.63,121.36,2.46,9,0.0,0.791,0.054,2.83
2021-10-23 13:00,19.87,7.96,47.3815,15.66,120.8,2.45,10,5.28,0.788,0.056,2.83
2021-10-23 14:00,19.11,7.97,49.09,15.64,121.17,2.45,10,4.0,0.767,0.054,2.83
2021-10-23 15:00,21.91,7.97,49.08,15.64,121.26,2.46,10,4.42,0.727,0.057,2.83
2021-10-23 16:00,20.27,7.98,49.07,15.61,121.73,2.46,11,2.78,0.72,0.056,2.83
2021-10-23 17:00,19.97,7.99,44.163,15.61,121.73,2.45,10,3.4,0.724,0.05,2.83
2021-10-23 18:00,19.96,7.99,51.0328,15.62,121.63,2.45,9,2.84,0.686,0.051,2.83
2021-10-23 19:00,17.93,7.99,49.08,15.64,121.26,2.44,9,4.21,0.667,0.051,2.83
2021-10-23 20:00,19.9,7.97,49.09,15.65,121.08,2.45,9,5.24,0.647,0.048,2.83
2021-10-23 21:00,19.87,7.93,47.3815,15.66,120.81,2.48,10,5.51,0.666,0.049,2.83
2021-10-23 23:00,19.72,7.94,49.13,15.72,119.33,2.44,10,6.32,0.756,0.052,2.84
2021-10-24 0:00,19.72,7.96,49.13,15.72,119.32,2.41,11,6.03,0.729,0.05,2.84
2021-10-24 1:00,19.72,8.0,49.23,15.86,116.55,2.33,10,6.4,0.761,0.051,2.85
2021-10-24 2:00,19.44,8.0,47.4973,15.85,116.73,2.33,11,6.5,0.761,0.054,2.85
2021-10-24 3:00,19.96,7.94,49.07,15.62,121.65,2.49,8,6.06,0.88,0.057,2.83
2021-10-24 4:00,19.87,7.96,49.1,15.66,120.8,2.45,8,6.14,0.855,0.058,2.83
2021-10-24 5:00,19.83,7.98,49.12,15.68,120.42,2.43,9,5.86,0.828,0.052,2.83
2021-10-24 6:00,19.84,7.96,51.0744,15.68,120.52,2.44,9,5.62,0.795,0.052,2.83
2021-10-24 7:00,19.84,7.96,49.11,15.68,120.52,2.44,8,5.75,0.844,0.054,2.83
2021-10-24 8:00,19.84,7.94,49.11,15.68,120.52,2.46,9,6.22,0.819,0.053,2.83
2021-10-24 9:00,19.86,7.94,49.1,15.67,120.71,2.47,8,6.16,0.819,0.054,2.83
2021-10-24 10:00,19.93,7.93,46.08,15.63,121.37,2.49,11,5.8,0.824,0.054,2.83
2021-10-24 11:00,19.85,7.94,49.11,15.67,120.62,2.47,9,5.28,0.809,0.057,2.83
2021-10-24 12:00,19.93,7.96,49.08,15.63,121.36,2.46,9,0.0,0.791,0.054,2.83
2021-10-24 13:00,19.87,7.96,52.1,15.66,120.8,2.45,10,5.28,0.788,0.056,2.83
2021-10-24 14:00,19.91,7.97,47.37185,15.64,121.17,2.45,10,4.0,0.767,0.054,2.83
2021-10-24 15:00,19.92,7.97,49.08,15.64,121.26,2.46,10,4.42,0.727,0.057,2.83
2021-10-24 16:00,19.97,7.98,47.35255,15.61,121.73,2.46,11,2.78,0.72,0.056,2.83
2021-10-24 17:00,19.97,7.99,49.07,15.61,121.73,2.45,10,3.4,0.724,0.05,2.83
2021-10-24 18:00,19.96,7.99,49.07,15.62,121.63,2.45,9,2.84,0.686,0.051,2.83
2021-10-24 19:00,20.22,7.99,47.3622,15.64,121.26,2.44,9,4.21,0.667,0.051,2.83
2021-10-24 20:00,21.09,7.97,49.09,15.65,121.08,2.45,9,5.24,0.647,0.048,2.83
2021-10-24 21:00,19.87,7.93,49.1,15.66,120.81,2.48,10,5.51,0.666,0.049,2.83
2021-10-24 23:00,19.72,7.94,49.13,15.72,119.33,2.44,10,6.32,0.756,0.052,2.84
2021-10-26 15:00,18.88,8.12,49.57,16.32,109.23,2.09,9,0.0,0.0,0.0,2.88
2021-10-26 16:00,18.85,8.12,49.47,16.18,111.55,2.14,9,0.0,0.0,0.0,2.87
2021-10-26 20:00,18.94,8.13,49.44,16.13,112.34,2.15,9,0.0,0.0,0.0,2.87
2021-10-26 21:00,18.97,8.12,49.43,16.11,112.6,2.16,9,0.0,0.0,0.0,2.87
2021-10-26 22:00,18.73,8.13,47.6903,16.1,112.77,2.16,8,0.0,0.0,0.0,2.87
2021-10-26 23:00,18.98,8.14,49.42,16.11,112.68,2.15,8,0.0,0.0,0.0,2.87
2021-10-27 1:00,18.93,8.14,49.44,16.13,112.24,2.14,8,0.0,0.0,0.0,2.87
2021-10-27 3:00,18.9,8.13,49.45,16.15,111.99,2.14,8,0.0,0.0,0.0,2.87
2021-10-27 16:00,19.02,8.13,49.41,16.09,113.04,2.16,7,0.0,0.0,0.0,2.87
2021-10-27 17:00,18.99,8.11,49.42,16.1,112.78,2.17,7,0.0,0.0,0.0,2.87
2021-10-29 7:00,18.77,7.95,49.81,16.64,104.19,2.1,7,3.12,0.302,0.036,2.9
2021-10-29 8:00,17.92,7.94,51.8232,16.67,103.78,2.1,6,3.03,0.303,0.039,2.9
2021-10-29 11:00,17.66,7.94,49.83,16.67,103.78,2.1,6,3.14,0.441,0.04,2.9
2021-10-30 6:00,18.03,7.99,49.76,16.61,104.67,2.08,5,2.39,0.604,0.0,2.9
2021-10-31 2:00,18.03,7.99,49.76,16.61,104.67,2.08,3,3.05,0.503,0.0,2.9
2021-10-31 4:00,17.97,7.95,49.81,16.64,104.19,2.1,3,2.76,0.559,0.0,2.9
2021-10-31 17:00,18.85,8.12,47.73855,16.18,111.55,2.14,2,2.78,0.393,0.0,2.87
2021-10-31 18:00,18.82,8.11,49.48,16.19,111.3,2.14,2,2.78,0.341,0.0,2.87
2021-10-31 19:00,18.79,8.12,49.49,16.21,111.03,2.13,2,2.78,0.343,0.0,2.88
2021-10-31 22:00,18.56,8.12,53.52,21.58,56.92,1.06,2,2.78,0.5,0.0,3.0
2021-11-01 0:00,18.67,8.0,49.65,16.43,107.49,2.13,4,2.78,0.5,0.0,2.89
2021-11-01 2:00,18.37,8.06,49.65,16.43,107.47,2.09,3,2.78,0.534,0.0,2.89
2021-11-01 3:00,18.33,8.07,49.67,16.45,107.13,2.08,3,2.78,0.512,0.0,2.89
2021-11-01 4:00,19.42,8.02,49.67,16.45,107.06,2.11,3,2.78,0.481,0.0,2.89
2021-11-01 5:00,20.13,8.0,49.68,16.46,106.9,2.12,3,2.78,0.418,0.0,2.9
2021-11-01 6:00,19.38,8.0,49.69,16.48,106.73,2.12,3,2.78,0.431,0.0,2.9
2021-11-01 7:00,18.23,8.0,47.71,16.5,106.32,2.11,2,2.78,0.308,0.0,2.9
2021-11-01 8:00,18.25,7.99,49.7,16.49,106.49,2.12,3,2.78,0.291,0.0,2.9
2021-11-01 9:00,18.21,7.97,49.71,16.51,106.16,2.13,3,2.78,0.323,0.0,2.9
2021-11-01 10:00,18.22,8.0,49.71,16.51,106.24,2.11,3,2.78,0.326,0.0,2.9
2021-11-01 11:00,18.23,8.02,49.71,16.5,106.31,2.1,3,2.78,0.391,0.0,2.9
2021-11-01 12:00,18.26,8.05,49.69,16.49,106.55,2.08,3,2.78,0.414,0.0,2.9
2021-11-01 19:30,18.4,8.14,49.64,16.41,107.7,2.04,1,2.39,0.667,0.0,2.89
2021-11-01 22:30,18.16,8.08,49.73,16.54,105.72,2.04,2,2.33,0.658,0.0,2.9
2021-11-01 23:30,18.3,8.1,49.8,16.63,104.39,2.0,3,2.73,0.658,0.0,2.9
2021-11-02 0:30,17.89,8.12,49.84,16.68,103.49,1.97,1,2.56,0.464,0.0,2.9
2021-11-02 1:30,17.9,8.12,49.84,16.68,103.58,1.97,1,2.69,0.364,0.0,2.9
2021-11-02 2:30,17.92,8.11,49.83,16.67,103.74,1.98,1,2.19,0.281,0.0,2.9
2021-11-02 3:30,19.7,8.1,51.8232,16.67,103.66,1.99,1,3.29,0.334,0.0,2.9
2021-11-02 4:30,17.91,8.11,49.83,16.67,103.66,1.98,1,2.82,0.452,0.0,2.9
2021-11-02 5:30,18.67,8.09,44.865,16.7,103.34,1.99,1,3.72,0.29,0.0,2.9
2021-11-02 6:30,17.84,8.09,49.86,16.71,103.1,1.98,1,2.58,0.578,0.0,2.91
2021-11-02 7:30,17.83,8.08,49.86,16.72,103.02,1.99,1,3.08,0.579,0.0,2.91
2021-11-02 8:30,18.65,8.07,51.86,16.71,103.18,2.0,1,2.81,0.519,0.0,2.91
2021-11-02 9:30,18.46,8.07,49.85,16.7,103.26,2.0,1,2.9,0.66,0.0,2.9
2021-11-02 10:30,17.91,8.09,49.83,16.67,103.66,2.0,1,2.68,0.554,0.0,2.9
2021-11-02 11:30,17.94,8.09,49.82,16.66,103.91,2.0,1,2.37,0.647,0.0,2.9
2021-11-02 12:30,18.06,8.07,49.89,16.76,102.46,1.98,2,2.62,0.685,0.0,2.92
2021-11-02 13:30,17.79,8.06,49.88,16.74,102.7,2.0,2,2.33,0.537,0.0,2.92
2021-11-02 14:30,16.09,8.07,49.84,16.69,103.43,2.0,2,2.43,0.542,0.0,2.9
2021-11-02 15:30,17.85,8.07,51.8544,16.71,103.18,2.0,1,1.57,0.527,0.0,2.91
2021-11-02 16:30,17.89,8.08,49.84,16.68,103.5,2.0,1,1.41,0.491,0.0,2.9
2021-11-02 17:30,17.89,8.08,49.84,16.68,103.5,2.0,1,1.62,0.526,0.0,2.9
2021-11-02 18:30,17.85,8.06,49.86,16.71,103.19,2.01,1,1.72,0.536,0.0,2.91
2021-11-02 19:30,17.83,8.05,51.8544,16.72,103.03,2.01,1,2.08,0.479,0.0,2.91
2021-11-02 20:30,17.74,8.0,49.9,16.77,102.32,2.03,1,1.63,0.642,0.0,2.92
2021-11-02 21:30,17.75,8.0,49.89,16.76,102.4,2.03,1,2.07,0.647,0.0,2.92
2021-11-02 22:30,17.75,8.03,48.14385,16.76,102.39,2.01,1,2.27,0.671,0.0,2.92
2021-11-02 23:30,18.76,8.04,52.91,16.79,101.99,2.0,1,2.55,0.573,0.0,2.92
2021-11-03 0:30,17.64,8.06,49.94,16.82,101.5,1.97,2,2.46,0.573,0.0,2.92
2021-11-03 1:30,17.64,8.06,49.94,16.82,101.5,1.97,1,2.8,0.573,0.0,2.92
2021-11-03 2:30,17.63,8.05,49.94,16.83,101.42,1.98,1,3.13,0.467,0.0,2.92
2021-11-03 3:30,17.59,8.05,49.96,16.85,101.11,1.97,1,3.61,0.435,0.0,2.92
2021-11-03 4:30,17.57,8.04,54.967,16.86,100.95,1.97,1,3.76,0.403,0.0,2.92
2021-11-03 5:30,19.28,8.04,49.95,16.86,100.55,1.96,1,3.9,0.452,0.0,2.92
2021-11-03 6:30,17.47,8.02,51.9688,16.89,100.08,1.97,0,3.54,0.457,0.0,2.92
2021-11-03 7:30,17.77,8.02,49.97,16.89,100.08,1.97,1,3.55,0.336,0.0,2.92
2021-11-03 8:30,17.49,8.01,48.22105,16.88,100.24,1.98,1,3.5,0.376,0.0,2.92
2021-11-03 9:30,17.52,8.01,49.95,16.86,100.48,1.98,1,4.36,0.489,0.0,2.92
2021-11-03 10:30,17.53,8.02,49.95,16.86,100.55,1.98,1,5.24,0.256,0.0,2.92
2021-11-03 11:30,17.59,8.03,49.96,16.85,101.11,1.98,1,3.03,0.444,0.0,2.92
2021-11-03 12:30,17.41,8.04,50.01,16.93,99.63,1.95,2,2.6,0.471,0.0,2.92
2021-11-03 13:30,17.49,8.05,49.97,16.88,100.23,1.95,2,2.43,0.912,0.0,2.92
2021-11-03 14:30,17.84,8.04,49.95,16.85,100.63,1.96,2,2.72,0.906,0.0,2.92
2021-11-03 15:30,17.52,8.04,49.95,16.86,100.47,1.96,1,1.9,0.829,0.0,2.92
2021-11-03 16:30,17.79,8.03,49.97,16.88,100.24,1.96,1,1.63,0.974,0.0,2.92
2021-11-03 17:30,17.62,8.05,49.95,16.83,101.34,1.98,1,1.78,0.978,0.0,2.92
2021-11-03 18:30,17.72,8.09,49.91,16.78,102.13,1.96,0,2.49,0.827,0.0,2.92
2021-11-03 19:30,17.75,8.1,49.89,16.76,102.37,1.96,0,2.08,0.858,0.0,2.92
2021-11-03 20:30,17.78,8.07,49.88,16.74,102.62,1.99,1,2.56,0.837,0.0,2.92
2021-11-03 21:30,18.85,8.03,51.88,16.74,102.63,2.02,1,1.95,0.828,0.0,2.92
2021-11-03 22:30,17.85,8.07,49.86,16.71,103.18,2.0,1,2.68,0.954,0.0,2.91
2021-11-03 23:30,17.79,8.09,49.88,16.74,102.69,1.98,0,2.27,0.859,0.0,2.92
2021-11-04 0:30,17.5,8.05,49.96,16.87,100.31,1.95,2,2.0,0.853,0.0,2.92
2021-11-04 1:30,17.55,8.09,49.97,16.87,100.78,1.94,1,2.52,0.861,0.0,2.92
2021-11-04 2:30,17.53,8.08,48.20175,16.86,100.54,1.94,2,2.5,0.861,0.0,2.92
2021-11-04 3:30,16.75,8.08,49.97,16.87,100.78,1.94,1,2.47,0.861,0.0,2.92
2021-11-04 4:30,17.5,8.07,49.96,16.87,100.31,1.94,1,3.14,0.724,0.0,2.92
2021-11-04 5:30,17.5,8.08,49.96,16.87,100.3,1.93,1,3.45,0.745,0.0,2.92
2021-11-04 6:30,17.44,8.07,48.24035,16.91,99.83,1.93,1,3.05,0.666,0.0,2.92
2021-11-04 7:30,17.72,8.05,50.0,16.92,99.7,1.94,1,2.94,0.773,0.0,2.92
2021-11-04 8:30,17.44,8.03,52.98,16.91,99.84,1.96,1,3.07,0.689,0.0,2.92
2021-11-04 9:30,17.46,7.99,48.2307,16.9,100.01,1.99,1,2.94,0.658,0.0,2.92
2021-11-04 10:30,17.5,8.0,49.96,16.87,100.32,1.99,1,2.96,0.692,0.0,2.92
2021-11-04 11:30,17.58,8.07,48.2114,16.85,101.02,1.96,1,2.94,0.713,0.0,2.92
2021-11-04 12:30,17.28,8.06,44.955,16.85,100.62,1.95,1,2.74,0.697,0.0,2.92
2021-11-04 13:30,17.57,8.05,54.967,16.86,100.95,1.97,1,2.7,0.663,0.0,2.92
2021-11-04 14:30,17.6,8.08,49.95,16.84,101.18,1.95,2,1.87,0.609,0.0,2.92
2021-11-04 15:30,17.53,8.06,49.95,16.86,100.54,1.95,2,2.4,0.574,0.0,2.92
2021-11-04 16:30,17.6,8.09,49.95,16.84,101.18,1.95,1,1.95,0.584,0.0,2.92
2021-11-04 17:30,17.6,8.09,46.95,16.84,101.18,1.95,1,2.63,0.589,0.0,2.92
2021-11-04 18:30,17.6,8.07,47.95,16.84,101.18,1.96,1,1.87,0.554,0.0,2.92
2021-11-04 19:30,16.87,8.07,49.93,16.81,101.74,1.97,0,3.08,0.596,0.0,2.92
2021-11-04 20:30,18.4,8.07,49.95,16.84,101.18,1.96,0,2.33,0.525,0.0,2.92
2021-11-04 21:30,17.56,7.99,48.22105,16.87,100.88,2.01,0,1.83,0.517,0.0,2.92
2021-11-04 22:30,17.34,7.99,49.95,16.84,101.2,2.01,0,3.15,0.558,0.0,2.92
2021-11-04 23:30,17.93,8.04,44.946,16.83,101.43,1.98,0,2.82,0.572,0.0,2.92
2021-11-05 0:30,17.51,8.04,49.96,16.87,100.39,1.96,1,2.82,0.617,0.0,2.92
2021-11-05 8:00,17.35,8.01,50.03,16.96,99.16,1.96,1,3.79,0.713,0.0,2.92
2021-11-05 9:00,19.14,7.99,50.01,16.94,99.56,1.98,1,3.23,0.701,0.0,2.92
2021-11-05 10:00,17.42,7.92,50.0,16.92,99.73,2.03,1,3.96,0.701,0.0,2.92
2021-11-05 11:00,17.5,7.97,49.96,16.87,100.33,2.01,1,3.75,0.685,0.0,2.92
2021-11-05 12:00,17.59,8.07,49.96,16.85,101.1,1.96,1,3.48,0.713,0.0,2.92
2021-11-05 13:00,17.43,8.08,55.0,16.91,99.77,1.92,1,4.01,0.687,0.0,2.92
2021-11-05 14:00,17.82,8.08,49.95,16.86,100.46,1.93,1,2.43,0.619,0.0,2.92
2021-11-05 15:00,17.48,8.09,48.22105,16.89,100.14,1.92,2,2.51,0.659,0.0,2.92
2021-11-05 16:00,17.45,8.08,47.98,16.9,99.91,1.92,1,2.23,0.57,0.0,2.92
2021-11-05 17:00,17.42,8.08,50.0,16.92,99.69,1.92,1,2.06,0.528,0.0,2.92
2021-11-05 18:00,17.42,8.07,55.0,16.92,99.7,1.93,1,2.17,0.521,0.0,2.92
2021-11-05 19:00,17.38,8.06,50.01,16.94,99.36,1.93,1,2.43,0.537,0.0,2.92
2021-11-05 20:00,17.38,8.06,50.01,16.94,99.36,1.93,1,2.59,0.601,0.0,2.92
2021-11-05 21:00,17.34,8.04,50.03,16.97,99.08,1.93,1,2.9,0.531,0.0,2.92
2021-11-05 22:00,18.06,7.96,50.07,17.01,98.48,1.98,0,2.54,0.441,0.0,2.93
2021-11-05 23:00,17.27,7.95,55.066,17.01,98.55,1.98,0,2.57,0.479,0.0,2.93
2021-11-06 0:00,18.31,7.99,45.054,17.01,98.55,1.96,1,2.19,0.496,0.0,2.93
2021-11-06 1:00,17.29,8.04,52.05,17.0,98.69,1.93,1,3.13,0.436,0.0,2.93
2021-11-06 2:00,16.46,8.07,50.07,17.02,98.37,1.9,1,3.17,0.497,0.0,2.93
2021-11-06 3:00,17.25,8.06,50.07,17.02,98.37,1.91,1,3.58,0.534,0.0,2.93
2021-11-06 4:00,17.24,8.07,55.088,17.02,98.29,1.9,1,3.38,0.493,0.0,2.93
2021-11-06 5:00,17.22,8.07,52.0832,17.04,98.14,1.9,1,3.58,0.456,0.0,2.94
2021-11-06 6:00,17.2,8.05,52.09,17.05,97.99,1.91,1,3.33,0.456,0.0,2.94
2021-11-06 7:00,17.16,8.03,48.35615,17.07,97.69,1.91,1,3.74,0.456,0.0,2.94
2021-11-06 8:00,17.16,8.01,50.11,17.07,97.69,1.93,1,3.99,0.721,0.0,2.94
2021-11-06 9:00,16.93,7.98,48.3465,17.05,97.93,1.95,1,3.74,0.617,0.0,2.94
2021-11-06 10:00,17.24,7.96,50.07,17.02,98.32,1.97,1,3.44,0.665,0.0,2.93
2021-11-06 11:00,17.24,8.01,50.08,17.02,98.31,1.94,2,3.11,0.637,0.0,2.93
2021-11-06 12:00,17.45,7.96,49.98,16.9,99.94,2.01,1,3.84,0.755,0.0,2.92
2021-11-06 13:00,17.45,8.04,49.98,16.9,99.92,1.95,1,2.21,0.531,0.0,2.92
2021-11-06 14:00,17.96,8.06,50.03,16.96,99.23,1.92,1,2.37,0.529,0.0,2.92
2021-11-06 15:00,17.44,8.09,48.24035,16.91,99.83,1.92,2,2.25,0.422,0.0,2.92
2021-11-06 16:00,17.36,8.08,50.03,16.96,99.23,1.91,1,2.11,0.6,0.0,2.92
2021-11-06 17:00,17.34,8.07,48.27895,16.97,99.07,1.91,1,2.55,0.48,0.0,2.92
2021-11-06 18:00,17.35,8.06,47.03,16.96,99.15,1.92,1,1.9,0.501,0.0,2.92
2021-11-06 19:00,17.32,8.04,48.04,16.98,98.92,1.93,1,2.09,0.476,0.0,2.93
2021-11-06 20:00,17.32,8.04,50.04,16.98,98.92,1.93,1,2.59,0.495,0.0,2.93
2021-11-06 21:00,17.26,8.02,50.07,17.01,98.46,1.93,1,2.17,0.586,0.0,2.93
2021-11-06 22:00,17.24,8.02,48.08,17.02,98.31,1.93,1,2.91,0.513,0.0,2.93
2021-11-06 23:00,17.2,7.99,50.09,17.05,98.0,1.95,1,3.13,0.581,0.0,2.94
2021-11-07 0:00,17.24,7.99,52.08,17.02,98.31,1.95,1,3.18,0.626,0.0,2.93
2021-11-07 1:00,17.53,8.01,47.08,17.03,98.23,1.94,1,3.12,0.595,0.0,2.93
2021-11-07 2:00,17.25,8.04,50.07,17.02,98.38,1.92,1,2.78,0.537,0.0,2.93
2021-11-07 3:00,17.23,8.07,52.08,17.03,98.22,1.9,1,2.94,0.532,0.0,2.93
2021-11-07 4:00,17.22,8.07,50.08,17.04,98.14,1.9,1,2.91,0.551,0.0,2.94
2021-11-07 5:00,17.25,8.06,50.07,17.02,98.37,1.91,1,3.57,0.545,0.0,2.93
2021-11-07 6:00,17.2,8.05,45.081,17.05,97.99,1.91,1,3.31,0.638,0.0,2.94
2021-11-07 7:00,17.14,8.03,50.12,17.08,97.53,1.91,1,3.22,0.597,0.0,2.94
2021-11-07 8:00,17.16,8.01,47.11,17.07,97.69,1.93,1,3.06,0.597,0.0,2.94
2021-11-07 9:00,17.17,7.99,50.1,17.06,97.77,1.94,1,2.97,0.597,0.0,2.94
2021-11-07 10:00,17.22,7.95,47.08,17.04,98.17,1.98,1,3.64,0.876,0.0,2.94
2021-11-07 11:00,8.4,7.13,55.22,23.7,46.27,1.35,2,2.95,0.77,0.0,3.0
2021-11-07 12:00,8.04,7.65,53.13,23.59,46.72,1.02,1,2.84,0.862,0.0,2.9
2021-11-07 13:00,17.62,8.03,49.95,16.83,101.35,1.99,1,2.51,0.796,0.0,2.92
2021-11-07 14:00,17.5,8.09,49.96,16.87,100.3,1.93,1,2.34,0.732,0.0,2.92
2021-11-07 15:00,17.37,8.1,52.0104,16.95,99.28,1.9,2,2.07,0.706,0.0,2.92
2021-11-07 16:00,17.37,8.1,50.01,16.95,99.28,1.9,2,2.68,0.801,0.0,2.92
2021-11-07 17:00,17.3,8.08,48.29825,16.99,98.76,1.9,3,2.75,0.747,0.0,2.93
2021-11-07 18:00,17.33,8.09,50.04,16.97,98.99,1.9,2,1.56,0.764,0.0,2.92
2021-11-07 19:00,17.32,8.07,48.04,16.98,98.92,1.91,2,1.93,0.747,0.0,2.93
2021-11-07 20:00,17.33,8.05,48.04,16.97,99.0,1.93,2,2.31,0.787,0.0,2.92
2021-11-07 21:00,17.31,8.03,48.29825,16.99,98.85,1.94,2,2.58,0.771,0.0,2.93
2021-11-07 22:00,17.31,8.0,50.05,16.99,98.85,1.96,2,2.48,0.799,0.0,2.93
2021-11-07 23:00,17.31,8.0,50.05,16.99,98.85,1.96,0,2.97,0.832,0.0,2.93
2021-11-08 0:00,18.35,8.0,50.05,16.99,98.85,1.96,0,2.97,0.832,0.0,2.93
2021-11-08 1:00,17.4,8.06,50.01,16.94,99.54,1.93,0,2.97,0.832,0.0,2.92
2021-11-08 2:00,17.4,8.06,50.01,16.94,99.54,1.93,0,2.97,0.832,0.0,2.92
2021-11-08 3:00,17.4,8.06,52.0104,16.94,99.54,1.93,7,3.5,0.832,0.0,2.92
2021-11-08 4:00,17.41,8.03,48.25965,16.93,99.63,1.95,8,3.18,0.928,0.0,2.92
2021-11-08 5:00,17.4,8.03,52.0104,16.94,99.55,1.95,7,3.39,0.863,0.0,2.92
2021-11-08 6:00,17.39,8.04,50.01,16.94,99.47,1.94,7,3.16,0.946,0.0,2.92
2021-11-08 7:00,17.24,8.03,50.08,17.02,98.3,1.93,7,3.77,0.861,0.0,2.93
2021-11-08 8:00,17.12,8.0,50.12,17.09,97.39,1.93,7,3.04,0.822,0.0,2.94
2021-11-08 9:00,17.97,7.97,53.19,17.19,96.09,1.92,7,3.05,0.852,0.0,2.94
2021-11-08 10:00,17.24,8.03,50.08,17.02,98.3,1.93,7,3.77,0.861,0.0,2.93
2021-11-08 11:00,17.24,8.03,55.088,17.02,98.3,1.93,7,3.77,0.861,0.0,2.93
2021-11-08 12:00,17.23,8.02,50.08,17.03,98.23,1.93,7,3.77,0.861,0.0,2.93
2021-11-08 13:00,17.23,8.01,50.08,17.03,98.23,1.94,7,3.77,0.861,0.0,2.93
2021-11-08 14:00,17.22,8.02,55.088,17.04,98.15,1.93,7,3.77,0.861,0.0,2.94
2021-11-08 15:00,17.22,8.03,52.08,17.04,98.15,1.92,7,3.77,0.861,0.0,2.94
2021-11-08 16:00,17.22,8.03,50.08,17.04,98.15,1.92,7,3.77,0.861,0.0,2.94
2021-11-08 17:00,17.2,8.03,50.09,17.05,97.99,1.92,7,3.77,0.861,0.0,2.94
2021-11-08 18:00,16.89,8.02,50.1,17.05,97.92,1.92,7,3.77,0.861,0.0,2.94
2021-11-08 19:00,16.38,8.02,50.1,17.06,97.84,1.92,7,3.77,0.861,0.0,2.94
2021-11-08 20:00,17.16,8.01,47.11,17.07,97.69,1.93,7,3.04,0.822,0.0,2.94
2021-11-08 21:00,16.88,8.01,50.12,17.08,97.54,1.92,7,3.04,0.822,0.0,2.94
2021-11-08 22:00,17.13,8.0,50.12,17.09,97.46,1.93,7,3.04,0.822,0.0,2.94
2021-11-08 23:00,17.12,8.0,50.12,17.09,97.39,1.93,7,3.04,0.822,0.0,2.94
2021-11-09 0:00,17.11,8.0,50.13,17.1,97.31,1.92,7,3.04,0.822,0.0,2.94
2021-11-09 1:00,17.09,8.0,52.14,17.11,97.16,1.92,7,3.04,0.822,0.0,2.94
2021-11-09 2:00,17.05,8.0,49.96,16.87,100.32,1.99,7,3.04,0.822,0.0,2.92
2021-11-09 3:00,17.01,8.01,50.17,17.15,96.54,1.9,7,3.04,0.822,0.0,2.94
2021-11-09 4:00,16.98,8.0,50.18,17.17,96.32,1.91,7,3.04,0.822,0.0,2.94
2021-11-09 5:00,16.99,8.0,48.4237,17.16,96.39,1.91,7,3.04,0.822,0.0,2.94
2021-11-09 6:00,16.98,8.01,52.1872,17.17,96.31,1.9,7,3.04,0.822,0.0,2.94
2021-11-09 7:00,16.97,8.0,53.19,17.18,96.24,1.9,7,3.04,0.822,0.0,2.94
2021-11-09 8:00,15.26,7.99,50.19,17.18,96.17,1.91,7,3.05,0.852,0.0,2.94
2021-11-09 9:00,16.96,7.98,50.19,17.18,96.17,1.92,7,3.05,0.852,0.0,2.94
2021-11-09 10:00,16.96,7.98,50.19,17.18,96.17,1.92,7,3.05,0.852,0.0,2.94
2021-11-09 11:00,16.95,7.97,50.19,17.19,96.09,1.92,7,3.05,0.852,0.0,2.94
2021-11-09 12:00,16.93,7.97,53.2,17.2,95.94,1.92,7,3.05,0.852,0.0,2.94
2021-11-09 13:00,16.89,7.97,50.22,17.22,95.64,1.91,7,3.05,0.852,0.0,2.94
2021-11-09 14:00,16.86,7.96,45.207,17.24,95.42,1.91,7,3.05,0.852,0.0,2.95
2021-11-09 15:00,17.12,7.96,48.49125,17.26,95.12,1.91,7,3.05,0.852,0.0,2.95
2021-11-09 16:00,16.76,7.95,50.27,17.3,97.67,1.9,7,3.05,0.852,0.0,2.95
2021-11-09 17:00,17.27,8.0,50.06,17.01,98.54,1.95,1,2.9,0.531,0.0,2.93
2021-11-09 18:00,17.26,7.99,45.063,17.01,98.47,1.95,1,2.54,0.441,0.0,2.93
2021-11-09 19:00,17.26,7.97,48.07,17.01,98.47,1.97,1,2.54,0.441,0.0,2.93
2021-11-09 20:00,17.26,7.97,48.31755,17.01,98.47,1.97,1,2.54,0.441,0.0,2.93
2021-11-09 21:00,17.26,7.96,50.07,17.01,98.48,1.98,0,2.54,0.441,0.0,2.93
2021-11-09 22:00,18.06,7.96,48.07,17.01,98.48,1.98,0,2.54,0.441,0.0,2.93
2021-11-09 23:00,17.26,7.97,50.07,17.01,98.47,1.97,1,2.54,0.441,0.0,2.93
2021-11-10 0:00,16.45,7.97,50.07,17.02,98.4,1.97,0,2.54,0.441,0.0,2.93
2021-11-10 1:00,17.24,7.97,50.08,17.02,98.32,1.97,1,2.54,0.441,0.0,2.93
2021-11-10 2:00,16.44,7.96,50.07,17.02,98.32,1.97,1,2.54,0.441,0.0,2.93
2021-11-10 3:00,16.99,7.96,50.07,17.02,98.4,1.97,1,2.54,0.441,0.0,2.93
2021-11-10 4:00,17.25,7.97,47.07,17.02,98.4,1.97,1,2.54,0.441,0.0,2.93
2021-11-10 5:00,17.26,7.97,50.07,17.01,98.47,1.97,1,2.54,0.441,0.0,2.93
2021-11-10 6:00,17.27,7.97,50.06,17.01,98.55,1.97,1,2.57,0.479,0.0,2.93
2021-11-10 7:00,17.27,7.96,55.066,17.01,98.55,1.98,0,2.57,0.479,0.0,2.93
2021-11-10 8:00,17.27,7.95,50.06,17.01,98.55,1.98,0,2.57,0.479,0.0,2.93
2021-11-10 9:00,17.27,7.95,50.06,17.01,98.55,1.98,0,2.57,0.479,0.0,2.93
2021-11-10 10:00,17.26,7.95,52.0728,17.01,98.48,1.98,0,2.57,0.479,0.0,2.93
2021-11-10 11:00,18.06,7.96,50.07,17.01,98.48,1.98,1,2.57,0.479,0.0,2.93
2021-11-10 12:00,17.26,7.96,53.07,17.01,98.48,1.98,1,2.57,0.479,0.0,2.93
2021-11-10 13:00,19.0,7.97,50.06,17.01,98.55,1.97,1,2.57,0.479,0.0,2.93
2021-11-10 14:00,17.27,7.97,50.06,17.01,98.55,1.97,1,2.57,0.479,0.0,2.93
2021-11-10 15:00,17.26,7.97,50.07,17.01,98.47,1.97,0,2.57,0.479,0.0,2.93
2021-11-10 16:00,17.26,7.97,55.077,17.01,98.47,1.97,0,2.57,0.479,0.0,2.93
2021-11-10 17:00,17.27,7.97,48.06,17.01,98.55,1.97,0,2.57,0.479,0.0,2.93
2021-11-10 18:00,17.27,7.98,50.06,17.01,98.55,1.96,0,2.19,0.496,0.0,2.93
2021-11-10 19:00,17.27,7.98,50.06,17.01,98.55,1.96,0,2.19,0.496,0.0,2.93
2021-11-10 20:00,17.27,7.98,45.054,17.01,98.55,1.96,0,2.19,0.496,0.0,2.93
2021-11-10 21:00,15.54,7.99,52.0624,17.01,98.55,1.96,1,2.19,0.496,0.0,2.93
2021-11-10 22:00,17.28,8.0,50.06,17.0,98.62,1.95,1,2.19,0.496,0.0,2.93
2021-11-10 23:00,17.59,8.0,48.29825,17.0,98.7,1.95,1,2.19,0.496,0.0,2.93
2021-11-11 0:00,17.29,8.01,50.05,17.0,98.7,1.95,1,2.19,0.496,0.0,2.93
2021-11-11 1:00,17.29,8.01,50.05,17.0,98.7,1.95,1,2.19,0.496,0.0,2.93
2021-11-11 2:00,17.3,8.02,50.05,16.99,98.77,1.94,1,2.19,0.496,0.0,2.93
2021-11-11 3:00,17.3,8.02,47.05,16.99,98.77,1.94,1,2.19,0.496,0.0,2.93
2021-11-11 4:00,17.3,8.03,50.05,16.99,98.77,1.93,1,2.19,0.496,0.0,2.93
2021-11-11 5:00,18.33,8.03,50.05,17.0,98.69,1.93,1,2.19,0.496,0.0,2.93
2021-11-11 6:00,17.29,8.03,50.05,17.0,98.69,1.93,1,3.13,0.436,0.0,2.93
2021-11-11 7:00,16.49,8.03,52.052,17.0,98.69,1.93,1,3.13,0.436,0.0,2.93
2021-11-11 8:00,15.56,8.03,50.05,17.0,98.69,1.93,1,3.13,0.436,0.0,2.93
2021-11-11 9:00,17.29,8.04,50.05,17.0,98.69,1.93,1,3.13,0.436,0.0,2.93
2021-11-11 10:00,17.6,8.04,50.05,16.99,98.77,1.93,1,3.13,0.436,0.0,2.93
2021-11-11 11:00,17.04,8.03,50.05,16.99,98.77,1.93,1,3.13,0.436,0.0,2.93
2021-11-11 12:00,18.34,8.03,50.05,16.99,98.77,1.93,1,3.13,0.436,0.0,2.93
2021-11-11 13:00,17.3,8.04,50.05,16.99,98.77,1.93,1,3.13,0.436,0.0,2.93
2021-11-11 14:00,17.28,8.04,50.06,17.0,98.61,1.92,1,3.13,0.436,0.0,2.93
2021-11-11 15:00,17.28,8.03,55.066,17.0,98.61,1.93,1,3.13,0.436,0.0,2.93
2021-11-11 16:00,17.57,8.03,50.06,17.01,98.54,1.93,1,3.13,0.436,0.0,2.93
2021-11-11 17:00,18.3,8.04,50.07,17.01,98.46,1.92,1,3.13,0.436,0.0,2.93
2021-11-11 18:00,17.26,8.06,50.07,17.01,98.45,1.91,1,3.17,0.497,0.0,2.93
2021-11-11 19:00,17.26,8.07,50.07,17.01,98.45,1.9,1,3.17,0.497,0.0,2.93
2021-11-11 20:00,17.26,8.07,50.07,17.01,98.45,1.9,1,3.17,0.497,0.0,2.93
2021-11-11 21:00,18.98,8.07,50.07,17.02,98.37,1.9,1,3.17,0.497,0.0,2.93
2021-11-11 22:00,18.3,8.08,50.07,17.01,98.45,1.9,1,3.17,0.497,0.0,2.93
2021-11-11 23:00,17.25,8.08,50.07,17.02,98.37,1.89,1,3.17,0.497,0.0,2.93
2021-11-12 0:00,17.26,8.08,50.07,17.01,98.45,1.9,1,3.17,0.497,0.0,2.93
2021-11-12 1:00,17.26,8.08,52.07,17.01,98.45,1.9,1,3.17,0.497,0.0,2.93
2021-11-12 2:00,17.26,8.08,50.07,17.01,98.45,1.9,1,3.17,0.497,0.0,2.93
2021-11-12 3:00,17.26,8.09,50.07,17.01,98.44,1.89,1,3.17,0.497,0.0,2.93
2021-11-12 4:00,17.25,8.09,50.07,17.02,98.37,1.89,1,3.17,0.497,0.0,2.93
2021-11-12 5:00,17.24,8.08,45.072,17.02,98.29,1.89,1,3.17,0.497,0.0,2.93
2021-11-12 6:00,18.27,8.08,50.08,17.02,98.29,1.89,1,3.58,0.534,0.0,2.93
2021-11-12 7:00,17.24,8.08,50.08,17.02,98.29,1.89,1,3.58,0.534,0.0,2.93
2021-11-12 8:00,17.25,8.07,50.07,17.02,98.37,1.9,1,3.58,0.534,0.0,2.93
2021-11-12 9:00,16.99,8.06,50.07,17.02,98.37,1.91,1,3.58,0.534,0.0,2.93
2021-11-12 10:00,17.25,8.07,52.0728,17.02,98.37,1.9,1,3.58,0.534,0.0,2.93
2021-11-12 11:00,17.25,8.07,47.07,17.02,98.37,1.9,1,3.58,0.534,0.0,2.93
2021-11-12 12:00,17.25,8.08,52.0728,17.02,98.37,1.89,1,3.58,0.534,0.0,2.93
2021-11-12 13:00,17.25,8.08,50.07,17.02,98.37,1.89,1,3.58,0.534,0.0,2.93
2021-11-12 14:00,17.78,8.08,50.08,17.02,98.29,1.89,1,3.58,0.534,0.0,2.93
2021-11-12 15:00,17.24,8.08,48.3272,17.02,98.29,1.89,1,3.58,0.534,0.0,2.93
2021-11-12 16:00,17.24,8.08,50.08,17.02,98.29,1.89,1,3.58,0.534,0.0,2.93
2021-11-12 17:00,17.25,8.08,50.07,17.02,98.37,1.89,1,3.58,0.534,0.0,2.93
2021-11-12 18:00,17.25,8.08,50.07,17.02,98.37,1.89,1,3.38,0.493,0.0,2.93
2021-11-12 19:00,17.55,8.08,48.07,17.02,98.37,1.89,1,3.38,0.493,0.0,2.93
2021-11-12 20:00,17.25,8.08,50.07,17.02,98.37,1.89,1,3.38,0.493,0.0,2.93
2021-11-12 21:00,17.24,8.07,50.08,17.02,98.29,1.9,1,3.38,0.493,0.0,2.93
2021-11-12 22:00,17.24,8.07,48.3272,17.02,98.29,1.9,1,3.38,0.493,0.0,2.93
2021-11-12 23:00,18.27,8.07,50.08,17.02,98.29,1.9,1,3.38,0.493,0.0,2.93
2021-11-13 0:00,17.23,8.07,50.08,17.03,98.22,1.9,1,3.38,0.493,0.0,2.93
2021-11-13 1:00,16.43,8.07,48.08,17.03,98.22,1.9,1,3.38,0.493,0.0,2.93
2021-11-13 2:00,17.23,8.07,50.08,17.03,98.22,1.9,1,3.38,0.493,0.0,2.93
2021-11-13 3:00,17.23,8.06,50.08,17.03,98.22,1.9,1,3.38,0.493,0.0,2.93
2021-11-13 4:00,17.22,8.06,52.0832,17.04,98.14,1.9,1,3.38,0.493,0.0,2.94
2021-11-13 5:00,17.22,8.06,50.08,17.04,98.14,1.9,1,3.38,0.493,0.0,2.94
2021-11-13 6:00,17.22,8.07,50.08,17.04,98.14,1.9,1,3.58,0.456,0.0,2.94
2021-11-13 7:00,17.51,8.07,50.09,17.04,98.06,1.9,1,3.58,0.456,0.0,2.94
2021-11-13 8:00,16.96,8.07,50.08,17.04,98.14,1.9,1,3.58,0.456,0.0,2.94
2021-11-13 9:00,16.96,8.07,50.08,17.04,98.14,1.9,1,3.58,0.456,0.0,2.94
2021-11-13 10:00,17.21,8.07,48.09,17.04,98.06,1.9,1,3.58,0.456,0.0,2.94
2021-11-13 11:00,17.21,8.07,50.09,17.04,98.06,1.9,1,3.58,0.456,0.0,2.94
2021-11-13 12:00,17.21,8.07,45.081,17.04,98.06,1.9,1,3.58,0.456,0.0,2.94
2021-11-13 13:00,17.21,8.07,50.09,17.04,98.06,1.9,1,3.58,0.456,0.0,2.94
2021-11-13 14:00,15.45,8.09,55.935,18.07,85.31,1.63,2,0.0,0.291,0.042,3.01
2021-11-13 15:00,15.59,8.11,49.01235,17.99,86.26,1.64,2,0.0,0.239,0.034,3.0
2021-11-13 16:00,15.71,8.11,45.657,17.91,87.07,1.65,2,0.0,0.265,0.034,2.99
2021-11-13 17:00,15.63,8.13,50.77,17.96,86.53,1.63,2,0.0,0.279,0.033,3.0
2021-11-13 18:00,15.49,8.11,50.83,18.05,85.58,1.62,2,0.0,0.256,0.034,3.01
2021-11-13 19:00,15.34,8.1,45.81,18.14,84.56,1.61,2,0.0,0.256,0.032,3.01
2021-11-13 20:00,15.34,8.1,49.1185,18.14,84.56,1.61,2,0.0,0.256,0.037,3.01
2021-11-13 21:00,15.1,8.1,50.89,18.13,84.7,1.61,2,0.0,0.294,0.035,3.01
2021-11-13 22:00,15.22,8.08,50.95,18.22,83.76,1.61,2,0.0,0.269,0.041,3.01
2021-11-13 23:00,15.2,8.08,47.96,18.23,83.63,1.6,3,0.0,0.285,0.033,3.01
2021-11-14 0:00,14.87,8.07,50.98,18.25,83.43,1.61,3,0.0,0.298,0.036,3.01
2021-11-14 1:00,15.16,8.07,50.98,18.25,83.37,1.6,3,0.0,0.282,0.035,3.01
2021-11-14 2:00,15.19,8.07,50.97,18.23,83.56,1.61,2,0.0,0.274,0.031,3.01
2021-11-14 3:00,15.99,8.07,50.97,18.23,83.56,1.61,2,0.0,0.286,0.031,3.01
2021-11-14 4:00,14.89,8.06,53.0296,18.26,83.3,1.61,2,0.0,0.26,0.029,3.01
2021-11-14 5:00,15.44,8.07,52.99,18.26,83.23,1.6,2,0.0,0.279,0.032,3.01
2021-11-14 6:00,15.07,8.05,53.02,18.31,82.77,1.6,2,0.0,0.283,0.033,3.03
2021-11-14 7:00,15.02,8.06,48.05,18.34,82.44,1.59,2,0.0,0.266,0.032,3.03
2021-11-14 8:00,14.97,8.06,51.07,18.37,82.11,1.58,2,0.0,0.262,0.034,3.03
2021-11-14 9:00,14.33,8.0,54.38,18.78,78.04,1.54,4,0.0,0.261,0.037,3.05
2021-11-14 10:00,14.12,7.97,51.48,18.92,76.74,1.53,4,0.0,0.261,0.036,3.07
2021-11-14 11:00,13.94,7.97,53.4976,18.87,77.23,1.54,4,0.0,0.255,0.035,3.06
2021-11-14 12:00,14.32,7.98,51.38,18.79,77.98,1.55,3,0.0,0.289,0.038,3.05
2021-11-14 13:00,14.59,8.02,51.25,18.61,79.66,1.56,3,0.0,0.248,0.036,3.05
2021-11-14 14:00,14.7,8.03,51.2,18.54,80.36,1.57,3,0.0,0.268,0.03,3.04
2021-11-14 15:00,14.8,8.05,51.15,18.48,81.0,1.57,3,0.0,0.297,0.034,3.03
2021-11-14 16:00,14.91,8.06,51.1,18.41,81.72,1.58,2,0.0,0.284,0.034,3.03
2021-11-14 17:00,14.99,8.09,51.06,18.36,82.24,1.57,2,0.0,0.236,0.031,3.03
2021-11-14 18:00,15.03,8.1,48.04,18.33,82.5,1.57,2,0.0,0.249,0.033,3.03
2021-11-14 19:00,15.96,8.12,51.03,18.31,82.69,1.56,2,0.0,0.249,0.031,3.03
2021-11-14 20:00,15.04,8.1,56.144,18.33,82.56,1.57,2,0.0,0.253,0.031,3.03
2021-11-14 21:00,14.92,8.09,51.09,18.4,81.78,1.56,2,0.0,0.253,0.032,3.03
2021-11-14 22:00,14.7,8.06,51.2,18.54,80.36,1.55,3,0.0,0.253,0.033,3.04
2021-11-14 23:00,15.42,8.05,51.14,18.46,81.13,1.57,3,0.0,0.33,0.034,3.03
2021-11-15 0:00,14.89,8.11,51.11,18.42,81.58,1.55,2,0.0,0.259,0.039,3.03
2021-11-15 2:00,14.91,8.12,51.1,18.41,81.71,1.54,2,0.0,0.251,0.031,3.03
2021-11-15 3:00,14.62,8.12,51.11,18.43,81.51,1.54,2,0.0,0.262,0.033,3.03
2021-11-15 4:00,14.59,8.11,53.1752,18.45,81.32,1.54,2,0.0,0.24,0.031,3.03
2021-11-15 5:00,14.82,8.1,51.14,18.46,81.12,1.54,2,0.0,0.241,0.029,3.03
2021-11-15 6:00,14.79,8.08,51.16,18.48,80.93,1.55,2,0.0,0.247,0.029,3.03
2021-11-15 7:00,14.75,8.06,51.17,18.51,80.68,1.56,2,0.0,0.252,0.054,3.03
2021-11-15 8:00,14.73,8.07,53.18,18.52,80.55,1.55,2,0.0,0.272,0.031,3.03
2021-11-15 9:00,14.76,8.08,48.17,18.5,80.74,1.55,2,0.0,0.26,0.031,3.03
2021-11-15 10:00,14.76,8.06,46.053,18.5,80.74,1.56,2,0.0,0.261,0.03,3.03
2021-11-15 11:00,13.99,8.07,49.16,18.48,80.93,1.56,2,0.0,0.27,0.029,3.03
2021-11-15 12:00,14.79,8.08,46.044,18.48,80.93,1.55,2,0.0,0.276,0.03,3.03
2021-11-15 13:00,14.79,8.08,49.3694,18.48,80.93,1.55,2,0.0,0.272,0.024,3.03
2021-11-15 14:00,14.86,8.09,54.12,18.44,81.39,1.55,2,0.0,0.295,0.028,3.03
2021-11-15 15:00,14.86,8.08,51.12,18.44,81.39,1.56,2,0.0,0.271,0.026,3.03
2021-11-15 16:00,14.84,8.08,51.13,18.45,81.26,1.56,2,0.0,0.292,0.031,3.03
2021-11-15 17:00,14.93,8.11,54.09,18.4,81.84,1.55,2,0.0,0.344,0.031,3.03
2021-11-15 18:00,15.32,8.11,51.05,18.34,82.43,1.56,2,0.0,0.303,0.029,3.03
2021-11-15 19:00,15.08,8.1,51.02,18.3,82.83,1.58,2,0.0,0.319,0.028,3.03
2021-11-15 20:00,13.59,8.08,51.01,18.29,82.96,1.59,2,0.0,0.289,0.032,3.03
2021-11-15 21:00,14.98,8.05,51.06,18.36,82.18,1.59,2,0.0,0.306,0.028,3.03
2021-11-15 22:00,14.87,8.04,51.12,18.43,81.46,1.58,2,0.0,0.315,0.028,3.03
2021-11-15 23:00,15.03,8.11,48.04,18.33,82.49,1.57,2,0.0,0.315,0.029,3.03
2021-11-16 0:00,14.94,8.11,53.08,18.39,81.9,1.55,2,0.0,0.315,0.027,3.03
2021-11-16 1:00,14.92,8.1,51.09,18.4,81.78,1.56,2,0.0,0.345,0.029,3.03
2021-11-16 2:00,14.92,8.09,51.09,18.4,81.78,1.56,2,0.0,0.302,0.029,3.03
2021-11-16 3:00,14.87,8.08,51.12,18.43,81.45,1.56,2,0.0,0.274,0.029,3.03
2021-11-16 4:00,14.84,8.07,53.13,18.45,81.26,1.56,2,0.0,0.229,0.027,3.03
2021-11-16 5:00,14.79,8.06,51.16,18.48,80.94,1.56,2,0.0,0.219,0.029,3.03
2021-11-16 6:00,14.81,8.06,51.15,18.47,81.07,1.56,2,0.0,0.254,0.029,3.03
2021-11-16 7:00,14.74,8.03,51.18,18.52,80.62,1.57,2,0.0,0.265,0.029,3.03
2021-11-16 8:00,14.68,8.0,51.21,18.55,80.24,1.58,2,0.0,0.259,0.029,3.04
2021-11-16 9:00,15.61,8.0,51.18,18.52,80.56,1.59,3,0.0,0.268,0.032,3.03
2021-11-16 10:00,14.78,8.04,51.16,18.49,80.88,1.57,2,0.0,0.272,0.03,3.03
2021-11-16 11:00,14.79,8.05,51.16,18.48,80.94,1.57,2,0.0,0.26,0.031,3.03
2021-11-16 12:00,14.83,8.07,51.14,18.46,81.2,1.56,2,0.0,0.297,0.031,3.03
2021-11-16 13:00,14.7,8.02,51.2,18.54,80.37,1.57,2,0.0,0.225,0.023,3.04
2021-11-16 14:00,14.78,8.06,53.2064,18.49,80.87,1.56,2,0.0,0.258,0.028,3.03
2021-11-16 15:00,14.82,8.07,51.14,18.46,81.13,1.56,2,0.0,0.227,0.029,3.03
2021-11-16 16:00,14.73,8.05,49.18,18.52,80.55,1.56,2,0.0,0.29,0.034,3.03
2021-11-16 17:00,14.82,8.08,48.14,18.46,81.13,1.55,2,0.0,0.256,0.031,3.03
2021-11-16 18:00,14.85,8.08,51.13,18.45,81.32,1.56,2,0.0,0.24,0.027,3.03
2021-11-16 19:00,14.88,8.08,51.11,18.43,81.52,1.56,2,0.0,0.238,0.029,3.03
2021-11-16 20:00,14.84,8.04,51.13,18.45,81.27,1.58,2,0.0,0.245,0.028,3.03
2021-11-16 21:00,15.72,8.0,51.14,18.46,81.21,1.6,2,0.0,0.233,0.03,3.03
2021-11-16 22:00,13.61,8.01,51.14,18.46,81.14,1.59,2,0.0,0.243,0.03,3.03
2021-11-16 23:00,14.68,8.02,54.21,18.55,80.24,1.57,2,0.0,0.246,0.029,3.04
2021-11-17 0:00,14.69,8.04,51.2,18.55,80.3,1.56,2,0.0,0.267,0.032,3.04
2021-11-17 1:00,14.64,8.06,51.22,18.58,79.97,1.54,2,0.0,0.267,0.03,3.05
2021-11-17 2:00,14.9,8.08,51.24,18.6,79.71,1.53,2,0.0,0.267,0.029,3.05
2021-11-17 3:00,14.83,8.06,53.28,18.65,79.27,1.53,2,0.0,0.335,0.03,3.05
2021-11-17 4:00,14.51,8.02,51.27,18.66,79.15,1.55,2,0.0,0.288,0.03,3.05
2021-11-17 5:00,14.48,8.01,51.3,18.68,78.96,1.55,2,0.0,0.276,0.031,3.05
2021-11-17 6:00,14.45,7.99,51.31,18.7,78.78,1.56,2,0.0,0.265,0.029,3.05
2021-11-17 7:00,14.48,7.98,51.3,18.68,78.97,1.57,2,0.0,0.295,0.032,3.05
2021-11-17 8:00,15.88,7.99,51.32,18.71,78.72,1.56,2,0.0,0.347,0.031,3.05
2021-11-17 9:00,14.49,7.94,51.3,18.67,79.04,1.59,2,0.0,0.348,0.033,3.05
2021-11-17 10:00,14.56,7.92,49.26,18.63,79.49,1.61,2,0.0,0.356,0.035,3.05
2021-11-17 11:00,14.54,7.97,53.3208,18.64,79.35,1.58,2,0.0,0.322,0.031,3.05
2021-11-17 12:00,14.61,7.98,48.24,18.6,79.8,1.58,2,0.0,0.309,0.031,3.05
2021-11-17 13:00,14.61,8.04,48.24,18.6,79.78,1.55,2,0.0,0.283,0.024,3.05
2021-11-17 14:00,14.67,8.06,53.21,18.56,80.17,1.55,2,0.0,0.345,0.029,3.04
2021-11-17 15:00,14.59,8.06,51.25,18.61,79.65,1.54,2,0.0,0.321,0.033,3.05
2021-11-17 16:00,14.62,8.06,49.23,18.59,79.84,1.54,2,0.0,0.294,0.031,3.05
2021-11-17 17:00,14.51,8.08,51.29,18.66,79.14,1.52,2,0.0,0.284,0.031,3.05
2021-11-17 18:00,14.47,8.07,53.3624,18.69,78.89,1.52,2,0.0,0.249,0.028,3.05
2021-11-17 19:00,14.5,8.07,51.29,18.67,79.08,1.52,2,0.0,0.264,0.033,3.05
2021-11-17 20:00,14.49,8.03,51.3,18.67,79.02,1.54,2,0.0,0.265,0.029,3.05
2021-11-17 21:00,14.56,8.05,48.26,18.63,79.46,1.54,2,0.0,0.254,0.028,3.05
2021-11-17 22:00,14.54,8.02,51.27,18.64,79.34,1.55,2,0.0,0.232,0.025,3.05
2021-11-17 23:00,14.63,8.05,56.353,18.58,79.91,1.55,2,0.0,0.254,0.028,3.05
2021-11-18 0:00,14.57,8.03,51.26,18.62,79.53,1.55,2,0.0,0.303,0.031,3.05
2021-11-18 1:00,14.64,8.06,51.22,18.58,79.97,1.54,3,0.0,0.287,0.036,3.05
2021-11-18 2:00,14.69,8.07,51.2,18.55,80.29,1.54,2,0.0,0.262,0.029,3.04
2021-11-18 3:00,14.53,8.03,51.28,18.65,79.28,1.54,3,0.0,0.262,0.027,3.05
2021-11-18 4:00,14.52,8.05,51.28,18.65,79.21,1.53,4,0.0,0.262,0.029,3.05
2021-11-18 5:00,14.5,8.05,51.29,18.67,79.08,1.53,4,0.0,0.344,0.031,3.05
2021-11-18 6:00,14.26,8.03,51.28,18.65,79.21,1.54,3,0.0,0.281,0.029,3.05
2021-11-18 7:00,14.53,8.0,56.408,18.65,79.28,1.56,2,0.0,0.284,0.029,3.05
2021-11-18 8:00,14.51,8.0,51.29,18.66,79.16,1.56,2,0.0,0.32,0.028,3.05
2021-11-18 9:00,14.53,7.99,51.28,18.65,79.29,1.57,1,0.0,0.296,0.029,3.05
2021-11-18 10:00,15.4,7.97,56.364,18.6,79.73,1.59,1,0.0,0.279,0.029,3.05
2021-11-18 11:00,14.45,7.98,49.51415,18.7,78.78,1.56,1,0.0,0.28,0.03,3.05
2021-11-18 12:00,14.83,7.98,51.28,18.65,79.29,1.57,1,0.0,0.248,0.028,3.05
2021-11-18 13:00,15.14,7.99,51.37,18.78,78.1,1.54,3,0.0,0.275,0.029,3.05
2021-11-18 14:00,14.33,8.0,51.38,18.78,78.04,1.54,2,0.0,0.31,0.03,3.05
2021-11-18 15:00,14.35,8.03,51.36,18.76,78.14,1.52,3,0.0,0.315,0.032,3.05
2021-11-18 16:00,15.16,8.03,56.529,18.8,77.84,1.52,2,0.0,0.3,0.03,3.06
2021-11-18 17:00,14.03,8.01,51.38,18.78,78.03,1.53,2,0.0,0.307,0.03,3.05
2021-11-18 18:00,14.34,7.99,51.37,18.78,78.1,1.54,2,0.0,0.301,0.03,3.05
2021-11-18 19:00,14.37,7.98,51.36,18.76,78.29,1.55,2,0.0,0.307,0.031,3.05
2021-11-18 20:00,14.35,7.98,51.36,18.76,78.15,1.55,3,0.0,0.267,0.03,3.05
2021-11-18 21:00,14.39,7.96,51.35,18.74,78.42,1.57,2,0.0,0.285,0.029,3.05
2021-11-18 22:00,14.55,7.93,51.27,18.64,79.42,1.6,2,0.0,0.286,0.03,3.05
2021-11-18 23:00,14.48,8.03,51.3,18.68,78.96,1.54,2,0.0,0.279,0.028,3.05
2021-11-19 0:00,14.36,7.97,51.36,18.76,78.23,1.56,2,0.0,0.268,0.028,3.05
2021-11-19 1:00,14.36,7.93,46.224,18.76,78.23,1.58,2,0.0,0.332,0.033,3.05
2021-11-19 2:00,14.38,7.93,51.35,18.75,78.36,1.58,0,0.0,0.283,0.032,3.05
2021-11-19 3:00,15.24,7.9,53.3728,18.71,78.73,1.61,2,0.0,0.376,0.04,3.05
2021-11-19 4:00,14.43,7.92,51.32,18.71,78.67,1.59,2,0.0,0.344,0.03,3.05
2021-11-19 5:00,14.2,7.94,51.31,18.69,78.85,1.59,2,0.0,0.344,0.032,3.05
2021-11-19 6:00,14.48,7.9,51.3,18.68,78.98,1.61,2,0.0,0.344,0.032,3.05
2021-11-19 7:00,14.5,7.92,51.29,18.67,79.11,1.6,2,0.0,0.367,0.033,3.05
2021-11-19 8:00,14.47,7.87,51.31,18.69,78.92,1.63,2,0.0,0.307,0.031,3.05
2021-11-19 9:00,14.4,7.91,53.3936,18.73,78.48,1.6,0,0.0,0.294,0.032,3.05
2021-11-19 10:00,14.48,7.89,51.3,18.68,78.99,1.62,0,0.0,0.241,0.032,3.05
2021-11-19 11:00,14.47,7.86,51.31,18.69,78.93,1.63,0,0.0,0.245,0.034,3.05
2021-11-19 12:00,14.48,7.92,51.3,18.68,78.98,1.6,2,0.0,0.257,0.032,3.05
2021-11-19 13:00,14.3,7.95,51.39,18.8,77.86,1.56,2,0.0,0.289,0.039,3.06
2021-11-19 14:00,14.42,7.91,46.197,18.72,78.6,1.6,1,2.09,0.271,0.036,3.05
2021-11-19 15:00,14.38,7.94,51.35,18.75,78.36,1.58,2,2.09,0.364,0.031,3.05
2021-11-19 16:00,12.92,7.95,53.4144,18.76,78.16,1.57,1,1.17,0.324,0.04,3.05
2021-11-19 17:00,14.6,7.96,51.24,18.6,79.74,1.59,1,1.65,0.308,0.033,3.05
2021-11-19 18:00,14.28,7.98,54.27,18.64,79.35,1.57,2,1.41,0.283,0.033,3.05
2021-11-19 19:00,14.65,7.98,51.22,18.57,80.05,1.59,2,1.59,0.294,0.033,3.05
2021-11-19 20:00,14.66,7.97,51.22,18.57,80.12,1.59,2,0.51,0.284,0.029,3.04
2021-11-19 21:00,13.19,7.96,51.22,18.57,80.12,1.6,2,1.02,0.292,0.031,3.04
2021-11-19 22:00,14.66,7.97,51.22,18.57,80.12,1.59,1,0.91,0.275,0.029,3.04
2021-11-19 23:00,14.64,7.97,51.22,18.58,79.99,1.59,2,1.24,0.274,0.03,3.05
2021-11-20 0:00,14.62,7.96,51.23,18.59,79.86,1.6,1,0.91,0.284,0.029,3.05
2021-11-20 1:00,14.61,7.95,51.24,18.6,79.8,1.6,2,1.51,0.263,0.029,3.05
2021-11-20 2:00,14.64,7.99,49.4273,18.58,79.99,1.58,2,1.22,0.235,0.03,3.05
2021-11-20 3:00,14.86,7.99,46.134,18.63,79.48,1.57,2,0.73,0.237,0.026,3.05
2021-11-20 4:00,13.11,7.98,51.26,18.62,79.54,1.58,3,1.38,0.248,0.034,3.05
2021-11-20 5:00,15.42,7.97,51.27,18.64,79.42,1.58,3,1.18,0.249,0.031,3.05
2021-11-20 6:00,14.52,7.94,48.28,18.65,79.23,1.59,2,1.49,0.259,0.032,3.05
2021-11-20 7:00,14.45,7.94,51.31,18.7,78.79,1.58,3,1.55,0.259,0.032,3.05
2021-11-20 8:00,14.47,7.94,51.31,18.69,78.91,1.59,3,1.31,0.259,0.032,3.05
2021-11-20 9:00,14.47,7.94,49.31,18.69,78.91,1.59,2,1.06,0.339,0.031,3.05
2021-11-20 10:00,14.47,7.91,53.3624,18.69,78.92,1.6,1,1.53,0.262,0.032,3.05
2021-11-20 11:00,14.57,7.91,51.26,18.62,79.55,1.62,1,1.59,0.254,0.031,3.05
2021-11-20 12:00,14.65,7.91,53.22,18.57,80.06,1.63,1,1.2,0.358,0.032,3.05
2021-11-20 13:00,14.72,7.96,51.19,18.53,80.51,1.61,2,1.28,0.367,0.032,3.03
2021-11-20 14:00,14.58,8.0,51.25,18.62,79.6,1.57,3,2.23,0.362,0.024,3.05
2021-11-20 15:00,14.57,7.99,51.26,18.62,79.54,1.57,2,2.61,0.423,0.03,3.05
2021-11-20 16:00,15.45,7.99,51.25,18.62,79.6,1.57,2,1.59,0.404,0.042,3.05
2021-11-20 17:00,14.6,8.01,53.2896,18.6,79.73,1.57,2,1.63,0.384,0.033,3.05
2021-11-20 18:00,14.55,8.02,53.27,18.64,79.41,1.55,2,1.63,0.353,0.033,3.05
2021-11-20 19:00,15.42,7.98,49.47555,18.64,79.41,1.58,2,1.54,0.357,0.028,3.05
2021-11-20 20:00,14.56,7.98,51.26,18.63,79.48,1.58,2,1.68,0.383,0.03,3.05
2021-11-20 21:00,14.56,7.97,51.26,18.63,79.48,1.58,2,1.6,0.353,0.026,3.05
2021-11-20 22:00,14.54,7.99,54.27,18.64,79.35,1.57,2,1.48,0.329,0.025,3.05
2021-11-20 23:00,14.52,7.99,51.28,18.65,79.22,1.57,2,1.47,0.345,0.028,3.05
2021-11-21 0:00,14.51,7.98,51.29,18.66,79.16,1.57,2,1.4,0.387,0.026,3.05
2021-11-21 1:00,14.55,7.97,51.27,18.64,79.42,1.58,2,1.3,0.383,0.028,3.05
2021-11-21 2:00,14.52,7.95,51.28,18.65,79.23,1.59,2,1.64,0.402,0.029,3.05
2021-11-21 3:00,13.65,7.95,51.31,18.7,78.79,1.58,2,1.56,0.402,0.029,3.05
2021-11-21 4:00,14.4,7.93,51.34,18.73,78.47,1.58,0,1.78,0.435,0.028,3.05
2021-11-21 5:00,14.47,7.95,56.441,18.69,78.91,1.58,3,1.84,0.45,0.031,3.05
2021-11-21 6:00,14.46,7.96,54.31,18.69,78.85,1.57,2,1.67,0.459,0.029,3.05
2021-11-21 7:00,14.72,7.96,51.33,18.72,78.6,1.57,3,1.3,0.434,0.03,3.05
2021-11-21 8:00,14.42,7.93,49.53345,18.72,78.6,1.59,3,1.57,0.416,0.031,3.05
2021-11-21 9:00,14.74,7.94,49.32,18.71,78.72,1.58,2,1.42,0.416,0.027,3.05
2021-11-21 10:00,14.46,7.92,51.31,18.69,78.85,1.6,1,1.4,0.416,0.028,3.05
2021-11-21 11:00,15.35,7.9,53.352,18.68,78.98,1.61,1,1.55,0.422,0.029,3.05
2021-11-21 12:00,14.56,7.9,51.26,18.63,79.49,1.62,2,1.86,0.36,0.031,3.05
2021-11-21 13:00,14.58,7.92,49.45625,18.62,79.62,1.61,2,1.27,0.342,0.031,3.05
2021-11-21 14:00,14.59,7.95,51.25,18.61,79.68,1.6,2,2.0,0.328,0.022,3.05
2021-11-21 15:00,14.37,8.0,51.36,18.76,78.29,1.54,2,1.86,0.404,0.029,3.05
2021-11-21 16:00,14.44,8.06,51.32,18.71,78.7,1.52,2,1.46,0.375,0.03,3.05
2021-11-21 17:00,15.27,8.06,51.33,18.73,78.51,1.51,1,1.48,0.366,0.029,3.05
2021-11-21 18:00,15.08,8.08,51.3,18.68,78.95,1.51,2,1.79,0.361,0.027,3.05
2021-11-21 19:00,14.49,8.07,51.3,18.67,79.02,1.52,2,1.51,0.365,0.029,3.05
2021-11-21 20:00,14.49,8.08,49.5045,18.67,79.01,1.51,2,1.48,0.336,0.027,3.05
2021-11-21 21:00,14.5,8.06,53.3416,18.67,79.08,1.52,2,1.51,0.335,0.025,3.05
2021-11-21 22:00,14.56,8.01,51.26,18.63,79.47,1.56,2,1.63,0.33,0.026,3.05
2021-11-21 23:00,14.55,8.07,51.27,18.64,79.4,1.53,1,1.67,0.352,0.025,3.05
2021-11-22 0:00,14.44,8.11,51.32,18.71,78.69,1.49,1,1.64,0.331,0.024,3.05
2021-11-22 1:00,15.8,8.08,49.5624,18.76,78.21,1.5,0,1.26,0.337,0.025,3.05
2021-11-22 2:00,15.2,8.06,53.37,18.78,78.09,1.51,2,1.72,0.352,0.026,3.05
2021-11-22 3:00,14.39,8.03,56.485,18.74,78.41,1.53,2,1.64,0.352,0.026,3.05
2021-11-22 4:00,14.38,8.07,48.36,18.75,78.33,1.5,2,1.44,0.37,0.027,3.05
2021-11-22 5:00,14.34,8.02,51.37,18.78,78.09,1.53,2,1.91,0.344,0.028,3.05
2021-11-22 6:00,14.29,8.04,48.4,18.81,77.78,1.51,1,1.63,0.343,0.026,3.06
2021-11-22 7:00,14.3,8.03,46.251,18.8,77.84,1.52,2,1.72,0.336,0.024,3.06
2021-11-22 8:00,14.28,8.0,54.4,18.81,77.72,1.53,2,1.58,0.364,0.027,3.06
2021-11-22 9:00,14.29,8.0,49.601,18.81,77.79,1.53,2,1.16,0.361,0.027,3.06
2021-11-22 10:00,15.07,8.01,51.43,18.85,77.35,1.52,1,1.94,0.372,0.027,3.06
2021-11-22 11:00,14.13,7.96,51.48,18.91,76.8,1.53,1,1.41,0.372,0.028,3.07
2021-11-22 12:00,14.1,7.92,51.49,18.93,76.62,1.55,1,1.71,0.372,0.025,3.07
2021-11-22 13:00,13.8,8.03,51.51,18.96,76.36,1.49,1,2.14,0.456,0.027,3.07
2021-11-22 14:00,14.06,8.04,46.359,18.96,76.36,1.48,2,2.34,0.426,0.028,3.07
2021-11-22 15:00,14.24,8.04,46.278,18.84,77.48,1.5,1,2.49,0.389,0.028,3.06
2021-11-22 16:00,12.73,8.0,51.47,18.91,76.85,1.51,1,2.26,0.478,0.03,3.07
2021-11-22 17:00,14.11,7.99,51.51,18.95,76.43,1.51,1,1.89,0.378,0.028,3.07
2021-11-22 18:00,14.08,7.96,49.5,18.94,76.49,1.53,1,1.94,0.361,0.028,3.07
2021-11-22 19:00,14.07,7.94,46.359,18.95,76.43,1.54,1,1.75,0.341,0.027,3.07
2021-11-22 20:00,14.04,7.94,51.52,18.97,76.25,1.53,0,1.85,0.352,0.026,3.07
2021-11-22 21:00,13.99,7.91,51.54,19.0,75.95,1.54,1,2.0,0.375,0.027,3.07
2021-11-22 22:00,13.96,7.9,51.56,19.02,75.77,1.54,1,1.62,0.386,0.028,3.07
2021-11-22 23:00,13.9,7.94,49.78435,19.06,75.4,1.52,1,1.37,0.374,0.027,3.08
2021-11-23 0:00,13.9,7.95,51.59,19.06,75.4,1.51,1,2.05,0.431,0.029,3.08
2021-11-23 1:00,13.87,7.93,51.6,19.08,75.22,1.52,1,2.0,0.38,0.026,3.08
2021-11-23 2:00,13.59,7.92,51.59,19.07,75.34,1.52,1,1.73,0.421,0.027,3.08
2021-11-23 3:00,14.45,7.97,51.72,19.24,73.77,1.47,2,1.86,0.389,0.027,3.09
2021-11-23 4:00,14.32,7.92,51.79,19.32,73.07,1.48,1,2.02,0.4,0.026,3.1
2021-11-23 5:00,13.4,7.87,51.85,19.4,72.43,1.49,1,1.74,0.42,0.03,3.1
2021-11-23 6:00,13.42,7.91,51.83,19.38,72.54,1.47,1,2.01,0.389,0.023,3.1
2021-11-23 7:00,13.38,7.89,46.674,19.41,72.31,1.48,1,1.54,0.362,0.028,3.1
2021-11-23 8:00,11.97,7.86,51.9,19.46,71.85,1.48,1,1.83,0.359,0.026,3.1
2021-11-23 9:00,13.31,7.91,50.07385,19.46,71.9,1.46,1,1.55,0.382,0.028,3.1
2021-11-23 10:00,13.27,7.89,51.92,19.49,71.68,1.46,1,1.59,0.375,0.028,3.11
2021-11-23 11:00,13.35,7.89,51.87,19.43,72.13,1.47,0,1.09,0.386,0.028,3.1
2021-11-23 12:00,13.33,7.93,51.88,19.44,72.01,1.45,1,1.78,0.379,0.029,3.1
2021-11-23 13:00,13.34,7.91,51.88,19.44,72.07,1.46,0,1.65,0.379,0.029,3.1
2021-11-23 14:00,13.37,7.92,53.9344,19.42,72.25,1.46,1,1.67,0.379,0.026,3.1
2021-11-23 15:00,13.76,7.9,51.81,19.36,72.78,1.48,1,1.41,0.352,0.031,3.1
2021-11-23 16:00,13.38,7.92,51.86,19.41,72.31,1.46,1,1.33,0.312,0.029,3.1
2021-11-23 17:00,13.35,7.96,51.87,19.43,72.12,1.44,1,1.61,0.276,0.027,3.1
2021-11-23 18:00,13.34,8.01,51.88,19.44,72.06,1.41,0,1.73,0.318,0.026,3.1
2021-11-23 19:00,13.31,8.03,46.701,19.46,71.88,1.4,0,1.83,0.335,0.026,3.1
2021-11-23 20:00,13.27,8.03,51.92,19.49,71.66,1.39,2,1.96,0.369,0.031,3.11
2021-11-23 21:00,13.28,7.99,50.09315,19.48,71.71,1.41,2,1.52,0.339,0.026,3.11
2021-11-23 22:00,13.99,8.0,50.13175,19.54,71.26,1.4,2,1.74,0.339,0.028,3.11
2021-11-23 23:00,13.22,7.95,51.94,19.52,71.38,1.43,2,1.5,0.361,0.028,3.11
2021-11-24 0:00,13.18,7.98,51.96,19.55,71.15,1.41,2,1.63,0.335,0.029,3.11
2021-11-24 1:00,13.21,7.97,51.95,19.53,71.32,1.42,2,1.78,0.387,0.03,3.11
2021-11-24 2:00,13.23,7.9,51.94,19.52,71.45,1.45,2,1.69,0.362,0.029,3.11
2021-11-24 3:00,13.22,7.95,51.94,19.52,71.38,1.43,1,2.34,0.378,0.028,3.11
2021-11-24 4:00,12.96,7.93,51.94,19.52,71.39,1.44,1,1.59,0.391,0.03,3.11
2021-11-24 5:00,13.07,7.96,55.02,19.63,70.52,1.41,1,1.86,0.434,0.03,3.12
2021-11-24 6:00,13.85,7.97,52.02,19.63,70.52,1.4,1,1.42,0.261,0.026,3.12
2021-11-24 7:00,13.85,7.94,52.02,19.63,70.52,1.41,2,1.45,0.218,0.032,3.12
2021-11-24 8:00,13.06,7.97,54.03,19.63,70.46,1.4,1,1.47,0.233,0.026,3.12
2021-11-24 9:00,13.0,7.95,56.06,19.68,70.13,1.4,1,1.48,0.407,0.024,3.12
2021-11-24 10:00,13.01,7.92,52.05,19.67,70.19,1.42,1,1.41,0.239,0.031,3.12
2021-11-24 11:00,13.03,7.94,54.04,19.65,70.3,1.41,1,1.28,0.205,0.029,3.12
2021-11-24 12:00,13.09,7.92,50.18965,19.61,70.64,1.43,1,1.3,0.234,0.031,3.12
2021-11-24 13:00,13.14,7.89,48.98,19.58,70.93,1.45,1,1.51,0.231,0.03,3.12
2021-11-24 14:00,13.26,7.93,53.9968,19.49,71.61,1.44,1,1.36,0.231,0.026,3.11
2021-11-24 15:00,13.28,7.98,51.91,19.48,71.71,1.42,2,1.36,0.231,0.027,3.11
2021-11-24 16:00,13.47,8.0,50.15105,19.56,71.09,1.4,2,1.46,0.231,0.028,3.11
2021-11-24 17:00,13.19,8.04,54.96,19.54,71.2,1.38,2,1.73,0.324,0.029,3.11
2021-11-24 18:00,13.29,8.03,51.9,19.47,71.76,1.4,2,1.92,0.338,0.028,3.1
2021-11-24 19:00,12.94,8.01,51.95,19.54,71.26,1.39,2,1.47,0.241,0.031,3.11
2021-11-24 20:00,13.18,7.99,51.96,19.55,71.15,1.4,2,1.6,0.253,0.027,3.11
2021-11-24 21:00,13.2,7.97,51.95,19.54,71.26,1.41,2,1.52,0.254,0.029,3.11
2021-11-24 22:00,12.97,8.0,51.94,19.52,71.43,1.4,2,1.45,0.247,0.029,3.11
2021-11-24 23:00,13.27,7.99,53.9968,19.49,71.67,1.41,2,1.55,0.388,0.028,3.11
2021-11-25 0:00,14.01,8.01,51.94,19.52,71.37,1.4,2,2.03,0.38,0.029,3.11
2021-11-25 1:00,13.27,8.0,48.92,19.49,71.66,1.41,2,1.1,0.371,0.026,3.11
2021-11-25 2:00,13.25,8.01,51.92,19.5,71.54,1.4,1,2.2,0.395,0.031,3.11
2021-11-25 3:00,13.3,8.04,51.9,19.46,71.82,1.39,1,1.27,0.25,0.026,3.1
2021-11-25 4:00,13.06,8.04,52.03,19.63,70.45,1.36,2,1.41,0.225,0.027,3.12
2021-11-25 5:00,12.8,7.99,52.16,19.81,68.99,1.36,2,1.63,0.319,0.022,3.13
2021-11-25 6:00,12.9,8.03,57.321,19.74,69.55,1.35,2,1.48,0.296,0.025,3.12
2021-11-25 7:00,12.95,8.04,49.08,19.71,69.83,1.35,1,2.05,0.347,0.026,3.12
2021-11-25 8:00,13.01,8.03,52.05,19.67,70.17,1.36,1,1.97,0.289,0.028,3.12
2021-11-25 9:00,13.0,8.01,54.1424,19.68,70.12,1.37,1,1.52,0.248,0.027,3.12
2021-11-25 10:00,13.33,8.02,52.04,19.65,70.28,1.37,1,1.43,0.438,0.028,3.12
2021-11-25 11:00,12.82,8.02,52.02,19.62,70.57,1.38,1,1.67,0.431,0.024,3.12
2021-11-25 12:00,13.15,8.01,51.98,19.57,70.97,1.39,1,1.34,0.439,0.028,3.12
2021-11-25 13:00,13.18,8.03,54.0384,19.55,71.14,1.38,1,1.34,0.439,0.028,3.11
2021-11-25 14:00,13.59,8.05,55.74,19.27,73.52,1.42,0,1.34,1.409,0.322,3.09
2021-11-25 15:00,13.71,8.08,51.68,19.19,74.23,1.42,1,1.34,1.468,0.342,3.09
2021-11-25 16:00,14.38,8.09,49.93875,19.28,73.4,1.4,1,1.0,1.327,0.329,3.09
2021-11-25 17:00,13.54,8.12,49.77,19.3,73.21,1.38,1,2.17,1.327,0.329,3.09
2021-11-25 18:00,13.45,8.13,51.82,19.36,72.68,1.36,1,2.4,1.327,0.092,3.1
2021-11-25 19:00,13.64,8.12,53.9552,19.44,72.04,1.36,1,2.0,0.0,0.0,3.1
2021-11-25 20:00,14.09,8.11,50.0835,19.47,71.75,1.36,1,2.43,0.827,0.039,3.1
2021-11-25 21:00,13.24,8.1,51.93,19.51,71.46,1.35,2,2.02,0.235,0.044,3.11
2021-11-25 22:00,13.24,8.08,46.737,19.51,71.47,1.36,1,2.3,0.201,0.068,3.11
2021-11-25 23:00,13.2,8.05,51.95,19.54,71.25,1.38,1,2.04,0.158,0.037,3.11
2021-11-26 0:00,13.18,8.05,51.96,19.55,71.14,1.37,1,2.2,0.093,0.045,3.11
2021-11-26 1:00,13.16,8.06,54.0488,19.57,71.02,1.37,1,2.4,0.07,0.041,3.11
2021-11-26 2:00,13.05,8.08,54.1112,19.64,70.39,1.34,1,2.4,0.081,0.044,3.12
2021-11-26 3:00,13.06,8.06,52.03,19.63,70.45,1.35,0,2.22,0.13,0.035,3.12
2021-11-26 4:00,11.72,8.05,55.05,19.66,70.22,1.35,1,2.2,0.189,0.031,3.12
2021-11-26 5:00,12.96,8.07,52.08,19.7,69.88,1.34,1,2.17,0.311,0.052,3.12
2021-11-26 6:00,12.98,8.08,52.06,19.69,70.0,1.34,1,2.11,0.201,0.031,3.12
2021-11-26 7:00,13.22,8.07,52.1,19.73,69.66,1.33,1,2.19,0.207,0.033,3.12
2021-11-26 8:00,12.82,8.05,52.15,19.8,69.09,1.33,1,2.18,0.239,0.026,3.13
2021-11-26 9:00,12.81,8.06,52.16,19.81,69.04,1.33,1,2.15,0.227,0.053,3.13
2021-11-26 10:00,12.83,8.03,52.15,19.79,69.15,1.34,2,2.29,0.242,0.045,3.13
2021-11-26 11:00,12.86,8.04,52.13,19.77,69.32,1.34,1,2.23,0.194,0.043,3.12
2021-11-26 12:00,12.91,8.03,50.2765,19.74,69.61,1.35,1,2.23,0.181,0.033,3.12
2021-11-26 13:00,12.95,8.01,52.08,19.71,69.83,1.37,1,2.07,0.193,0.03,3.12
2021-11-26 14:00,13.9,8.05,52.0,19.6,70.74,1.36,0,2.33,0.185,0.036,3.12
2021-11-26 15:00,13.17,8.06,51.97,19.56,71.08,1.37,0,2.22,0.208,0.036,3.11
2021-11-26 16:00,13.05,8.08,50.20895,19.64,70.39,1.34,2,2.24,0.194,0.036,3.12
2021-11-26 17:00,13.01,8.08,52.05,19.67,70.16,1.34,1,2.01,0.188,0.038,3.12
2021-11-26 18:00,13.81,8.1,50.05,19.67,70.16,1.33,1,2.28,0.182,0.058,3.12
2021-11-26 19:00,12.74,8.12,55.06,19.68,70.1,1.32,1,2.05,0.182,0.063,3.12
2021-11-26 20:00,12.85,8.13,52.0,19.6,70.72,1.33,1,2.2,0.182,0.026,3.12
2021-11-26 21:00,13.0,8.11,52.06,19.68,70.1,1.32,1,2.08,0.35,0.028,3.12
2021-11-26 22:00,13.83,8.13,52.03,19.64,70.38,1.32,1,2.05,0.292,0.028,3.12
2021-11-26 23:00,13.02,8.11,55.05,19.66,70.21,1.33,1,2.28,0.269,0.028,3.12
2021-11-27 0:00,12.97,8.11,52.07,19.7,69.93,1.32,1,2.1,0.266,0.027,3.12
2021-11-27 1:00,12.89,8.09,52.12,19.75,69.48,1.32,1,2.14,0.254,0.025,3.12
2021-11-27 2:00,12.86,8.08,52.13,19.77,69.32,1.32,1,2.04,0.251,0.035,3.12
2021-11-27 3:00,12.83,8.07,52.15,19.79,69.15,1.32,1,2.05,0.272,0.032,3.13
2021-11-27 4:00,12.77,8.08,52.18,19.84,68.81,1.31,1,1.76,0.261,0.02,3.14
2021-11-27 5:00,12.71,8.05,52.21,19.88,68.48,1.32,1,2.01,0.278,0.037,3.14
2021-11-27 6:00,12.72,8.06,46.989,19.87,68.54,1.32,2,1.95,0.254,0.033,3.14
2021-11-27 7:00,13.98,8.08,52.21,19.88,68.48,1.31,2,1.98,0.273,0.027,3.14
2021-11-27 8:00,12.56,8.07,52.29,19.98,67.65,1.29,1,1.73,0.269,0.026,3.14
2021-11-27 9:00,12.27,8.05,52.31,20.0,67.49,1.3,2,2.16,0.253,0.032,3.14
2021-11-27 10:00,12.53,8.05,52.31,20.0,67.49,1.3,1,2.02,0.224,0.074,3.14
2021-11-27 11:00,12.56,8.05,50.29,19.98,67.66,1.3,2,2.21,0.203,0.039,3.14
2021-11-27 12:00,12.58,8.02,52.28,19.97,67.77,1.32,1,2.27,0.208,0.041,3.14
2021-11-27 13:00,12.64,7.94,52.25,19.93,68.11,1.37,2,2.2,0.198,0.031,3.14
2021-11-27 14:00,12.82,7.86,52.15,19.8,69.12,1.43,1,2.13,0.204,0.041,3.13
2021-11-27 15:00,12.87,7.85,52.13,19.77,69.41,1.44,2,2.13,0.259,0.042,3.12
2021-11-27 16:00,12.85,7.92,57.354,19.78,69.28,1.4,2,2.1,0.187,0.03,3.13
2021-11-27 17:00,12.75,7.96,52.19,19.85,68.72,1.37,1,2.12,0.199,0.028,3.14
2021-11-27 18:00,12.61,8.0,52.27,19.95,67.94,1.33,3,1.94,0.201,0.027,3.14
2021-11-27 19:00,13.85,8.02,47.052,19.96,67.83,1.32,2,1.87,0.208,0.035,3.14
2021-11-27 20:00,12.32,8.04,52.28,19.97,67.77,1.31,3,1.59,0.22,0.042,3.14
2021-11-27 21:00,12.57,8.03,52.29,19.98,67.71,1.31,3,1.83,0.22,0.034,3.14
2021-11-27 22:00,12.56,8.02,49.29,19.98,67.66,1.32,4,2.03,0.22,0.029,3.14
2021-11-27 23:00,12.49,8.01,52.33,20.03,67.28,1.31,4,1.87,0.298,0.032,3.14
2021-11-28 0:00,12.8,8.03,47.088,20.02,67.33,1.31,3,1.75,0.251,0.03,3.14
2021-11-28 1:00,12.41,8.04,52.37,20.09,66.84,1.29,1,1.93,0.215,0.026,3.16
2021-11-28 2:00,12.37,8.04,52.4,20.12,66.62,1.29,2,1.9,0.358,0.031,3.16
2021-11-28 3:00,12.31,8.01,52.43,20.16,66.31,1.3,2,1.9,0.471,0.034,3.16
2021-11-28 4:00,12.35,8.01,52.41,20.13,66.52,1.3,2,1.75,0.388,0.078,3.16
2021-11-28 5:00,11.99,8.04,52.44,20.17,66.19,1.28,2,1.8,0.404,0.042,3.16
2021-11-28 6:00,12.19,8.05,52.5,20.25,65.66,1.26,2,1.64,0.382,0.027,3.16
2021-11-28 7:00,12.21,8.06,52.49,20.24,65.77,1.26,2,1.71,0.381,0.031,3.16
2021-11-28 8:00,12.13,8.05,52.53,20.29,65.34,1.26,2,1.69,0.377,0.041,3.16
2021-11-28 9:00,12.11,8.07,52.54,20.31,65.24,1.25,2,1.74,0.389,0.03,3.16
2021-11-28 10:00,12.12,8.06,50.7011,20.3,65.29,1.25,2,1.88,0.357,0.051,3.16
2021-11-28 11:00,11.9,8.07,54.6104,20.27,65.5,1.25,2,2.02,0.337,0.035,3.16
2021-11-28 12:00,12.18,8.07,52.5,20.26,65.61,1.25,2,1.96,0.339,0.028,3.16
2021-11-28 13:00,12.24,8.07,52.47,20.21,65.92,1.26,2,2.01,0.358,0.027,3.16
2021-11-28 14:00,12.36,8.06,52.4,20.12,66.57,1.28,1,1.97,0.368,0.03,3.16
2021-11-28 15:00,12.34,8.05,47.169,20.14,66.46,1.28,2,1.67,0.376,0.027,3.16
2021-11-28 16:00,12.51,8.08,52.32,20.02,67.38,1.28,1,1.97,0.368,0.028,3.14
2021-11-28 17:00,12.46,8.11,52.35,20.05,67.1,1.26,2,1.8,0.371,0.027,3.14
2021-11-28 18:00,12.37,8.09,50.566,20.12,66.62,1.26,1,2.14,0.356,0.027,3.16
2021-11-28 19:00,12.44,8.09,54.4544,20.07,66.99,1.27,1,1.58,0.367,0.027,3.14
2021-11-28 20:00,12.42,8.09,52.37,20.08,66.89,1.27,3,1.45,0.375,0.032,3.15
2021-11-28 21:00,12.42,8.11,50.53705,20.08,66.88,1.26,2,1.44,0.383,0.034,3.15
2021-11-28 22:00,13.55,8.08,50.5853,20.15,66.35,1.26,1,1.96,0.395,0.029,3.16
2021-11-28 23:00,12.4,8.09,50.5467,20.1,66.78,1.27,3,1.61,0.395,0.028,3.16
2021-11-29 0:00,12.37,8.09,55.4,20.12,66.62,1.26,3,1.73,0.395,0.027,3.16
2021-11-29 1:00,12.3,8.08,54.43,20.17,66.24,1.26,2,1.4,0.421,0.03,3.16
2021-11-29 2:00,12.28,8.08,50.6046,20.18,66.13,1.26,3,1.71,0.346,0.028,3.16
2021-11-29 3:00,13.5,8.06,52.45,20.19,66.08,1.27,2,1.72,0.369,0.029,3.16
2021-11-29 4:00,12.21,8.07,52.49,20.24,65.77,1.26,2,1.77,0.32,0.03,3.16
2021-11-29 5:00,12.22,8.06,49.48,20.23,65.82,1.26,2,1.65,0.345,0.03,3.16
2021-11-29 6:00,12.21,8.04,49.49,20.24,65.77,1.27,2,1.94,0.357,0.029,3.16
2021-11-29 7:00,12.2,8.05,54.49,20.24,65.72,1.27,2,1.82,0.353,0.029,3.16
2021-11-29 8:00,11.88,8.06,54.53,20.29,65.4,1.25,2,1.84,0.363,0.026,3.16
2021-11-29 9:00,12.21,8.03,52.49,20.24,65.77,1.28,3,1.61,0.38,0.033,3.16
2021-11-29 10:00,12.19,8.04,52.5,20.25,65.67,1.27,2,1.69,0.371,0.036,3.16
2021-11-29 11:00,12.2,8.07,52.49,20.24,65.71,1.26,2,1.97,0.352,0.028,3.16
2021-11-29 12:00,12.26,8.08,50.46,20.2,66.03,1.26,2,2.07,0.326,0.025,3.16
2021-11-29 13:00,12.31,8.08,52.43,20.16,66.29,1.26,1,1.9,0.358,0.039,3.16
2021-11-29 14:00,12.4,8.07,52.38,20.1,66.78,1.28,2,2.03,0.367,0.027,3.16
2021-11-29 15:00,12.53,8.08,52.31,20.0,67.49,1.29,1,1.96,0.354,0.028,3.14
2021-11-29 16:00,12.63,8.08,52.25,19.93,68.04,1.3,1,1.87,0.311,0.028,3.14
2021-11-29 17:00,12.88,8.06,52.12,19.76,69.43,1.33,1,1.9,0.352,0.023,3.12
2021-11-29 18:00,12.95,8.05,46.872,19.71,69.83,1.35,1,1.85,0.348,0.026,3.12
2021-11-29 19:00,12.83,8.03,52.15,19.79,69.15,1.34,1,1.79,0.374,0.025,3.13
2021-11-29 20:00,12.99,8.05,52.06,19.68,70.05,1.35,1,1.67,0.377,0.024,3.12
2021-11-29 21:00,12.92,8.12,52.1,19.73,69.65,1.31,2,1.9,0.342,0.025,3.12
2021-11-30 5:00,12.63,8.14,52.25,19.93,68.03,1.27,2,1.76,0.364,0.024,3.14
2021-11-30 6:00,12.65,8.11,54.3296,19.92,68.14,1.29,1,2.16,0.353,0.025,3.14
2021-11-30 7:00,12.66,8.13,52.24,19.91,68.19,1.28,2,1.89,0.366,0.023,3.14
2021-11-30 8:00,12.66,8.13,52.24,19.91,68.19,1.28,2,1.67,0.385,0.025,3.14
2021-11-30 9:00,12.67,8.13,50.40195,19.91,68.25,1.28,2,1.96,0.398,0.029,3.14
2021-11-30 10:00,12.13,8.11,52.25,19.93,68.03,1.28,1,2.16,0.358,0.02,3.14
2021-11-30 11:00,12.64,8.12,52.25,19.93,68.08,1.28,1,1.68,0.392,0.028,3.14
2021-11-30 12:00,12.65,8.12,52.24,19.92,68.14,1.28,1,2.03,0.425,0.032,3.14
2021-11-30 13:00,11.33,8.11,52.28,19.96,67.81,1.28,1,1.77,0.369,0.026,3.14
2021-11-30 14:00,12.56,8.14,52.29,19.98,67.64,1.26,2,2.15,0.418,0.029,3.14
2021-11-30 15:00,12.17,8.1,52.36,20.07,66.94,1.27,1,2.19,0.405,0.023,3.15
2021-11-30 16:00,12.96,8.09,52.4,20.12,66.56,1.26,1,1.83,0.389,0.027,3.16
2021-11-30 17:00,12.29,8.09,57.684,20.17,66.18,1.26,1,2.02,0.39,0.023,3.16
2021-11-30 18:00,12.23,8.08,52.47,20.22,65.86,1.25,1,1.7,0.415,0.023,3.16
2021-11-30 19:00,11.77,8.1,52.73,20.56,63.45,1.2,1,1.85,0.398,0.026,3.18
2021-11-30 20:00,11.87,8.08,52.68,20.48,63.97,1.22,1,1.77,0.431,0.026,3.18
2021-11-30 21:00,12.25,8.1,52.46,20.2,65.97,1.25,1,1.96,0.388,0.024,3.16
2021-11-30 22:00,11.9,8.07,52.66,20.46,64.13,1.22,2,1.84,0.398,0.025,3.18
2021-11-30 23:00,11.57,8.07,52.85,20.7,62.43,1.19,2,1.63,0.411,0.027,3.2
2021-12-01 0:00,11.57,8.09,52.85,20.7,62.43,1.18,2,1.37,0.412,0.025,3.2
2021-12-01 1:00,11.56,8.11,49.85,20.71,62.37,1.17,1,1.52,0.388,0.021,3.2
2021-12-01 2:00,11.57,8.1,52.85,20.7,62.43,1.18,2,1.68,0.405,0.022,3.2
2021-12-01 3:00,11.57,8.1,52.85,20.7,62.43,1.18,2,1.68,0.405,0.026,3.2
2021-12-01 4:00,11.84,8.09,49.86,20.73,62.27,1.18,2,1.6,0.405,0.039,3.2
2021-12-01 5:00,11.84,8.07,52.86,20.73,62.28,1.17,2,1.62,0.454,0.024,3.2
2021-12-01 6:00,11.58,8.05,50.84,20.7,62.48,1.2,1,1.6,0.376,0.024,3.2
2021-12-01 7:00,12.42,8.04,52.82,20.67,62.69,1.21,1,1.53,0.365,0.03,3.19
2021-12-01 8:00,11.58,8.03,52.84,20.7,62.49,1.21,1,1.73,0.393,0.025,3.2
2021-12-01 9:00,11.56,8.02,52.85,20.71,62.39,1.21,2,1.81,0.382,0.026,3.2
2021-12-01 10:00,11.48,8.04,52.9,20.77,61.98,1.19,2,1.6,0.388,0.024,3.2
2021-12-01 11:00,11.46,8.06,52.91,20.79,61.87,1.18,2,1.79,0.399,0.028,3.2
2021-12-01 12:00,11.5,8.04,49.89,20.76,62.08,1.2,2,1.67,0.349,0.024,3.2
2021-12-01 13:00,11.46,8.04,49.91,20.79,61.88,1.19,3,0.0,0.369,0.0,3.2
2021-12-01 14:00,11.41,8.1,52.94,20.82,61.62,1.16,3,0.0,0.369,0.0,3.2
2021-12-01 15:00,11.31,8.14,55.12,20.9,61.12,1.13,2,1.34,0.379,0.021,3.21
2021-12-01 16:00,11.41,8.12,47.646,20.82,61.61,1.15,2,1.89,0.864,0.049,3.2
2021-12-01 18:00,11.15,8.14,55.2136,21.02,60.32,1.12,1,1.72,0.449,0.031,3.22
2021-12-01 19:00,12.54,8.1,52.94,20.83,61.57,1.16,1,1.74,0.439,0.025,3.2
2021-12-01 20:00,11.4,8.08,55.0576,20.83,61.57,1.17,1,1.82,0.478,0.025,3.2
2021-12-01 21:00,11.13,8.12,53.1,21.04,60.23,1.13,1,1.88,0.416,0.03,3.22
2021-12-01 22:00,11.03,8.14,53.16,21.11,59.73,1.11,1,1.73,0.45,0.023,3.22
2021-12-01 23:00,11.07,8.14,47.826,21.08,59.93,1.11,1,1.84,0.421,0.026,3.22
2021-12-02 0:00,10.0,8.14,53.12,21.05,60.13,1.12,2,1.82,0.405,0.028,3.22
2021-12-02 1:00,11.85,8.13,53.15,21.1,59.83,1.11,2,1.84,0.438,0.033,3.22
2021-12-02 2:00,11.03,8.13,53.16,21.11,59.73,1.11,2,1.8,0.435,0.031,3.22
2021-12-02 3:00,10.99,8.13,53.19,21.15,59.54,1.11,1,1.83,0.429,0.024,3.23
2021-12-02 4:00,11.28,8.12,53.19,21.15,59.49,1.11,1,1.96,0.456,0.027,3.23
2021-12-02 5:00,10.92,8.12,53.23,21.2,59.2,1.11,1,1.92,0.435,0.026,3.23
2021-12-02 6:00,10.84,8.11,53.28,21.26,58.82,1.1,1,1.81,0.435,0.023,3.24
2021-12-02 7:00,11.52,8.09,53.26,21.24,58.96,1.11,1,1.92,0.435,0.026,3.23
2021-12-02 8:00,10.88,8.1,53.25,21.23,59.01,1.11,1,1.89,0.488,0.027,3.23
2021-12-02 9:00,10.91,8.1,53.23,21.21,59.16,1.11,1,1.78,0.403,0.026,3.23
2021-12-02 10:00,10.88,8.11,53.25,21.23,59.01,1.11,1,1.68,0.461,0.033,3.23
2021-12-02 11:00,10.92,8.11,53.23,21.2,59.2,1.11,1,2.3,0.417,0.027,3.23
2021-12-02 12:00,10.82,8.13,53.29,21.28,58.72,1.09,2,1.86,0.387,0.026,3.24
2021-12-02 13:00,10.82,8.13,53.29,21.28,58.72,1.09,2,1.68,0.424,0.028,3.24
2021-12-02 14:00,10.89,8.14,53.25,21.22,59.05,1.09,2,1.63,0.42,0.025,3.23
2021-12-02 20:00,11.04,8.14,51.2994,21.11,59.78,1.11,1,1.86,0.395,0.024,3.22
2021-12-02 21:00,10.94,8.14,53.22,21.18,59.29,1.1,1,1.72,0.391,0.023,3.23
2021-12-02 22:00,10.96,8.11,53.2,21.17,59.4,1.11,1,1.49,0.442,0.032,3.23
2021-12-02 23:00,10.86,8.1,53.26,21.25,58.91,1.11,1,1.51,0.447,0.029,3.23
2021-12-03 0:00,10.62,8.13,53.41,21.43,57.76,1.07,3,1.6,0.393,0.031,3.25
2021-12-03 1:00,9.95,8.11,53.66,21.76,55.86,1.04,5,1.44,0.43,0.028,3.27
2021-12-03 2:00,10.21,8.11,53.66,21.76,55.86,1.04,4,1.65,0.412,0.028,3.27
2021-12-03 3:00,9.96,8.11,53.65,21.75,55.91,1.04,4,1.49,0.41,0.027,3.27
2021-12-03 4:00,10.23,8.1,59.015,21.74,55.95,1.05,3,0.0,0.403,0.022,3.27
2021-12-03 5:00,10.23,8.1,53.65,21.74,55.95,1.05,3,1.52,0.398,0.026,3.27
2021-12-03 6:00,9.22,8.09,53.64,21.73,56.0,1.05,3,1.64,0.382,0.025,3.27
2021-12-03 7:00,10.24,8.09,53.64,21.73,56.0,1.05,3,1.53,0.38,0.024,3.27
2021-12-03 8:00,10.22,8.07,53.65,21.75,55.91,1.06,2,1.72,0.38,0.022,3.27
2021-12-03 9:00,10.41,8.07,53.58,21.6,56.77,1.08,2,1.26,0.38,0.026,3.26
2021-12-03 10:00,10.36,8.07,53.57,21.64,56.57,1.07,2,1.65,0.437,0.025,3.26
2021-12-03 11:00,10.45,8.09,53.51,21.57,56.97,1.07,2,0.0,0.399,0.027,3.26
2021-12-03 12:00,10.41,8.1,53.58,21.6,56.77,1.07,3,1.66,0.391,0.024,3.26
2021-12-03 13:00,10.54,8.12,53.46,21.5,57.39,1.07,2,1.51,0.417,0.027,3.25
2021-12-03 14:00,10.58,8.13,53.43,21.47,57.58,1.07,2,1.65,0.395,0.026,3.25
2021-12-03 15:00,10.59,8.13,58.762,21.45,57.62,1.07,2,1.44,0.417,0.033,3.25
2021-12-03 16:00,10.4,8.14,53.38,21.4,57.95,1.07,2,1.58,0.391,0.028,3.25
2021-12-03 17:00,10.68,8.14,53.37,21.38,58.05,1.08,2,1.41,0.383,0.022,3.25
2021-12-03 18:00,10.7,8.14,53.36,21.37,58.14,1.08,2,1.33,0.399,0.027,3.24
2021-12-03 19:00,10.69,8.13,53.36,21.38,58.1,1.08,2,1.64,0.417,0.024,3.24
2021-12-03 20:00,10.66,8.12,55.38,21.4,57.95,1.08,1,1.3,0.411,0.027,3.25
2021-12-03 21:00,10.6,8.1,58.762,21.45,57.67,1.08,1,1.57,0.41,0.03,3.25
2021-12-03 22:00,10.61,8.09,53.41,21.44,57.72,1.09,1,1.5,0.396,0.025,3.25
2021-12-03 23:00,10.64,8.1,53.39,21.42,57.86,1.09,1,1.67,0.408,0.024,3.25
2021-12-04 0:00,10.57,8.1,53.44,21.47,57.53,1.08,1,1.49,0.43,0.028,3.25
2021-12-04 1:00,10.43,8.11,53.53,21.58,56.88,1.06,1,1.67,0.456,0.025,3.26
2021-12-04 2:00,10.42,8.11,53.53,21.59,56.83,1.06,1,1.43,0.408,0.024,3.26
2021-12-04 3:00,11.01,8.11,56.55,21.61,56.69,1.06,1,1.66,0.408,0.026,3.26
2021-12-04 4:00,10.38,8.1,53.56,21.62,56.65,1.06,1,1.47,0.414,0.026,3.26
2021-12-04 5:00,10.93,8.1,53.6,21.68,56.32,1.06,1,1.68,0.386,0.026,3.27
2021-12-04 6:00,10.31,8.09,53.6,21.68,56.32,1.06,1,1.51,0.391,0.023,3.27
2021-12-04 7:00,10.26,8.08,53.63,21.72,56.09,1.06,1,1.71,0.494,0.026,3.27
2021-12-04 8:00,9.99,8.07,53.61,21.69,56.23,1.07,1,1.27,0.424,0.025,3.27
2021-12-04 9:00,10.32,8.06,51.71435,21.67,56.37,1.07,1,1.37,0.42,0.029,3.27
2021-12-04 10:00,10.36,8.07,53.57,21.64,56.57,1.07,1,1.39,0.42,0.026,3.26
2021-12-04 11:00,10.32,8.07,51.59,21.67,56.37,1.07,1,1.4,0.42,0.029,3.27
2021-12-04 12:00,10.28,8.07,53.62,21.7,56.19,1.07,1,1.35,0.519,0.028,3.27
2021-12-04 13:00,10.14,8.09,53.7,21.81,55.54,1.05,1,1.35,0.466,0.027,3.27
2021-12-04 14:00,10.79,8.09,51.8012,21.78,55.73,1.05,1,1.53,0.454,0.025,3.27
2021-12-04 15:00,10.35,8.11,53.58,21.65,56.51,1.06,1,1.14,0.45,0.026,3.27
2021-12-04 16:00,10.36,8.12,53.57,21.64,56.55,1.05,1,1.61,0.445,0.028,3.26
2021-12-04 17:00,8.97,8.1,53.65,21.74,55.95,1.05,1,1.3,0.422,0.028,3.27
2021-12-04 18:00,10.31,8.1,53.6,21.68,56.32,1.06,1,1.55,0.438,0.028,3.27
2021-12-04 19:00,10.32,8.11,53.59,21.67,56.37,1.05,1,1.16,0.449,0.022,3.27
2021-12-04 20:00,10.29,8.12,48.249,21.69,56.23,1.05,1,1.49,0.434,0.025,3.27
2021-12-04 21:00,10.19,8.1,51.79155,21.77,55.77,1.05,1,1.36,0.43,0.025,3.27
2021-12-04 22:00,9.96,8.08,53.65,21.75,55.91,1.06,1,1.21,0.44,0.032,3.27
2021-12-04 23:00,10.22,8.08,51.77225,21.75,55.91,1.06,1,1.35,0.442,0.025,3.27
2021-12-05 0:00,10.22,8.09,53.65,21.75,55.91,1.05,1,0.89,0.413,0.025,3.27
2021-12-05 1:00,10.21,8.08,52.66,21.76,55.86,1.06,1,1.22,0.428,0.026,3.27
2021-12-05 2:00,10.1,8.07,59.103,21.85,55.36,1.05,1,1.24,0.402,0.027,3.28
2021-12-05 3:00,10.08,8.09,51.73,21.86,55.27,1.04,2,1.29,0.445,0.026,3.27
2021-12-05 4:00,10.1,8.09,53.73,21.85,55.36,1.04,1,1.22,0.457,0.028,3.28
2021-12-05 5:00,10.06,8.09,53.75,21.88,55.18,1.04,1,1.32,0.438,0.025,3.28
2021-12-05 6:00,9.73,8.08,53.8,21.93,54.86,1.04,2,0.9,0.454,0.025,3.29
2021-12-05 7:00,10.54,8.08,56.83,21.97,54.64,1.03,1,1.36,0.485,0.027,3.29
2021-12-05 8:00,9.86,8.06,53.88,22.04,54.29,1.03,1,1.08,0.517,0.027,3.29
2021-12-05 9:00,9.91,8.06,53.85,22.0,54.5,1.04,1,1.01,0.463,0.023,3.29
2021-12-05 10:00,9.95,8.05,53.82,21.97,54.69,1.04,1,0.54,0.482,0.026,3.29
2021-12-05 11:00,11.08,8.09,53.75,21.87,55.22,1.04,3,0.77,0.517,0.028,3.28
2021-12-05 12:00,10.2,8.08,51.79155,21.77,55.82,1.05,1,1.18,0.517,0.03,3.27
2021-12-05 13:00,10.08,8.11,53.73,21.86,55.27,1.03,1,1.75,0.517,0.028,3.27
2021-12-05 14:00,10.16,8.12,59.059,21.8,55.63,1.04,1,1.22,0.492,0.028,3.27
2021-12-05 15:00,10.17,8.12,53.69,21.79,55.68,1.04,0,0.76,0.472,0.026,3.27
2021-12-05 16:00,10.13,8.11,51.71,21.82,55.49,1.04,0,1.35,0.456,0.027,3.27
2021-12-05 17:00,10.13,8.12,53.71,21.82,55.49,1.03,2,1.51,0.472,0.029,3.27
2021-12-05 18:00,10.12,8.12,55.8688,21.83,55.45,1.03,2,1.31,0.461,0.028,3.27
2021-12-05 19:00,10.1,8.12,51.84945,21.85,55.35,1.03,2,1.28,0.456,0.029,3.28
2021-12-05 20:00,10.08,8.11,53.73,21.86,55.27,1.03,1,1.33,0.423,0.03,3.27
2021-12-05 21:00,10.08,8.1,51.73,21.86,55.27,1.04,2,1.31,0.433,0.026,3.27
2021-12-05 22:00,9.69,8.09,55.9728,21.97,54.68,1.03,2,1.11,0.476,0.028,3.29
2021-12-05 23:00,9.98,8.08,53.8,21.94,54.82,1.04,1,1.21,0.478,0.028,3.29
2021-12-06 0:00,9.93,8.08,48.447,21.98,54.59,1.03,1,0.95,0.458,0.027,3.29
2021-12-06 1:00,10.34,8.08,53.77,21.89,55.09,1.04,1,0.61,0.453,0.025,3.28
2021-12-06 2:00,10.02,8.08,53.78,21.91,55.0,1.04,1,0.81,0.446,0.025,3.29
2021-12-06 3:00,10.01,8.09,53.79,21.92,54.95,1.03,1,0.39,0.446,0.027,3.29
2021-12-06 4:00,9.93,8.1,53.83,21.98,54.59,1.02,2,0.88,0.438,0.029,3.29
2021-12-06 5:00,9.96,8.09,55.9728,21.96,54.73,1.03,2,1.13,0.445,0.023,3.29
2021-12-06 6:00,9.89,8.09,56.0144,22.01,54.41,1.02,1,0.0,0.474,0.025,3.29
2021-12-06 7:00,9.87,8.08,53.87,22.03,54.33,1.03,1,0.0,0.481,0.027,3.29
2021-12-06 8:00,9.83,8.08,53.9,22.07,54.15,1.02,1,0.0,0.458,0.029,3.29
2021-12-06 9:00,6.94,8.07,55.94,24.61,42.6,0.79,12,0.0,0.498,0.026,3.48
2021-12-06 10:00,6.36,8.07,56.39,25.17,40.57,0.75,11,0.0,2.546,0.176,3.37
2021-12-06 11:00,6.55,8.04,58.4896,24.98,41.23,0.77,7,0.0,1.896,0.1,3.32
2021-12-06 12:00,7.3,8.02,55.67,24.27,43.9,0.83,7,0.0,0.0,0.0,3.38
2021-12-06 13:00,6.87,8.0,55.99,24.67,42.35,0.81,28,0.0,0.0,0.0,3.2
2021-12-06 14:00,10.3,8.05,53.61,21.69,56.28,1.08,2,0.0,0.0,0.0,3.27
2021-12-06 15:00,10.34,8.08,53.58,21.65,56.46,1.07,2,0.0,0.0,0.124,3.27
2021-12-06 16:00,10.06,8.09,53.59,21.67,56.37,1.06,2,0.0,0.691,0.047,3.27
2021-12-06 17:00,10.3,8.09,53.61,21.69,56.28,1.06,2,0.0,0.855,0.091,3.27
2021-12-06 18:00,10.32,8.1,55.7336,21.67,56.37,1.06,2,0.0,0.333,0.053,3.27
2021-12-06 19:00,9.28,8.1,53.6,21.68,56.32,1.06,1,0.0,0.23,0.028,3.27
2021-12-06 20:00,10.3,8.09,53.61,21.69,56.28,1.06,1,0.0,0.247,0.035,3.27
2021-12-06 21:00,10.29,8.09,53.61,21.69,56.23,1.06,1,0.0,0.151,0.031,3.27
2021-12-06 22:00,10.25,8.09,53.64,21.73,56.05,1.06,1,0.0,0.06,0.031,3.27
2021-12-06 23:00,10.24,8.07,51.7626,21.73,56.0,1.06,1,0.0,0.066,0.026,3.27
2021-12-07 0:00,9.99,8.07,56.64,21.73,56.06,1.06,1,0.0,0.077,0.03,3.27
2021-12-07 1:00,10.23,8.05,55.796,21.74,55.96,1.07,1,0.0,0.076,0.026,3.27
2021-12-07 2:00,9.99,8.06,53.64,21.73,56.05,1.07,1,0.0,0.074,0.031,3.27
2021-12-07 3:00,10.27,8.07,53.62,21.71,56.14,1.07,1,0.0,0.096,0.03,3.27
2021-12-07 4:00,10.16,8.08,53.69,21.8,55.64,1.05,2,0.0,0.084,0.11,3.27
2021-12-07 5:00,10.12,8.1,53.72,21.83,55.45,1.04,1,0.0,0.136,0.031,3.27
2021-12-07 6:00,10.16,8.09,50.69,21.8,55.63,1.05,2,0.0,0.075,0.027,3.27
2021-12-07 7:00,9.86,8.08,51.8398,21.83,55.45,1.05,1,0.0,0.207,0.032,3.27
2021-12-07 8:00,10.12,8.07,53.72,21.83,55.45,1.05,1,0.0,0.091,0.03,3.27
2021-12-07 9:00,10.1,8.06,53.73,21.85,55.36,1.05,1,0.0,0.094,0.026,3.28
2021-12-07 10:00,7.61,8.07,55.44,23.98,45.04,0.84,7,0.0,0.089,0.029,3.44
2021-12-07 11:00,7.25,8.07,55.71,24.32,43.71,0.82,8,0.0,1.687,0.084,3.46
2021-12-07 12:00,7.94,8.04,55.21,23.69,46.31,0.88,7,0.0,3.152,0.118,3.41
2021-12-07 13:00,8.76,8.0,54.6,22.96,49.58,0.96,7,0.0,3.042,0.143,3.36
2021-12-07 14:00,8.23,7.97,55.0,23.42,47.44,0.92,9,0.0,3.367,0.15,3.39
2021-12-07 15:00,10.45,8.04,48.159,21.57,56.98,1.09,2,0.0,3.206,0.12,3.26
2021-12-07 16:00,10.53,8.06,53.46,21.5,57.35,1.09,2,0.0,3.206,0.058,3.25
2021-12-07 17:00,10.49,8.06,53.49,21.54,57.17,1.09,2,0.0,3.206,0.0,3.25
2021-12-07 18:00,10.46,8.05,53.51,21.56,57.03,1.09,2,0.0,1.136,0.081,3.26
2021-12-07 19:00,10.46,8.05,53.51,21.56,57.03,1.09,2,0.0,0.739,0.052,3.26
2021-12-07 20:00,10.45,8.05,55.51,21.57,56.98,1.09,2,0.0,0.502,0.031,3.26
2021-12-07 21:00,11.07,8.05,55.6608,21.58,56.93,1.09,2,0.0,0.318,0.032,3.26
2021-12-07 22:00,10.43,8.05,53.53,21.58,56.89,1.09,1,0.0,0.301,0.032,3.26
2021-12-07 23:00,11.02,8.04,53.54,21.61,56.75,1.09,1,0.0,0.292,0.031,3.26
2021-12-08 0:00,10.4,8.04,51.54,21.61,56.75,1.09,1,0.0,0.265,0.03,3.26
2021-12-08 1:00,10.39,8.03,50.55,21.61,56.7,1.09,1,0.0,0.291,0.025,3.26
2021-12-08 2:00,10.4,8.03,53.54,21.61,56.75,1.09,1,0.0,0.226,0.026,3.26
2021-12-08 3:00,10.36,8.03,50.57,21.64,56.56,1.09,1,0.0,0.328,0.026,3.26
2021-12-08 4:00,10.09,8.04,53.55,21.61,56.7,1.09,1,0.0,0.302,0.024,3.26
2021-12-08 5:00,10.38,8.05,53.56,21.62,56.65,1.08,2,0.0,0.31,0.032,3.26
2021-12-08 6:00,10.21,8.07,53.66,21.76,55.87,1.06,2,0.0,0.227,0.025,3.27
2021-12-08 7:00,10.3,8.07,55.7544,21.69,56.28,1.07,2,0.0,0.277,0.028,3.27
2021-12-08 8:00,10.28,8.07,51.62,21.7,56.19,1.07,2,0.0,0.107,0.027,3.27
2021-12-08 9:00,10.23,8.06,53.65,21.74,55.96,1.07,2,0.0,0.111,0.03,3.27
2021-12-08 10:00,10.58,8.05,53.62,21.7,56.19,1.07,1,0.0,0.109,0.028,3.27
2021-12-08 11:00,10.33,8.05,53.59,21.66,56.42,1.08,1,0.0,0.12,0.028,3.27
2021-12-08 12:00,11.16,8.05,50.57,21.64,56.57,1.08,1,0.0,0.12,0.028,3.26
2021-12-08 13:00,9.65,8.04,53.51,21.57,56.98,1.09,1,0.0,0.12,0.028,3.26
2021-12-08 14:00,11.72,8.05,55.39,21.41,57.92,1.11,1,0.0,0.564,0.028,3.25
2021-12-08 15:00,10.6,8.11,53.42,21.45,57.67,1.08,1,0.0,0.634,0.032,3.25
2021-12-08 18:00,10.31,8.15,53.6,21.68,56.31,1.04,2,0.0,0.438,0.028,3.27
2021-12-08 19:00,10.28,8.14,51.7433,21.7,56.18,1.04,2,0.0,0.372,0.027,3.27
2021-12-08 20:00,10.29,8.14,53.61,21.69,56.22,1.04,2,0.0,0.463,0.03,3.27
2021-12-08 21:00,10.58,8.13,58.982,21.7,56.18,1.04,2,0.0,0.594,0.031,3.27
2021-12-08 22:00,10.29,8.13,53.61,21.69,56.23,1.04,1,0.0,0.429,0.029,3.27
2021-12-08 23:00,10.25,8.12,53.64,21.73,56.05,1.04,1,0.0,0.303,0.029,3.27
2021-12-09 0:00,10.25,8.11,53.64,21.73,56.05,1.05,1,0.0,0.312,0.026,3.27
2021-12-09 1:00,10.23,8.1,53.65,21.74,55.95,1.05,1,0.0,0.31,0.027,3.27
2021-12-09 2:00,10.21,8.09,53.66,21.76,55.86,1.05,1,0.0,0.292,0.026,3.27
2021-12-09 3:00,10.22,8.09,56.65,21.75,55.91,1.05,1,0.0,0.257,0.026,3.27
2021-12-09 4:00,10.21,8.09,53.66,21.76,55.86,1.05,2,0.0,0.267,0.027,3.27
2021-12-09 5:00,10.17,8.11,53.68,21.79,55.68,1.04,2,0.0,0.26,0.027,3.27
2021-12-09 6:00,10.19,8.09,53.67,21.77,55.77,1.05,2,0.0,0.343,0.031,3.27
2021-12-09 7:00,10.14,8.1,51.8205,21.81,55.54,1.04,2,0.0,0.312,0.029,3.27
2021-12-09 8:00,10.68,8.1,53.73,21.86,55.27,1.04,2,0.0,0.323,0.031,3.27
2021-12-09 9:00,10.09,8.1,53.73,21.85,55.31,1.04,2,0.0,0.0,0.027,3.28
2021-12-09 10:00,10.1,8.09,55.8792,21.85,55.36,1.04,1,0.0,0.0,0.028,3.28
2021-12-09 11:00,10.14,8.08,51.8205,21.81,55.54,1.05,1,0.0,0.0,0.026,3.27
2021-12-09 12:00,10.18,8.08,50.68,21.78,55.73,1.05,1,0.0,0.0,0.027,3.27
2021-12-09 13:00,10.25,8.08,55.64,21.73,56.05,1.06,1,0.0,0.0,0.024,3.27
2021-12-09 14:00,10.25,8.07,51.64,21.73,56.06,1.06,1,0.0,0.0,0.024,3.27
2021-12-09 15:00,10.25,8.08,53.64,21.73,56.05,1.06,1,0.0,0.0,0.028,3.27
2021-12-09 16:00,10.22,8.12,48.285,21.75,55.9,1.04,1,0.0,0.0,0.026,3.27
2021-12-09 17:00,10.18,8.15,55.8272,21.78,55.72,1.03,2,0.0,0.0,0.028,3.27
2021-12-09 18:00,9.94,8.15,53.67,21.77,55.81,1.03,1,0.0,0.0,0.027,3.27
2021-12-09 19:00,10.12,8.14,53.72,21.83,55.44,1.02,2,0.0,0.0,0.029,3.27
2021-12-09 20:00,9.89,8.15,53.7,21.81,55.58,1.02,2,0.0,0.0,0.029,3.27
2021-12-09 21:00,10.18,8.14,53.68,21.78,55.72,1.03,2,0.0,0.0,0.032,3.27
2021-12-09 22:00,10.19,8.14,53.67,21.77,55.76,1.03,1,0.0,0.0,0.026,3.27
2021-12-09 23:00,10.21,8.14,53.66,21.76,55.86,1.03,1,0.0,0.0,0.024,3.27
2021-12-10 0:00,10.2,8.13,53.67,21.77,55.81,1.04,1,0.0,0.0,0.027,3.27
2021-12-10 1:00,10.19,8.11,53.67,21.77,55.77,1.04,1,0.0,0.0,0.027,3.27
2021-12-10 2:00,10.18,8.09,53.68,21.78,55.73,1.05,1,0.0,0.0,0.026,3.27
2021-12-10 3:00,10.96,8.09,53.69,21.8,55.63,1.05,1,0.0,0.0,0.033,3.27
2021-12-10 4:00,10.15,8.09,53.7,21.81,55.59,1.05,2,0.0,0.0,0.029,3.27
2021-12-10 5:00,10.45,8.09,51.8205,21.81,55.59,1.05,1,0.0,0.0,0.03,3.27
2021-12-10 6:00,10.15,8.08,55.7,21.81,55.59,1.05,1,0.0,0.0,0.0,3.27
2021-12-10 7:00,10.15,8.09,50.7,21.81,55.59,1.05,2,0.0,0.0,0.036,3.27
2021-12-10 8:00,10.14,8.1,53.7,21.81,55.54,1.04,1,0.0,0.0,0.039,3.27
2021-12-10 9:00,10.15,8.11,53.7,21.81,55.59,1.04,1,0.0,0.0,0.033,3.27
2021-12-10 10:00,10.18,8.11,53.68,21.78,55.72,1.04,1,0.0,0.0,0.031,3.27
2021-12-10 11:00,10.22,8.1,53.65,21.75,55.91,1.05,1,0.0,0.0,0.0,3.27
2021-12-10 12:00,10.04,8.08,55.61,21.69,56.28,1.06,1,0.0,0.0,0.0,3.27
2021-12-10 13:00,10.37,8.1,53.56,21.63,56.6,1.06,1,0.0,0.0,0.025,3.26
2021-12-10 14:00,10.58,8.12,53.43,21.47,57.58,1.07,1,0.0,0.0,0.025,3.25
2021-12-10 15:00,9.74,8.15,53.46,21.5,57.39,1.06,1,0.0,0.0,0.024,3.25
2021-12-11 4:00,10.48,8.15,55.5,21.54,57.11,1.05,1,0.0,0.0,0.027,3.25
2021-12-11 5:00,10.38,8.13,53.56,21.62,56.64,1.05,1,0.0,0.0,0.026,3.26
2021-12-11 6:00,10.42,8.12,58.883,21.59,56.83,1.06,2,0.0,0.0,0.026,3.26
2021-12-11 7:00,10.17,8.14,53.53,21.58,56.87,1.05,2,0.0,0.0,0.026,3.26
2021-12-11 8:00,10.42,8.13,51.65645,21.59,56.83,1.06,2,0.0,0.0,0.054,3.26
2021-12-11 9:00,10.46,8.12,55.51,21.56,57.02,1.06,2,0.0,0.0,0.03,3.26
2021-12-11 10:00,10.45,8.12,55.6504,21.57,56.97,1.06,1,0.0,0.0,0.027,3.26
2021-12-11 11:00,10.46,8.13,53.51,21.56,57.02,1.06,1,0.0,0.0,0.026,3.26
2021-12-11 12:00,10.5,8.11,53.48,21.53,57.21,1.07,1,0.0,0.0,0.026,3.25
2021-12-11 13:00,10.53,8.11,53.47,21.5,57.35,1.07,1,0.0,0.0,0.025,3.25
2021-12-11 14:00,10.55,8.1,53.45,21.49,57.44,1.08,1,0.0,0.0,0.027,3.25
2021-12-11 15:00,11.35,8.1,53.45,21.49,57.44,1.08,1,0.0,0.0,0.027,3.25
2021-12-11 16:00,10.58,8.09,53.43,21.47,57.58,1.09,1,0.0,0.0,0.033,3.25
2021-12-11 17:00,10.57,8.11,55.5776,21.47,57.53,1.08,1,0.0,0.0,0.033,3.25
2021-12-12 3:00,10.47,8.15,53.5,21.55,57.06,1.05,1,0.0,0.0,0.027,3.25
2021-12-12 4:00,10.44,8.13,55.52,21.58,56.92,1.06,1,0.0,0.0,0.025,3.26
2021-12-12 5:00,10.46,8.12,53.51,21.56,57.02,1.06,1,0.0,0.0,0.028,3.26
2021-12-12 6:00,11.11,8.12,51.5,21.54,57.11,1.06,1,0.0,0.0,0.019,3.25
2021-12-12 7:00,10.45,8.11,53.51,21.57,56.97,1.07,2,0.0,0.0,0.03,3.26
2021-12-12 8:00,10.46,8.11,53.51,21.56,57.02,1.07,2,0.0,0.0,0.03,3.26
2021-12-12 9:00,10.48,8.11,53.5,21.54,57.11,1.07,2,0.0,0.0,0.028,3.25
2021-12-12 10:00,10.46,8.11,53.51,21.56,57.02,1.07,2,0.0,0.0,0.03,3.26
2021-12-12 11:00,10.44,8.12,53.52,21.58,56.92,1.06,1,0.0,0.0,0.029,3.26
2021-12-12 12:00,10.41,8.15,53.58,21.6,56.76,1.05,1,0.0,0.0,0.028,3.26
2021-12-13 7:00,9.3,8.14,54.24,22.5,51.83,0.95,1,0.0,0.0,0.024,3.33
2021-12-13 8:00,9.24,8.15,56.4512,22.55,51.57,0.95,1,0.0,0.0,0.024,3.33
2021-12-13 10:00,9.19,8.13,54.31,22.59,51.36,0.95,2,0.0,0.0,0.033,3.33
2021-12-13 11:00,10.2,8.12,54.26,22.53,51.7,0.96,2,0.0,0.0,0.027,3.33
2021-12-13 12:00,10.06,8.13,54.12,22.34,52.65,0.97,1,0.0,0.0,0.025,3.31
2021-12-13 13:00,9.29,8.14,56.42,22.51,51.78,0.95,2,0.0,0.0,0.026,3.33
2021-12-13 14:00,9.39,8.13,54.18,22.43,52.21,0.97,2,0.0,0.0,0.026,3.32
2021-12-13 15:00,9.64,8.12,48.618,22.22,53.3,0.99,1,0.0,0.0,0.026,3.31
2021-12-13 16:00,9.84,8.12,53.89,22.05,54.19,1.01,1,0.0,0.0,0.025,3.29
2021-12-13 17:00,9.37,8.14,54.03,22.23,53.26,0.98,1,0.0,0.0,0.027,3.31
2021-12-13 18:00,9.51,8.14,54.1,22.33,52.73,0.97,1,0.0,0.0,0.03,3.31
2021-12-13 19:00,9.44,8.14,54.15,22.39,52.43,0.97,1,0.0,0.0,0.026,3.31
2021-12-13 20:00,9.09,8.14,59.631,22.46,52.04,0.96,1,0.0,0.0,0.025,3.33
2021-12-13 21:00,9.36,8.13,54.2,22.45,52.08,0.96,1,0.0,0.0,0.025,3.33
2021-12-13 22:00,9.36,8.13,54.2,22.45,52.08,0.96,1,0.0,0.0,0.028,3.33
2021-12-14 4:00,9.35,8.15,54.21,22.46,52.04,0.95,1,0.0,0.0,0.028,3.33
2021-12-14 5:00,9.3,8.14,52.3416,22.5,51.83,0.95,1,0.0,0.0,0.026,3.33
2021-12-14 6:00,9.32,8.13,54.23,22.49,51.92,0.96,1,0.0,0.0,0.029,3.33
2021-12-14 7:00,9.3,8.13,54.24,22.5,51.83,0.96,1,0.0,0.0,0.031,3.33
2021-12-14 8:00,8.48,8.11,54.25,22.52,51.75,0.96,1,0.0,0.0,0.0,3.33
2021-12-14 9:00,9.28,8.12,54.25,22.52,51.74,0.96,1,0.0,0.0,0.029,3.33
2021-12-14 10:00,9.26,8.13,54.27,22.54,51.66,0.95,1,0.0,0.0,0.026,3.33
2021-12-14 11:00,9.25,8.13,54.27,22.54,51.61,0.95,1,0.0,0.0,0.028,3.33
2021-12-14 12:00,9.33,8.14,54.22,22.48,51.96,0.96,1,0.0,0.0,0.025,3.33
2021-12-14 13:00,8.51,8.15,54.15,22.38,52.47,0.96,1,0.0,0.0,0.025,3.31
2021-12-14 16:00,9.36,8.15,54.2,22.45,52.08,0.96,1,0.0,0.0,0.027,3.33
2021-12-14 17:00,9.25,8.15,52.37055,22.54,51.61,0.95,1,0.0,0.0,0.034,3.33
2021-12-14 18:00,9.56,8.14,54.27,22.54,51.66,0.95,1,0.0,0.0,0.025,3.33
2021-12-14 19:00,9.05,8.13,52.50565,22.72,50.77,0.94,1,0.0,0.0,0.026,3.34
2021-12-14 20:00,9.33,8.11,54.22,22.48,51.96,0.97,1,0.0,0.0,0.025,3.33
2021-12-14 21:00,9.25,8.1,56.4408,22.54,51.62,0.96,1,0.0,0.0,0.023,3.33
2021-12-14 22:00,9.19,8.13,57.31,22.59,51.36,0.95,2,0.0,0.0,0.026,3.33
2021-12-14 23:00,9.12,8.14,54.36,22.66,51.07,0.94,2,0.0,0.0,0.027,3.33
2021-12-15 0:00,9.17,8.14,54.33,22.61,51.28,0.94,2,0.0,0.0,0.021,3.33
2021-12-15 6:00,9.14,8.14,54.35,22.64,51.15,0.94,2,0.0,0.0,0.026,3.33
2021-12-15 7:00,9.11,8.13,56.37,22.66,51.02,0.94,2,0.0,0.0,0.022,3.33
2021-12-15 8:00,9.11,8.12,54.37,22.66,51.03,0.95,2,0.0,0.0,0.024,3.33
2021-12-15 9:00,8.79,8.11,52.58,22.94,49.7,0.92,2,0.0,0.0,0.019,3.35
2021-12-15 10:00,8.87,8.08,54.53,22.87,50.03,0.94,2,0.0,0.0,0.022,3.35
2021-12-15 11:00,9.03,8.11,52.5153,22.73,50.69,0.94,2,0.0,0.0,0.023,3.35
2021-12-15 12:00,9.09,8.12,56.5552,22.68,50.94,0.94,2,0.0,0.0,0.021,3.34
2021-12-15 13:00,9.29,8.12,54.45,22.77,50.52,0.94,2,0.0,0.0,0.025,3.35
2021-12-15 14:00,9.08,8.12,54.39,22.69,50.9,0.94,2,0.0,0.0,0.022,3.34
2021-12-15 15:00,9.15,8.11,52.34,22.63,51.2,0.95,2,0.0,0.0,0.021,3.33
2021-12-15 16:00,9.34,8.11,54.22,22.47,52.0,0.97,2,0.0,0.0,0.023,3.33
2021-12-15 17:00,9.35,8.12,54.21,22.46,52.04,0.96,2,0.0,0.0,0.021,3.33
2021-12-15 18:00,9.36,8.11,52.2,22.45,52.09,0.97,2,0.0,0.0,0.021,3.33
2021-12-15 19:00,9.37,8.1,54.2,22.44,52.13,0.97,2,0.0,0.0,0.021,3.33
2021-12-15 20:00,9.37,8.1,48.78,22.44,52.13,0.97,2,0.0,0.0,0.021,3.33
2021-12-15 21:00,9.33,8.1,57.22,22.48,51.96,0.97,1,0.0,0.0,0.021,3.33
2021-12-15 22:00,9.31,8.09,54.23,22.49,51.88,0.97,2,0.0,0.0,0.023,3.33
2021-12-15 23:00,9.35,8.1,59.631,22.46,52.05,0.97,2,0.0,0.0,0.023,3.33
2021-12-16 0:00,10.24,8.13,54.23,22.49,51.87,0.96,2,0.0,0.0,0.024,3.33
2021-12-16 1:00,10.19,8.12,54.27,22.54,51.66,0.96,2,0.0,0.0,0.02,3.33
2021-12-16 2:00,9.29,8.12,54.25,22.51,51.79,0.96,2,0.0,0.0,0.024,3.33
2021-12-16 3:00,9.33,8.14,52.22,22.48,51.96,0.96,2,0.0,0.0,0.022,3.33
2021-12-16 4:00,9.23,8.14,54.29,22.56,51.53,0.95,2,0.0,0.0,0.02,3.33
2021-12-16 5:00,9.23,8.12,57.29,22.56,51.53,0.96,2,0.0,0.0,0.025,3.33
2021-12-16 6:00,9.29,8.1,56.42,22.51,51.79,0.97,2,0.0,0.0,0.02,3.33
2021-12-16 7:00,9.29,8.11,54.25,22.51,51.79,0.96,2,0.0,0.0,0.022,3.33
2021-12-16 8:00,9.26,8.08,54.27,22.54,51.66,0.97,2,0.0,0.0,0.024,3.33
2021-12-16 9:00,9.22,8.07,54.29,22.57,51.49,0.97,2,0.0,0.0,0.023,3.33
2021-12-16 10:00,9.32,8.08,48.807,22.49,51.92,0.98,2,0.0,0.0,0.023,3.33
